* This is the BiomeMobWeight report file that is output every time the server starts.
* 
* Spawn Balance Utility (SBU) will use this file ONLY if it is renamed to BiomeMobWeight.csv.
* Lines starting with '*' are comments and ignored
* When this file is read, SBU writes summary information to the log file.
* 
1, none, faded_conquest_2:abyss, MONSTER, alexsmobs:farseer, 5, 1, 1
2, none, faded_conquest_2:abyss, MONSTER, realmrpg_demons:chort, 1, 1, 3
3, none, faded_conquest_2:abyss, MONSTER, realmrpg_demons:demon, 8, 1, 3
4, none, faded_conquest_2:abyss, MONSTER, realmrpg_demons:demon_lord, 2, 1, 1
5, none, faded_conquest_2:abyss, MONSTER, the_awakening_of_the_elder_souls:golden_creeper, 1, 1, 1
6, none, faded_conquest_2:abyss, MONSTER, the_awakening_of_the_elder_souls:golden_witch, 1, 1, 1
7, none, faded_conquest_2:abyss, MONSTER, the_awakening_of_the_elder_souls:golden_zombie, 1, 1, 1
8, none, faded_conquest_2:abyss, MONSTER, realmrpg_demons:imp, 10, 1, 3
9, none, faded_conquest_2:abyss, MONSTER, realmrpg_demons:imp_guard, 8, 1, 3
10, none, faded_conquest_2:abyss, MONSTER, mowziesmobs:grottol, 2, 1, 1
11, none, faded_conquest_2:abyss, CREATURE, goblins_tyranny:wanderer_goblin, 1, 1, 1
12, none, faded_conquest_2:abyss, AMBIENT, goblins_tyranny:coal_cave_goblin, 1, 1, 1
13, none, faded_conquest_2:abyss, AMBIENT, goblins_tyranny:copper_cave_goblin, 1, 1, 1
14, none, faded_conquest_2:abyss, AMBIENT, goblins_tyranny:gold_cave_goblin, 1, 1, 1
15, none, faded_conquest_2:abyss, AMBIENT, goblins_tyranny:iron_cave_goblin, 1, 1, 1
16, ocean, alexscaves:abyssal_chasm, MONSTER, alexscaves:deep_one_mage, 2, 1, 1
17, ocean, alexscaves:abyssal_chasm, MONSTER, alexscaves:deep_one_knight, 4, 1, 1
18, ocean, alexscaves:abyssal_chasm, MONSTER, alexscaves:deep_one, 8, 1, 1
19, ocean, alexscaves:abyssal_chasm, MONSTER, minecraft:spider, 10, 4, 4
20, ocean, alexscaves:abyssal_chasm, MONSTER, minecraft:zombie, 10, 4, 4
21, ocean, alexscaves:abyssal_chasm, MONSTER, minecraft:zombie_villager, 5, 1, 1
22, ocean, alexscaves:abyssal_chasm, MONSTER, minecraft:skeleton, 10, 4, 4
23, ocean, alexscaves:abyssal_chasm, MONSTER, minecraft:creeper, 10, 4, 4
24, ocean, alexscaves:abyssal_chasm, MONSTER, minecraft:slime, 10, 4, 4
25, ocean, alexscaves:abyssal_chasm, MONSTER, minecraft:witch, 5, 1, 1
26, ocean, alexscaves:abyssal_chasm, MONSTER, minecraft:drowned, 2, 1, 1
27, ocean, alexscaves:abyssal_chasm, MONSTER, alexsmobs:farseer, 5, 1, 1
28, ocean, alexscaves:abyssal_chasm, MONSTER, cataclysm:deepling, 1, 1, 1
29, ocean, alexscaves:abyssal_chasm, MONSTER, cataclysm:deepling_angler, 1, 1, 1
30, ocean, alexscaves:abyssal_chasm, MONSTER, cataclysm:deepling_brute, 1, 1, 1
31, ocean, alexscaves:abyssal_chasm, MONSTER, cataclysm:deepling_priest, 1, 1, 1
32, ocean, alexscaves:abyssal_chasm, MONSTER, cataclysm:deepling_warlock, 1, 1, 1
33, ocean, alexscaves:abyssal_chasm, MONSTER, cataclysm:coral_golem, 1, 1, 1
34, ocean, alexscaves:abyssal_chasm, MONSTER, realmrpg_demons:chort, 1, 1, 3
35, ocean, alexscaves:abyssal_chasm, MONSTER, realmrpg_demons:demon, 8, 1, 3
36, ocean, alexscaves:abyssal_chasm, MONSTER, realmrpg_demons:demon_lord, 2, 1, 1
37, ocean, alexscaves:abyssal_chasm, MONSTER, the_awakening_of_the_elder_souls:golden_creeper, 1, 1, 1
38, ocean, alexscaves:abyssal_chasm, MONSTER, the_awakening_of_the_elder_souls:golden_witch, 1, 1, 1
39, ocean, alexscaves:abyssal_chasm, MONSTER, the_awakening_of_the_elder_souls:golden_zombie, 1, 1, 1
40, ocean, alexscaves:abyssal_chasm, MONSTER, realmrpg_demons:imp, 10, 1, 3
41, ocean, alexscaves:abyssal_chasm, MONSTER, realmrpg_demons:imp_guard, 8, 1, 3
42, ocean, alexscaves:abyssal_chasm, MONSTER, mowziesmobs:grottol, 2, 1, 1
43, ocean, alexscaves:abyssal_chasm, MONSTER, irons_spellbooks:necromancer, 1, 1, 1
44, ocean, alexscaves:abyssal_chasm, MONSTER, eidolon:wraith, 1, 1, 3
45, ocean, alexscaves:abyssal_chasm, MONSTER, eidolon:zombie_brute, 1, 1, 3
46, ocean, alexscaves:abyssal_chasm, CREATURE, valoria:goblin, 10, 1, 2
47, ocean, alexscaves:abyssal_chasm, CREATURE, goblins_tyranny:wanderer_goblin, 1, 1, 1
48, ocean, alexscaves:abyssal_chasm, AMBIENT, alexsmobs:fly, 5, 2, 3
49, ocean, alexscaves:abyssal_chasm, AMBIENT, goblins_tyranny:coal_cave_goblin, 1, 1, 1
50, ocean, alexscaves:abyssal_chasm, AMBIENT, goblins_tyranny:copper_cave_goblin, 1, 1, 1
51, ocean, alexscaves:abyssal_chasm, AMBIENT, goblins_tyranny:gold_cave_goblin, 1, 1, 1
52, ocean, alexscaves:abyssal_chasm, AMBIENT, goblins_tyranny:iron_cave_goblin, 1, 1, 1
53, ocean, alexscaves:abyssal_chasm, UNDERGROUND_WATER_CREATURE, minecraft:glow_squid, 10, 4, 6
54, ocean, alexscaves:abyssal_chasm, UNDERGROUND_WATER_CREATURE, alexscaves:hullbreaker, 10, 1, 1
55, ocean, alexscaves:abyssal_chasm, WATER_CREATURE, minecraft:squid, 1, 1, 4
56, ocean, alexscaves:abyssal_chasm, WATER_CREATURE, minecraft:dolphin, 1, 1, 2
57, ocean, alexscaves:abyssal_chasm, WATER_CREATURE, alexsmobs:cachalot_whale, 5, 1, 2
58, ocean, alexscaves:abyssal_chasm, WATER_CREATURE, alexsmobs:frilled_shark, 5, 1, 1
59, ocean, alexscaves:abyssal_chasm, WATER_CREATURE, alexsmobs:giant_squid, 5, 1, 2
60, ocean, alexscaves:abyssal_chasm, WATER_AMBIENT, alexscaves:lanternfish, 10, 15, 20
61, ocean, alexscaves:abyssal_chasm, WATER_AMBIENT, alexsmobs:blobfish, 5, 2, 2
62, ocean, alexscaves:abyssal_chasm, WATER_AMBIENT, alexsmobs:comb_jelly, 5, 2, 3
63, ocean, alexscaves:abyssal_chasm, WATER_AMBIENT, alexsmobs:devils_hole_pupfish, 5, 5, 12
64, ocean, alexscaves:abyssal_chasm, WATER_AMBIENT, alexsmobs:flying_fish, 5, 3, 6
65, ocean, alexscaves:abyssal_chasm, deep_sea_creature, alexscaves:tripodfish, 10, 1, 2
66, ocean, alexscaves:abyssal_chasm, deep_sea_creature, alexscaves:sea_pig, 10, 3, 4
67, ocean, alexscaves:abyssal_chasm, deep_sea_creature, alexscaves:gossamer_worm, 10, 1, 1
68, none, biomeswevegone:allium_shrubland, MONSTER, minecraft:spider, 10, 4, 4
69, none, biomeswevegone:allium_shrubland, MONSTER, minecraft:zombie, 10, 4, 4
70, none, biomeswevegone:allium_shrubland, MONSTER, minecraft:zombie_villager, 5, 1, 1
71, none, biomeswevegone:allium_shrubland, MONSTER, minecraft:skeleton, 10, 4, 4
72, none, biomeswevegone:allium_shrubland, MONSTER, minecraft:creeper, 10, 4, 4
73, none, biomeswevegone:allium_shrubland, MONSTER, minecraft:slime, 10, 4, 4
74, none, biomeswevegone:allium_shrubland, MONSTER, minecraft:enderman, 10, 1, 4
75, none, biomeswevegone:allium_shrubland, MONSTER, minecraft:witch, 5, 1, 1
76, none, biomeswevegone:allium_shrubland, MONSTER, alexsmobs:centipede_head, 5, 1, 1
77, none, biomeswevegone:allium_shrubland, MONSTER, alexsmobs:farseer, 5, 1, 1
78, none, biomeswevegone:allium_shrubland, MONSTER, alexsmobs:murmur, 5, 1, 1
79, none, biomeswevegone:allium_shrubland, MONSTER, realmrpg_demons:chort, 1, 1, 3
80, none, biomeswevegone:allium_shrubland, MONSTER, realmrpg_demons:demon, 8, 1, 3
81, none, biomeswevegone:allium_shrubland, MONSTER, realmrpg_demons:demon_lord, 2, 1, 1
82, none, biomeswevegone:allium_shrubland, MONSTER, the_awakening_of_the_elder_souls:golden_creeper, 1, 1, 1
83, none, biomeswevegone:allium_shrubland, MONSTER, the_awakening_of_the_elder_souls:golden_witch, 1, 1, 1
84, none, biomeswevegone:allium_shrubland, MONSTER, the_awakening_of_the_elder_souls:golden_zombie, 1, 1, 1
85, none, biomeswevegone:allium_shrubland, MONSTER, realmrpg_demons:imp, 10, 1, 3
86, none, biomeswevegone:allium_shrubland, MONSTER, realmrpg_demons:imp_guard, 8, 1, 3
87, none, biomeswevegone:allium_shrubland, MONSTER, mowziesmobs:grottol, 2, 1, 1
88, none, biomeswevegone:allium_shrubland, MONSTER, irons_spellbooks:necromancer, 1, 1, 1
89, none, biomeswevegone:allium_shrubland, MONSTER, eidolon:wraith, 1, 1, 3
90, none, biomeswevegone:allium_shrubland, MONSTER, eidolon:zombie_brute, 1, 1, 3
91, none, biomeswevegone:allium_shrubland, CREATURE, minecraft:sheep, 10, 4, 4
92, none, biomeswevegone:allium_shrubland, CREATURE, minecraft:pig, 10, 4, 4
93, none, biomeswevegone:allium_shrubland, CREATURE, minecraft:chicken, 10, 4, 4
94, none, biomeswevegone:allium_shrubland, CREATURE, minecraft:cow, 8, 4, 4
95, none, biomeswevegone:allium_shrubland, CREATURE, minecraft:horse, 5, 2, 6
96, none, biomeswevegone:allium_shrubland, CREATURE, minecraft:donkey, 1, 1, 3
97, none, biomeswevegone:allium_shrubland, CREATURE, valoria:goblin, 10, 1, 2
98, none, biomeswevegone:allium_shrubland, CREATURE, alexsmobs:raccoon, 5, 2, 4
99, none, biomeswevegone:allium_shrubland, CREATURE, alexsmobs:crow, 5, 3, 5
100, none, biomeswevegone:allium_shrubland, CREATURE, alexsmobs:bison, 5, 6, 10
101, none, biomeswevegone:allium_shrubland, CREATURE, goblins_tyranny:wanderer_goblin, 1, 1, 1
102, none, biomeswevegone:allium_shrubland, AMBIENT, minecraft:bat, 10, 8, 8
103, none, biomeswevegone:allium_shrubland, AMBIENT, biomeswevegone:oddion, 5, 2, 10
104, none, biomeswevegone:allium_shrubland, AMBIENT, alexsmobs:fly, 5, 2, 3
105, none, biomeswevegone:allium_shrubland, AMBIENT, alexsmobs:cockroach, 5, 5, 5
106, none, biomeswevegone:allium_shrubland, AMBIENT, goblins_tyranny:coal_cave_goblin, 1, 1, 1
107, none, biomeswevegone:allium_shrubland, AMBIENT, goblins_tyranny:copper_cave_goblin, 1, 1, 1
108, none, biomeswevegone:allium_shrubland, AMBIENT, goblins_tyranny:gold_cave_goblin, 1, 1, 1
109, none, biomeswevegone:allium_shrubland, AMBIENT, goblins_tyranny:iron_cave_goblin, 1, 1, 1
110, none, biomeswevegone:allium_shrubland, UNDERGROUND_WATER_CREATURE, minecraft:glow_squid, 10, 4, 6
111, none, biomeswevegone:allium_shrubland, WATER_AMBIENT, alexsmobs:devils_hole_pupfish, 5, 5, 12
112, none, biomeswevegone:amaranth_grassland, MONSTER, minecraft:spider, 10, 4, 4
113, none, biomeswevegone:amaranth_grassland, MONSTER, minecraft:zombie, 10, 4, 4
114, none, biomeswevegone:amaranth_grassland, MONSTER, minecraft:zombie_villager, 5, 1, 1
115, none, biomeswevegone:amaranth_grassland, MONSTER, minecraft:skeleton, 10, 4, 4
116, none, biomeswevegone:amaranth_grassland, MONSTER, minecraft:creeper, 10, 4, 4
117, none, biomeswevegone:amaranth_grassland, MONSTER, minecraft:slime, 10, 4, 4
118, none, biomeswevegone:amaranth_grassland, MONSTER, minecraft:enderman, 10, 1, 4
119, none, biomeswevegone:amaranth_grassland, MONSTER, minecraft:witch, 5, 1, 1
120, none, biomeswevegone:amaranth_grassland, MONSTER, alexsmobs:centipede_head, 5, 1, 1
121, none, biomeswevegone:amaranth_grassland, MONSTER, alexsmobs:farseer, 5, 1, 1
122, none, biomeswevegone:amaranth_grassland, MONSTER, alexsmobs:murmur, 5, 1, 1
123, none, biomeswevegone:amaranth_grassland, MONSTER, realmrpg_demons:chort, 1, 1, 3
124, none, biomeswevegone:amaranth_grassland, MONSTER, realmrpg_demons:demon, 8, 1, 3
125, none, biomeswevegone:amaranth_grassland, MONSTER, realmrpg_demons:demon_lord, 2, 1, 1
126, none, biomeswevegone:amaranth_grassland, MONSTER, the_awakening_of_the_elder_souls:golden_creeper, 1, 1, 1
127, none, biomeswevegone:amaranth_grassland, MONSTER, the_awakening_of_the_elder_souls:golden_witch, 1, 1, 1
128, none, biomeswevegone:amaranth_grassland, MONSTER, the_awakening_of_the_elder_souls:golden_zombie, 1, 1, 1
129, none, biomeswevegone:amaranth_grassland, MONSTER, realmrpg_demons:imp, 10, 1, 3
130, none, biomeswevegone:amaranth_grassland, MONSTER, realmrpg_demons:imp_guard, 8, 1, 3
131, none, biomeswevegone:amaranth_grassland, MONSTER, mowziesmobs:grottol, 2, 1, 1
132, none, biomeswevegone:amaranth_grassland, MONSTER, irons_spellbooks:necromancer, 1, 1, 1
133, none, biomeswevegone:amaranth_grassland, MONSTER, eidolon:wraith, 1, 1, 3
134, none, biomeswevegone:amaranth_grassland, MONSTER, eidolon:zombie_brute, 1, 1, 3
135, none, biomeswevegone:amaranth_grassland, CREATURE, minecraft:sheep, 10, 4, 4
136, none, biomeswevegone:amaranth_grassland, CREATURE, minecraft:pig, 10, 4, 4
137, none, biomeswevegone:amaranth_grassland, CREATURE, minecraft:chicken, 10, 4, 4
138, none, biomeswevegone:amaranth_grassland, CREATURE, minecraft:cow, 8, 4, 4
139, none, biomeswevegone:amaranth_grassland, CREATURE, minecraft:horse, 5, 2, 6
140, none, biomeswevegone:amaranth_grassland, CREATURE, minecraft:donkey, 1, 1, 3
141, none, biomeswevegone:amaranth_grassland, CREATURE, valoria:goblin, 10, 1, 2
142, none, biomeswevegone:amaranth_grassland, CREATURE, alexsmobs:raccoon, 5, 2, 4
143, none, biomeswevegone:amaranth_grassland, CREATURE, alexsmobs:crow, 5, 3, 5
144, none, biomeswevegone:amaranth_grassland, CREATURE, alexsmobs:bison, 5, 6, 10
145, none, biomeswevegone:amaranth_grassland, CREATURE, goblins_tyranny:wanderer_goblin, 1, 1, 1
146, none, biomeswevegone:amaranth_grassland, AMBIENT, minecraft:bat, 10, 8, 8
147, none, biomeswevegone:amaranth_grassland, AMBIENT, alexsmobs:fly, 5, 2, 3
148, none, biomeswevegone:amaranth_grassland, AMBIENT, alexsmobs:cockroach, 5, 5, 5
149, none, biomeswevegone:amaranth_grassland, AMBIENT, goblins_tyranny:coal_cave_goblin, 1, 1, 1
150, none, biomeswevegone:amaranth_grassland, AMBIENT, goblins_tyranny:copper_cave_goblin, 1, 1, 1
151, none, biomeswevegone:amaranth_grassland, AMBIENT, goblins_tyranny:gold_cave_goblin, 1, 1, 1
152, none, biomeswevegone:amaranth_grassland, AMBIENT, goblins_tyranny:iron_cave_goblin, 1, 1, 1
153, none, biomeswevegone:amaranth_grassland, UNDERGROUND_WATER_CREATURE, minecraft:glow_squid, 10, 4, 6
154, none, biomeswevegone:amaranth_grassland, WATER_AMBIENT, alexsmobs:devils_hole_pupfish, 5, 5, 12
155, the_end, betterend:amber_land, MONSTER, minecraft:enderman, 10, 1, 4
156, the_end, betterend:amber_land, MONSTER, betterend:end_slime, 10, 1, 2
157, the_end, betterend:amber_land, MONSTER, alexsmobs:farseer, 5, 1, 1
158, the_end, betterend:amber_land, MONSTER, realmrpg_demons:chort, 1, 1, 3
159, the_end, betterend:amber_land, MONSTER, realmrpg_demons:demon, 8, 1, 3
160, the_end, betterend:amber_land, MONSTER, realmrpg_demons:demon_lord, 2, 1, 1
161, the_end, betterend:amber_land, MONSTER, the_awakening_of_the_elder_souls:golden_creeper, 1, 1, 1
162, the_end, betterend:amber_land, MONSTER, the_awakening_of_the_elder_souls:golden_witch, 1, 1, 1
163, the_end, betterend:amber_land, MONSTER, the_awakening_of_the_elder_souls:golden_zombie, 1, 1, 1
164, the_end, betterend:amber_land, MONSTER, realmrpg_demons:imp, 10, 1, 3
165, the_end, betterend:amber_land, MONSTER, realmrpg_demons:imp_guard, 8, 1, 3
166, the_end, betterend:amber_land, MONSTER, mowziesmobs:grottol, 2, 1, 1
167, the_end, betterend:amber_land, CREATURE, alexsmobs:endergrade, 5, 2, 6
168, the_end, betterend:amber_land, CREATURE, alexsmobs:spectre, 5, 1, 2
169, the_end, betterend:amber_land, CREATURE, alexsmobs:enderiophage, 5, 2, 2
170, the_end, betterend:amber_land, CREATURE, alexsmobs:cosmaw, 5, 1, 2
171, the_end, betterend:amber_land, CREATURE, goblins_tyranny:wanderer_goblin, 1, 1, 1
172, the_end, betterend:amber_land, AMBIENT, alexsmobs:cosmic_cod, 5, 9, 13
173, the_end, betterend:amber_land, AMBIENT, goblins_tyranny:coal_cave_goblin, 1, 1, 1
174, the_end, betterend:amber_land, AMBIENT, goblins_tyranny:copper_cave_goblin, 1, 1, 1
175, the_end, betterend:amber_land, AMBIENT, goblins_tyranny:gold_cave_goblin, 1, 1, 1
176, the_end, betterend:amber_land, AMBIENT, goblins_tyranny:iron_cave_goblin, 1, 1, 1
177, savanna, biomeswevegone:araucaria_savanna, MONSTER, minecraft:spider, 10, 4, 4
178, savanna, biomeswevegone:araucaria_savanna, MONSTER, minecraft:zombie, 10, 4, 4
179, savanna, biomeswevegone:araucaria_savanna, MONSTER, minecraft:zombie_villager, 5, 1, 1
180, savanna, biomeswevegone:araucaria_savanna, MONSTER, minecraft:skeleton, 10, 4, 4
181, savanna, biomeswevegone:araucaria_savanna, MONSTER, minecraft:creeper, 10, 4, 4
182, savanna, biomeswevegone:araucaria_savanna, MONSTER, minecraft:slime, 10, 4, 4
183, savanna, biomeswevegone:araucaria_savanna, MONSTER, minecraft:enderman, 10, 1, 4
184, savanna, biomeswevegone:araucaria_savanna, MONSTER, minecraft:witch, 5, 1, 1
185, savanna, biomeswevegone:araucaria_savanna, MONSTER, alexsmobs:centipede_head, 5, 1, 1
186, savanna, biomeswevegone:araucaria_savanna, MONSTER, alexsmobs:farseer, 5, 1, 1
187, savanna, biomeswevegone:araucaria_savanna, MONSTER, alexsmobs:murmur, 5, 1, 1
188, savanna, biomeswevegone:araucaria_savanna, MONSTER, realmrpg_demons:chort, 1, 1, 3
189, savanna, biomeswevegone:araucaria_savanna, MONSTER, realmrpg_demons:demon, 8, 1, 3
190, savanna, biomeswevegone:araucaria_savanna, MONSTER, realmrpg_demons:demon_lord, 2, 1, 1
191, savanna, biomeswevegone:araucaria_savanna, MONSTER, the_awakening_of_the_elder_souls:golden_creeper, 1, 1, 1
192, savanna, biomeswevegone:araucaria_savanna, MONSTER, the_awakening_of_the_elder_souls:golden_witch, 1, 1, 1
193, savanna, biomeswevegone:araucaria_savanna, MONSTER, the_awakening_of_the_elder_souls:golden_zombie, 1, 1, 1
194, savanna, biomeswevegone:araucaria_savanna, MONSTER, realmrpg_demons:imp, 10, 1, 3
195, savanna, biomeswevegone:araucaria_savanna, MONSTER, realmrpg_demons:imp_guard, 8, 1, 3
196, savanna, biomeswevegone:araucaria_savanna, MONSTER, mowziesmobs:umvuthana_raptor, 5, 1, 1
197, savanna, biomeswevegone:araucaria_savanna, MONSTER, mowziesmobs:grottol, 2, 1, 1
198, savanna, biomeswevegone:araucaria_savanna, MONSTER, irons_spellbooks:necromancer, 1, 1, 1
199, savanna, biomeswevegone:araucaria_savanna, MONSTER, eidolon:wraith, 1, 1, 3
200, savanna, biomeswevegone:araucaria_savanna, MONSTER, eidolon:zombie_brute, 1, 1, 3
201, savanna, biomeswevegone:araucaria_savanna, CREATURE, minecraft:sheep, 10, 4, 4
202, savanna, biomeswevegone:araucaria_savanna, CREATURE, minecraft:pig, 10, 4, 4
203, savanna, biomeswevegone:araucaria_savanna, CREATURE, minecraft:chicken, 10, 4, 4
204, savanna, biomeswevegone:araucaria_savanna, CREATURE, minecraft:cow, 8, 4, 4
205, savanna, biomeswevegone:araucaria_savanna, CREATURE, minecraft:horse, 5, 2, 6
206, savanna, biomeswevegone:araucaria_savanna, CREATURE, minecraft:donkey, 1, 1, 3
207, savanna, biomeswevegone:araucaria_savanna, CREATURE, minecraft:llama, 1, 3, 4
208, savanna, biomeswevegone:araucaria_savanna, CREATURE, valoria:goblin, 10, 1, 2
209, savanna, biomeswevegone:araucaria_savanna, CREATURE, alexsmobs:gazelle, 5, 7, 7
210, savanna, biomeswevegone:araucaria_savanna, CREATURE, alexsmobs:elephant, 5, 3, 5
211, savanna, biomeswevegone:araucaria_savanna, CREATURE, alexsmobs:emu, 5, 2, 5
212, savanna, biomeswevegone:araucaria_savanna, CREATURE, alexsmobs:kangaroo, 5, 3, 5
213, savanna, biomeswevegone:araucaria_savanna, CREATURE, alexsmobs:maned_wolf, 5, 1, 1
214, savanna, biomeswevegone:araucaria_savanna, CREATURE, alexsmobs:rhinoceros, 5, 3, 5
215, savanna, biomeswevegone:araucaria_savanna, CREATURE, iceandfire:cockatrice, 10, 1, 2
216, savanna, biomeswevegone:araucaria_savanna, CREATURE, goblins_tyranny:wanderer_goblin, 1, 1, 1
217, savanna, biomeswevegone:araucaria_savanna, AMBIENT, minecraft:bat, 10, 8, 8
218, savanna, biomeswevegone:araucaria_savanna, AMBIENT, alexsmobs:fly, 5, 2, 3
219, savanna, biomeswevegone:araucaria_savanna, AMBIENT, alexsmobs:cockroach, 5, 5, 5
220, savanna, biomeswevegone:araucaria_savanna, AMBIENT, goblins_tyranny:coal_cave_goblin, 1, 1, 1
221, savanna, biomeswevegone:araucaria_savanna, AMBIENT, goblins_tyranny:copper_cave_goblin, 1, 1, 1
222, savanna, biomeswevegone:araucaria_savanna, AMBIENT, goblins_tyranny:gold_cave_goblin, 1, 1, 1
223, savanna, biomeswevegone:araucaria_savanna, AMBIENT, goblins_tyranny:iron_cave_goblin, 1, 1, 1
224, savanna, biomeswevegone:araucaria_savanna, UNDERGROUND_WATER_CREATURE, minecraft:glow_squid, 10, 4, 6
225, savanna, biomeswevegone:araucaria_savanna, WATER_AMBIENT, alexsmobs:devils_hole_pupfish, 5, 5, 12
226, forest, biomeswevegone:aspen_boreal, MONSTER, minecraft:spider, 10, 4, 4
227, forest, biomeswevegone:aspen_boreal, MONSTER, minecraft:zombie, 10, 4, 4
228, forest, biomeswevegone:aspen_boreal, MONSTER, minecraft:zombie_villager, 5, 1, 1
229, forest, biomeswevegone:aspen_boreal, MONSTER, minecraft:skeleton, 10, 4, 4
230, forest, biomeswevegone:aspen_boreal, MONSTER, minecraft:creeper, 10, 4, 4
231, forest, biomeswevegone:aspen_boreal, MONSTER, minecraft:slime, 10, 4, 4
232, forest, biomeswevegone:aspen_boreal, MONSTER, minecraft:enderman, 10, 1, 4
233, forest, biomeswevegone:aspen_boreal, MONSTER, minecraft:witch, 5, 1, 1
234, forest, biomeswevegone:aspen_boreal, MONSTER, alexsmobs:centipede_head, 5, 1, 1
235, forest, biomeswevegone:aspen_boreal, MONSTER, alexsmobs:farseer, 5, 1, 1
236, forest, biomeswevegone:aspen_boreal, MONSTER, alexsmobs:murmur, 5, 1, 1
237, forest, biomeswevegone:aspen_boreal, MONSTER, realmrpg_demons:chort, 1, 1, 3
238, forest, biomeswevegone:aspen_boreal, MONSTER, realmrpg_demons:demon, 8, 1, 3
239, forest, biomeswevegone:aspen_boreal, MONSTER, realmrpg_demons:demon_lord, 2, 1, 1
240, forest, biomeswevegone:aspen_boreal, MONSTER, the_awakening_of_the_elder_souls:golden_creeper, 1, 1, 1
241, forest, biomeswevegone:aspen_boreal, MONSTER, the_awakening_of_the_elder_souls:golden_witch, 1, 1, 1
242, forest, biomeswevegone:aspen_boreal, MONSTER, the_awakening_of_the_elder_souls:golden_zombie, 1, 1, 1
243, forest, biomeswevegone:aspen_boreal, MONSTER, iceandfire:troll, 10, 1, 3
244, forest, biomeswevegone:aspen_boreal, MONSTER, realmrpg_demons:imp, 10, 1, 3
245, forest, biomeswevegone:aspen_boreal, MONSTER, realmrpg_demons:imp_guard, 8, 1, 3
246, forest, biomeswevegone:aspen_boreal, MONSTER, mowziesmobs:grottol, 2, 1, 1
247, forest, biomeswevegone:aspen_boreal, MONSTER, irons_spellbooks:necromancer, 1, 1, 1
248, forest, biomeswevegone:aspen_boreal, MONSTER, eidolon:wraith, 1, 1, 3
249, forest, biomeswevegone:aspen_boreal, MONSTER, eidolon:zombie_brute, 1, 1, 3
250, forest, biomeswevegone:aspen_boreal, CREATURE, minecraft:sheep, 10, 4, 4
251, forest, biomeswevegone:aspen_boreal, CREATURE, minecraft:pig, 10, 4, 4
252, forest, biomeswevegone:aspen_boreal, CREATURE, minecraft:chicken, 10, 4, 4
253, forest, biomeswevegone:aspen_boreal, CREATURE, minecraft:cow, 8, 4, 4
254, forest, biomeswevegone:aspen_boreal, CREATURE, minecraft:wolf, 8, 4, 4
255, forest, biomeswevegone:aspen_boreal, CREATURE, minecraft:rabbit, 4, 2, 3
256, forest, biomeswevegone:aspen_boreal, CREATURE, minecraft:fox, 8, 2, 4
257, forest, biomeswevegone:aspen_boreal, CREATURE, valoria:goblin, 10, 1, 2
258, forest, biomeswevegone:aspen_boreal, CREATURE, alexsmobs:grizzly_bear, 5, 2, 3
259, forest, biomeswevegone:aspen_boreal, CREATURE, alexsmobs:raccoon, 5, 2, 4
260, forest, biomeswevegone:aspen_boreal, CREATURE, alexsmobs:crow, 5, 3, 5
261, forest, biomeswevegone:aspen_boreal, CREATURE, alexsmobs:tasmanian_devil, 5, 1, 2
262, forest, biomeswevegone:aspen_boreal, CREATURE, alexsmobs:skunk, 5, 1, 2
263, forest, biomeswevegone:aspen_boreal, CREATURE, alexsmobs:blue_jay, 5, 2, 4
264, forest, biomeswevegone:aspen_boreal, CREATURE, eidolon:raven, 1, 2, 4
265, forest, biomeswevegone:aspen_boreal, CREATURE, eidolon:slimy_slug, 1, 2, 5
266, forest, biomeswevegone:aspen_boreal, CREATURE, goblins_tyranny:wanderer_goblin, 1, 1, 1
267, forest, biomeswevegone:aspen_boreal, AMBIENT, minecraft:bat, 10, 8, 8
268, forest, biomeswevegone:aspen_boreal, AMBIENT, alexsmobs:fly, 5, 2, 3
269, forest, biomeswevegone:aspen_boreal, AMBIENT, alexsmobs:cockroach, 5, 5, 5
270, forest, biomeswevegone:aspen_boreal, AMBIENT, goblins_tyranny:coal_cave_goblin, 1, 1, 1
271, forest, biomeswevegone:aspen_boreal, AMBIENT, goblins_tyranny:copper_cave_goblin, 1, 1, 1
272, forest, biomeswevegone:aspen_boreal, AMBIENT, goblins_tyranny:gold_cave_goblin, 1, 1, 1
273, forest, biomeswevegone:aspen_boreal, AMBIENT, goblins_tyranny:iron_cave_goblin, 1, 1, 1
274, forest, biomeswevegone:aspen_boreal, UNDERGROUND_WATER_CREATURE, minecraft:glow_squid, 10, 4, 6
275, forest, biomeswevegone:aspen_boreal, WATER_AMBIENT, alexsmobs:devils_hole_pupfish, 5, 5, 12
276, none, biomeswevegone:atacama_outback, MONSTER, minecraft:spider, 10, 4, 4
277, none, biomeswevegone:atacama_outback, MONSTER, minecraft:zombie, 10, 4, 4
278, none, biomeswevegone:atacama_outback, MONSTER, minecraft:zombie_villager, 1, 1, 1
279, none, biomeswevegone:atacama_outback, MONSTER, minecraft:skeleton, 10, 4, 4
280, none, biomeswevegone:atacama_outback, MONSTER, minecraft:creeper, 10, 4, 4
281, none, biomeswevegone:atacama_outback, MONSTER, minecraft:slime, 10, 4, 4
282, none, biomeswevegone:atacama_outback, MONSTER, minecraft:enderman, 10, 1, 4
283, none, biomeswevegone:atacama_outback, MONSTER, minecraft:witch, 5, 1, 1
284, none, biomeswevegone:atacama_outback, MONSTER, minecraft:husk, 10, 4, 4
285, none, biomeswevegone:atacama_outback, MONSTER, alexsmobs:centipede_head, 5, 1, 1
286, none, biomeswevegone:atacama_outback, MONSTER, alexsmobs:guster, 5, 1, 2
287, none, biomeswevegone:atacama_outback, MONSTER, alexsmobs:farseer, 5, 1, 1
288, none, biomeswevegone:atacama_outback, MONSTER, alexsmobs:murmur, 5, 1, 1
289, none, biomeswevegone:atacama_outback, MONSTER, cataclysm:koboleton, 1, 1, 2
290, none, biomeswevegone:atacama_outback, MONSTER, realmrpg_demons:chort, 1, 1, 3
291, none, biomeswevegone:atacama_outback, MONSTER, realmrpg_demons:demon, 8, 1, 3
292, none, biomeswevegone:atacama_outback, MONSTER, realmrpg_demons:demon_lord, 2, 1, 1
293, none, biomeswevegone:atacama_outback, MONSTER, the_awakening_of_the_elder_souls:golden_creeper, 1, 1, 1
294, none, biomeswevegone:atacama_outback, MONSTER, the_awakening_of_the_elder_souls:golden_witch, 1, 1, 1
295, none, biomeswevegone:atacama_outback, MONSTER, the_awakening_of_the_elder_souls:golden_zombie, 1, 1, 1
296, none, biomeswevegone:atacama_outback, MONSTER, realmrpg_demons:imp, 10, 1, 3
297, none, biomeswevegone:atacama_outback, MONSTER, realmrpg_demons:imp_guard, 8, 1, 3
298, none, biomeswevegone:atacama_outback, MONSTER, mowziesmobs:grottol, 2, 1, 1
299, none, biomeswevegone:atacama_outback, MONSTER, irons_spellbooks:necromancer, 1, 1, 1
300, none, biomeswevegone:atacama_outback, MONSTER, eidolon:wraith, 1, 1, 3
301, none, biomeswevegone:atacama_outback, MONSTER, eidolon:zombie_brute, 1, 1, 3
302, none, biomeswevegone:atacama_outback, CREATURE, minecraft:rabbit, 4, 2, 3
303, none, biomeswevegone:atacama_outback, CREATURE, valoria:goblin, 10, 1, 2
304, none, biomeswevegone:atacama_outback, CREATURE, alexsmobs:roadrunner, 5, 2, 2
305, none, biomeswevegone:atacama_outback, CREATURE, alexsmobs:rattlesnake, 5, 1, 2
306, none, biomeswevegone:atacama_outback, CREATURE, alexsmobs:tarantula_hawk, 5, 1, 1
307, none, biomeswevegone:atacama_outback, CREATURE, goblins_tyranny:wanderer_goblin, 1, 1, 1
308, none, biomeswevegone:atacama_outback, AMBIENT, minecraft:bat, 10, 8, 8
309, none, biomeswevegone:atacama_outback, AMBIENT, alexsmobs:fly, 5, 2, 3
310, none, biomeswevegone:atacama_outback, AMBIENT, alexsmobs:cockroach, 5, 5, 5
311, none, biomeswevegone:atacama_outback, AMBIENT, alexsmobs:jerboa, 5, 1, 3
312, none, biomeswevegone:atacama_outback, AMBIENT, alexsmobs:rain_frog, 5, 1, 3
313, none, biomeswevegone:atacama_outback, AMBIENT, goblins_tyranny:coal_cave_goblin, 1, 1, 1
314, none, biomeswevegone:atacama_outback, AMBIENT, goblins_tyranny:copper_cave_goblin, 1, 1, 1
315, none, biomeswevegone:atacama_outback, AMBIENT, goblins_tyranny:gold_cave_goblin, 1, 1, 1
316, none, biomeswevegone:atacama_outback, AMBIENT, goblins_tyranny:iron_cave_goblin, 1, 1, 1
317, none, biomeswevegone:atacama_outback, UNDERGROUND_WATER_CREATURE, minecraft:glow_squid, 10, 4, 6
318, none, biomeswevegone:atacama_outback, WATER_AMBIENT, alexsmobs:devils_hole_pupfish, 5, 5, 12
319, none, biomeswevegone:atacama_outback, WATER_AMBIENT, alexsmobs:triops, 5, 2, 6
320, badlands, minecraft:badlands, MONSTER, minecraft:spider, 10, 4, 4
321, badlands, minecraft:badlands, MONSTER, minecraft:zombie, 10, 4, 4
322, badlands, minecraft:badlands, MONSTER, minecraft:zombie_villager, 5, 1, 1
323, badlands, minecraft:badlands, MONSTER, minecraft:skeleton, 10, 4, 4
324, badlands, minecraft:badlands, MONSTER, minecraft:creeper, 10, 4, 4
325, badlands, minecraft:badlands, MONSTER, minecraft:slime, 10, 4, 4
326, badlands, minecraft:badlands, MONSTER, minecraft:enderman, 10, 1, 4
327, badlands, minecraft:badlands, MONSTER, minecraft:witch, 5, 1, 1
328, badlands, minecraft:badlands, MONSTER, alexsmobs:centipede_head, 5, 1, 1
329, badlands, minecraft:badlands, MONSTER, alexsmobs:farseer, 5, 1, 1
330, badlands, minecraft:badlands, MONSTER, alexsmobs:murmur, 5, 1, 1
331, badlands, minecraft:badlands, MONSTER, realmrpg_demons:chort, 1, 1, 3
332, badlands, minecraft:badlands, MONSTER, realmrpg_demons:demon, 8, 1, 3
333, badlands, minecraft:badlands, MONSTER, realmrpg_demons:demon_lord, 2, 1, 1
334, badlands, minecraft:badlands, MONSTER, mythicmobs:chupacabra, 5, 1, 1
335, badlands, minecraft:badlands, MONSTER, the_awakening_of_the_elder_souls:golden_creeper, 1, 1, 1
336, badlands, minecraft:badlands, MONSTER, the_awakening_of_the_elder_souls:golden_witch, 1, 1, 1
337, badlands, minecraft:badlands, MONSTER, the_awakening_of_the_elder_souls:golden_zombie, 1, 1, 1
338, badlands, minecraft:badlands, MONSTER, realmrpg_demons:imp, 10, 1, 3
339, badlands, minecraft:badlands, MONSTER, realmrpg_demons:imp_guard, 8, 1, 3
340, badlands, minecraft:badlands, MONSTER, mowziesmobs:grottol, 2, 1, 1
341, badlands, minecraft:badlands, MONSTER, irons_spellbooks:necromancer, 1, 1, 1
342, badlands, minecraft:badlands, MONSTER, eidolon:wraith, 1, 1, 3
343, badlands, minecraft:badlands, MONSTER, eidolon:zombie_brute, 1, 1, 3
344, badlands, minecraft:badlands, CREATURE, valoria:goblin, 10, 1, 2
345, badlands, minecraft:badlands, CREATURE, alexsmobs:roadrunner, 5, 2, 2
346, badlands, minecraft:badlands, CREATURE, alexsmobs:rattlesnake, 5, 1, 2
347, badlands, minecraft:badlands, CREATURE, alexsmobs:emu, 5, 2, 5
348, badlands, minecraft:badlands, CREATURE, alexsmobs:kangaroo, 5, 3, 5
349, badlands, minecraft:badlands, CREATURE, mythicmobs:drake, 5, 1, 4
350, badlands, minecraft:badlands, CREATURE, mythicmobs:kobold, 5, 3, 6
351, badlands, minecraft:badlands, CREATURE, mythicmobs:kobold_warrior, 5, 1, 3
352, badlands, minecraft:badlands, CREATURE, mythicmobs:mushroom_thing, 5, 3, 5
353, badlands, minecraft:badlands, CREATURE, iceandfire:hippogryph, 1, 1, 1
354, badlands, minecraft:badlands, CREATURE, goblins_tyranny:wanderer_goblin, 1, 1, 1
355, badlands, minecraft:badlands, AMBIENT, minecraft:bat, 10, 8, 8
356, badlands, minecraft:badlands, AMBIENT, alexsmobs:fly, 5, 2, 3
357, badlands, minecraft:badlands, AMBIENT, alexsmobs:cockroach, 5, 5, 5
358, badlands, minecraft:badlands, AMBIENT, goblins_tyranny:coal_cave_goblin, 1, 1, 1
359, badlands, minecraft:badlands, AMBIENT, goblins_tyranny:copper_cave_goblin, 1, 1, 1
360, badlands, minecraft:badlands, AMBIENT, goblins_tyranny:gold_cave_goblin, 1, 1, 1
361, badlands, minecraft:badlands, AMBIENT, goblins_tyranny:iron_cave_goblin, 1, 1, 1
362, badlands, minecraft:badlands, UNDERGROUND_WATER_CREATURE, minecraft:glow_squid, 10, 4, 6
363, badlands, minecraft:badlands, WATER_AMBIENT, alexsmobs:devils_hole_pupfish, 5, 5, 12
364, jungle, minecraft:bamboo_jungle, MONSTER, minecraft:spider, 10, 4, 4
365, jungle, minecraft:bamboo_jungle, MONSTER, minecraft:zombie, 10, 4, 4
366, jungle, minecraft:bamboo_jungle, MONSTER, minecraft:zombie_villager, 5, 1, 1
367, jungle, minecraft:bamboo_jungle, MONSTER, minecraft:skeleton, 10, 4, 4
368, jungle, minecraft:bamboo_jungle, MONSTER, minecraft:creeper, 10, 4, 4
369, jungle, minecraft:bamboo_jungle, MONSTER, minecraft:slime, 10, 4, 4
370, jungle, minecraft:bamboo_jungle, MONSTER, minecraft:enderman, 10, 1, 4
371, jungle, minecraft:bamboo_jungle, MONSTER, minecraft:witch, 5, 1, 1
372, jungle, minecraft:bamboo_jungle, MONSTER, minecraft:ocelot, 2, 1, 1
373, jungle, minecraft:bamboo_jungle, MONSTER, alexsmobs:centipede_head, 5, 1, 1
374, jungle, minecraft:bamboo_jungle, MONSTER, alexsmobs:farseer, 5, 1, 1
375, jungle, minecraft:bamboo_jungle, MONSTER, alexsmobs:murmur, 5, 1, 1
376, jungle, minecraft:bamboo_jungle, MONSTER, realmrpg_demons:chort, 1, 1, 3
377, jungle, minecraft:bamboo_jungle, MONSTER, realmrpg_demons:demon, 8, 1, 3
378, jungle, minecraft:bamboo_jungle, MONSTER, realmrpg_demons:demon_lord, 2, 1, 1
379, jungle, minecraft:bamboo_jungle, MONSTER, mythicmobs:chupacabra, 5, 1, 1
380, jungle, minecraft:bamboo_jungle, MONSTER, the_awakening_of_the_elder_souls:golden_creeper, 1, 1, 1
381, jungle, minecraft:bamboo_jungle, MONSTER, the_awakening_of_the_elder_souls:golden_witch, 1, 1, 1
382, jungle, minecraft:bamboo_jungle, MONSTER, the_awakening_of_the_elder_souls:golden_zombie, 1, 1, 1
383, jungle, minecraft:bamboo_jungle, MONSTER, realmrpg_demons:imp, 10, 1, 3
384, jungle, minecraft:bamboo_jungle, MONSTER, realmrpg_demons:imp_guard, 8, 1, 3
385, jungle, minecraft:bamboo_jungle, MONSTER, mowziesmobs:foliaath, 10, 1, 4
386, jungle, minecraft:bamboo_jungle, MONSTER, mowziesmobs:grottol, 2, 1, 1
387, jungle, minecraft:bamboo_jungle, MONSTER, irons_spellbooks:necromancer, 1, 1, 1
388, jungle, minecraft:bamboo_jungle, MONSTER, eidolon:wraith, 1, 1, 3
389, jungle, minecraft:bamboo_jungle, MONSTER, eidolon:zombie_brute, 1, 1, 3
390, jungle, minecraft:bamboo_jungle, CREATURE, minecraft:sheep, 10, 4, 4
391, jungle, minecraft:bamboo_jungle, CREATURE, minecraft:pig, 10, 4, 4
392, jungle, minecraft:bamboo_jungle, CREATURE, minecraft:chicken, 10, 4, 4
393, jungle, minecraft:bamboo_jungle, CREATURE, minecraft:cow, 8, 4, 4
394, jungle, minecraft:bamboo_jungle, CREATURE, minecraft:chicken, 10, 4, 4
395, jungle, minecraft:bamboo_jungle, CREATURE, minecraft:parrot, 10, 1, 2
396, jungle, minecraft:bamboo_jungle, CREATURE, minecraft:panda, 10, 1, 2
397, jungle, minecraft:bamboo_jungle, CREATURE, valoria:goblin, 10, 1, 2
398, jungle, minecraft:bamboo_jungle, CREATURE, alexsmobs:hummingbird, 5, 7, 7
399, jungle, minecraft:bamboo_jungle, CREATURE, alexsmobs:komodo_dragon, 5, 1, 2
400, jungle, minecraft:bamboo_jungle, CREATURE, alexsmobs:tiger, 5, 1, 3
401, jungle, minecraft:bamboo_jungle, CREATURE, mythicmobs:drake, 5, 1, 4
402, jungle, minecraft:bamboo_jungle, CREATURE, mythicmobs:kobold, 5, 3, 6
403, jungle, minecraft:bamboo_jungle, CREATURE, mythicmobs:kobold_warrior, 5, 1, 3
404, jungle, minecraft:bamboo_jungle, CREATURE, mythicmobs:mushroom_thing, 5, 3, 5
405, jungle, minecraft:bamboo_jungle, CREATURE, iceandfire:amphithere, 10, 1, 3
406, jungle, minecraft:bamboo_jungle, CREATURE, eidolon:slimy_slug, 1, 2, 3
407, jungle, minecraft:bamboo_jungle, CREATURE, eidolon:slimy_slug, 1, 2, 5
408, jungle, minecraft:bamboo_jungle, CREATURE, goblins_tyranny:wanderer_goblin, 1, 1, 1
409, jungle, minecraft:bamboo_jungle, AMBIENT, minecraft:bat, 10, 8, 8
410, jungle, minecraft:bamboo_jungle, AMBIENT, alexsmobs:fly, 5, 2, 3
411, jungle, minecraft:bamboo_jungle, AMBIENT, alexsmobs:cockroach, 5, 5, 5
412, jungle, minecraft:bamboo_jungle, AMBIENT, goblins_tyranny:coal_cave_goblin, 1, 1, 1
413, jungle, minecraft:bamboo_jungle, AMBIENT, goblins_tyranny:copper_cave_goblin, 1, 1, 1
414, jungle, minecraft:bamboo_jungle, AMBIENT, goblins_tyranny:gold_cave_goblin, 1, 1, 1
415, jungle, minecraft:bamboo_jungle, AMBIENT, goblins_tyranny:iron_cave_goblin, 1, 1, 1
416, jungle, minecraft:bamboo_jungle, UNDERGROUND_WATER_CREATURE, minecraft:glow_squid, 10, 4, 6
417, jungle, minecraft:bamboo_jungle, WATER_AMBIENT, alexsmobs:devils_hole_pupfish, 5, 5, 12
418, savanna, biomeswevegone:baobab_savanna, MONSTER, minecraft:spider, 10, 4, 4
419, savanna, biomeswevegone:baobab_savanna, MONSTER, minecraft:zombie, 10, 4, 4
420, savanna, biomeswevegone:baobab_savanna, MONSTER, minecraft:zombie_villager, 5, 1, 1
421, savanna, biomeswevegone:baobab_savanna, MONSTER, minecraft:skeleton, 10, 4, 4
422, savanna, biomeswevegone:baobab_savanna, MONSTER, minecraft:creeper, 10, 4, 4
423, savanna, biomeswevegone:baobab_savanna, MONSTER, minecraft:slime, 10, 4, 4
424, savanna, biomeswevegone:baobab_savanna, MONSTER, minecraft:enderman, 10, 1, 4
425, savanna, biomeswevegone:baobab_savanna, MONSTER, minecraft:witch, 5, 1, 1
426, savanna, biomeswevegone:baobab_savanna, MONSTER, alexsmobs:centipede_head, 5, 1, 1
427, savanna, biomeswevegone:baobab_savanna, MONSTER, alexsmobs:farseer, 5, 1, 1
428, savanna, biomeswevegone:baobab_savanna, MONSTER, alexsmobs:murmur, 5, 1, 1
429, savanna, biomeswevegone:baobab_savanna, MONSTER, realmrpg_demons:chort, 1, 1, 3
430, savanna, biomeswevegone:baobab_savanna, MONSTER, realmrpg_demons:demon, 8, 1, 3
431, savanna, biomeswevegone:baobab_savanna, MONSTER, realmrpg_demons:demon_lord, 2, 1, 1
432, savanna, biomeswevegone:baobab_savanna, MONSTER, the_awakening_of_the_elder_souls:golden_creeper, 1, 1, 1
433, savanna, biomeswevegone:baobab_savanna, MONSTER, the_awakening_of_the_elder_souls:golden_witch, 1, 1, 1
434, savanna, biomeswevegone:baobab_savanna, MONSTER, the_awakening_of_the_elder_souls:golden_zombie, 1, 1, 1
435, savanna, biomeswevegone:baobab_savanna, MONSTER, realmrpg_demons:imp, 10, 1, 3
436, savanna, biomeswevegone:baobab_savanna, MONSTER, realmrpg_demons:imp_guard, 8, 1, 3
437, savanna, biomeswevegone:baobab_savanna, MONSTER, mowziesmobs:umvuthana_raptor, 5, 1, 1
438, savanna, biomeswevegone:baobab_savanna, MONSTER, mowziesmobs:grottol, 2, 1, 1
439, savanna, biomeswevegone:baobab_savanna, MONSTER, irons_spellbooks:necromancer, 1, 1, 1
440, savanna, biomeswevegone:baobab_savanna, MONSTER, eidolon:wraith, 1, 1, 3
441, savanna, biomeswevegone:baobab_savanna, MONSTER, eidolon:zombie_brute, 1, 1, 3
442, savanna, biomeswevegone:baobab_savanna, CREATURE, minecraft:sheep, 10, 4, 4
443, savanna, biomeswevegone:baobab_savanna, CREATURE, minecraft:pig, 10, 4, 4
444, savanna, biomeswevegone:baobab_savanna, CREATURE, minecraft:chicken, 10, 4, 4
445, savanna, biomeswevegone:baobab_savanna, CREATURE, minecraft:cow, 8, 4, 4
446, savanna, biomeswevegone:baobab_savanna, CREATURE, minecraft:horse, 1, 2, 6
447, savanna, biomeswevegone:baobab_savanna, CREATURE, minecraft:donkey, 1, 1, 1
448, savanna, biomeswevegone:baobab_savanna, CREATURE, minecraft:llama, 1, 3, 4
449, savanna, biomeswevegone:baobab_savanna, CREATURE, valoria:goblin, 10, 1, 2
450, savanna, biomeswevegone:baobab_savanna, CREATURE, alexsmobs:gazelle, 5, 7, 7
451, savanna, biomeswevegone:baobab_savanna, CREATURE, alexsmobs:elephant, 5, 3, 5
452, savanna, biomeswevegone:baobab_savanna, CREATURE, alexsmobs:emu, 5, 2, 5
453, savanna, biomeswevegone:baobab_savanna, CREATURE, alexsmobs:kangaroo, 5, 3, 5
454, savanna, biomeswevegone:baobab_savanna, CREATURE, alexsmobs:maned_wolf, 5, 1, 1
455, savanna, biomeswevegone:baobab_savanna, CREATURE, alexsmobs:rhinoceros, 5, 3, 5
456, savanna, biomeswevegone:baobab_savanna, CREATURE, iceandfire:cockatrice, 10, 1, 2
457, savanna, biomeswevegone:baobab_savanna, CREATURE, goblins_tyranny:wanderer_goblin, 1, 1, 1
458, savanna, biomeswevegone:baobab_savanna, AMBIENT, minecraft:bat, 10, 8, 8
459, savanna, biomeswevegone:baobab_savanna, AMBIENT, alexsmobs:fly, 5, 2, 3
460, savanna, biomeswevegone:baobab_savanna, AMBIENT, alexsmobs:cockroach, 5, 5, 5
461, savanna, biomeswevegone:baobab_savanna, AMBIENT, goblins_tyranny:coal_cave_goblin, 1, 1, 1
462, savanna, biomeswevegone:baobab_savanna, AMBIENT, goblins_tyranny:copper_cave_goblin, 1, 1, 1
463, savanna, biomeswevegone:baobab_savanna, AMBIENT, goblins_tyranny:gold_cave_goblin, 1, 1, 1
464, savanna, biomeswevegone:baobab_savanna, AMBIENT, goblins_tyranny:iron_cave_goblin, 1, 1, 1
465, savanna, biomeswevegone:baobab_savanna, UNDERGROUND_WATER_CREATURE, minecraft:glow_squid, 10, 4, 6
466, savanna, biomeswevegone:baobab_savanna, WATER_AMBIENT, alexsmobs:devils_hole_pupfish, 5, 5, 12
467, beach, biomeswevegone:basalt_barrera, MONSTER, minecraft:spider, 10, 4, 4
468, beach, biomeswevegone:basalt_barrera, MONSTER, minecraft:zombie, 10, 4, 4
469, beach, biomeswevegone:basalt_barrera, MONSTER, minecraft:zombie_villager, 5, 1, 1
470, beach, biomeswevegone:basalt_barrera, MONSTER, minecraft:skeleton, 10, 4, 4
471, beach, biomeswevegone:basalt_barrera, MONSTER, minecraft:creeper, 10, 4, 4
472, beach, biomeswevegone:basalt_barrera, MONSTER, minecraft:slime, 10, 4, 4
473, beach, biomeswevegone:basalt_barrera, MONSTER, minecraft:enderman, 10, 1, 4
474, beach, biomeswevegone:basalt_barrera, MONSTER, minecraft:witch, 5, 1, 1
475, beach, biomeswevegone:basalt_barrera, MONSTER, alexsmobs:centipede_head, 5, 1, 1
476, beach, biomeswevegone:basalt_barrera, MONSTER, alexsmobs:farseer, 5, 1, 1
477, beach, biomeswevegone:basalt_barrera, MONSTER, alexsmobs:murmur, 5, 1, 1
478, beach, biomeswevegone:basalt_barrera, MONSTER, realmrpg_demons:chort, 1, 1, 3
479, beach, biomeswevegone:basalt_barrera, MONSTER, realmrpg_demons:demon, 8, 1, 3
480, beach, biomeswevegone:basalt_barrera, MONSTER, realmrpg_demons:demon_lord, 2, 1, 1
481, beach, biomeswevegone:basalt_barrera, MONSTER, the_awakening_of_the_elder_souls:golden_creeper, 1, 1, 1
482, beach, biomeswevegone:basalt_barrera, MONSTER, the_awakening_of_the_elder_souls:golden_witch, 1, 1, 1
483, beach, biomeswevegone:basalt_barrera, MONSTER, the_awakening_of_the_elder_souls:golden_zombie, 1, 1, 1
484, beach, biomeswevegone:basalt_barrera, MONSTER, realmrpg_demons:imp, 10, 1, 3
485, beach, biomeswevegone:basalt_barrera, MONSTER, realmrpg_demons:imp_guard, 8, 1, 3
486, beach, biomeswevegone:basalt_barrera, MONSTER, mowziesmobs:grottol, 2, 1, 1
487, beach, biomeswevegone:basalt_barrera, MONSTER, irons_spellbooks:necromancer, 1, 1, 1
488, beach, biomeswevegone:basalt_barrera, MONSTER, eidolon:wraith, 1, 1, 3
489, beach, biomeswevegone:basalt_barrera, MONSTER, eidolon:zombie_brute, 1, 1, 3
490, beach, biomeswevegone:basalt_barrera, CREATURE, valoria:goblin, 10, 1, 2
491, beach, biomeswevegone:basalt_barrera, CREATURE, alexsmobs:seal, 5, 3, 8
492, beach, biomeswevegone:basalt_barrera, CREATURE, alexsmobs:seagull, 5, 3, 6
493, beach, biomeswevegone:basalt_barrera, CREATURE, eidolon:slimy_slug, 1, 2, 5
494, beach, biomeswevegone:basalt_barrera, CREATURE, goblins_tyranny:wanderer_goblin, 1, 1, 1
495, beach, biomeswevegone:basalt_barrera, AMBIENT, minecraft:bat, 10, 8, 8
496, beach, biomeswevegone:basalt_barrera, AMBIENT, alexsmobs:fly, 5, 2, 3
497, beach, biomeswevegone:basalt_barrera, AMBIENT, alexsmobs:cockroach, 5, 5, 5
498, beach, biomeswevegone:basalt_barrera, AMBIENT, goblins_tyranny:coal_cave_goblin, 1, 1, 1
499, beach, biomeswevegone:basalt_barrera, AMBIENT, goblins_tyranny:copper_cave_goblin, 1, 1, 1
500, beach, biomeswevegone:basalt_barrera, AMBIENT, goblins_tyranny:gold_cave_goblin, 1, 1, 1
501, beach, biomeswevegone:basalt_barrera, AMBIENT, goblins_tyranny:iron_cave_goblin, 1, 1, 1
502, beach, biomeswevegone:basalt_barrera, UNDERGROUND_WATER_CREATURE, minecraft:glow_squid, 10, 4, 6
503, beach, biomeswevegone:basalt_barrera, WATER_AMBIENT, alexsmobs:lobster, 5, 3, 5
504, beach, biomeswevegone:basalt_barrera, WATER_AMBIENT, alexsmobs:devils_hole_pupfish, 5, 5, 12
505, nether, minecraft:basalt_deltas, MONSTER, minecraft:ghast, 10, 1, 1
506, nether, minecraft:basalt_deltas, MONSTER, minecraft:magma_cube, 10, 2, 5
507, nether, minecraft:basalt_deltas, MONSTER, alexsmobs:bone_serpent, 5, 1, 1
508, nether, minecraft:basalt_deltas, MONSTER, alexsmobs:straddler, 5, 1, 3
509, nether, minecraft:basalt_deltas, MONSTER, alexsmobs:farseer, 5, 1, 1
510, nether, minecraft:basalt_deltas, MONSTER, realmrpg_demons:chort, 1, 1, 3
511, nether, minecraft:basalt_deltas, MONSTER, realmrpg_demons:demon, 8, 1, 3
512, nether, minecraft:basalt_deltas, MONSTER, realmrpg_demons:demon_lord, 2, 1, 1
513, nether, minecraft:basalt_deltas, MONSTER, the_awakening_of_the_elder_souls:golden_creeper, 1, 1, 1
514, nether, minecraft:basalt_deltas, MONSTER, the_awakening_of_the_elder_souls:golden_witch, 1, 1, 1
515, nether, minecraft:basalt_deltas, MONSTER, the_awakening_of_the_elder_souls:golden_zombie, 1, 1, 1
516, nether, minecraft:basalt_deltas, MONSTER, realmrpg_demons:imp, 10, 1, 3
517, nether, minecraft:basalt_deltas, MONSTER, realmrpg_demons:imp_guard, 8, 1, 3
518, nether, minecraft:basalt_deltas, MONSTER, mowziesmobs:grottol, 2, 1, 1
519, nether, minecraft:basalt_deltas, MONSTER, soulsweapons:evil_forlorn, 10, 1, 1
520, nether, minecraft:basalt_deltas, MONSTER, soulsweapons:withered_demon, 10, 1, 1
521, nether, minecraft:basalt_deltas, MONSTER, minecraft:zombified_piglin, 1, 1, 4
522, nether, minecraft:basalt_deltas, MONSTER, betternether:naga, 8, 3, 5
523, nether, minecraft:basalt_deltas, CREATURE, minecraft:strider, 10, 1, 2
524, nether, minecraft:basalt_deltas, CREATURE, alexsmobs:laviathan, 5, 1, 1
525, nether, minecraft:basalt_deltas, CREATURE, goblins_tyranny:wanderer_goblin, 1, 1, 1
526, nether, minecraft:basalt_deltas, AMBIENT, goblins_tyranny:coal_cave_goblin, 1, 1, 1
527, nether, minecraft:basalt_deltas, AMBIENT, goblins_tyranny:copper_cave_goblin, 1, 1, 1
528, nether, minecraft:basalt_deltas, AMBIENT, goblins_tyranny:gold_cave_goblin, 1, 1, 1
529, nether, minecraft:basalt_deltas, AMBIENT, goblins_tyranny:iron_cave_goblin, 1, 1, 1
530, nether, minecraft:basalt_deltas, AMBIENT, betternether:firefly, 5, 1, 3
531, nether, minecraft:basalt_deltas, AMBIENT, betternether:hydrogen_jellyfish, 5, 2, 6
532, nether, minecraft:basalt_deltas, WATER_CREATURE, alexsmobs:stradpole, 5, 1, 1
533, none, biomeswevegone:bayou, MONSTER, minecraft:spider, 10, 4, 4
534, none, biomeswevegone:bayou, MONSTER, minecraft:zombie, 10, 4, 4
535, none, biomeswevegone:bayou, MONSTER, minecraft:zombie_villager, 5, 1, 1
536, none, biomeswevegone:bayou, MONSTER, minecraft:skeleton, 10, 4, 4
537, none, biomeswevegone:bayou, MONSTER, minecraft:creeper, 10, 4, 4
538, none, biomeswevegone:bayou, MONSTER, minecraft:slime, 10, 4, 4
539, none, biomeswevegone:bayou, MONSTER, minecraft:enderman, 10, 1, 4
540, none, biomeswevegone:bayou, MONSTER, minecraft:witch, 5, 1, 1
541, none, biomeswevegone:bayou, MONSTER, minecraft:slime, 1, 1, 1
542, none, biomeswevegone:bayou, MONSTER, alexsmobs:centipede_head, 5, 1, 1
543, none, biomeswevegone:bayou, MONSTER, alexsmobs:farseer, 5, 1, 1
544, none, biomeswevegone:bayou, MONSTER, alexsmobs:murmur, 5, 1, 1
545, none, biomeswevegone:bayou, MONSTER, realmrpg_demons:chort, 1, 1, 3
546, none, biomeswevegone:bayou, MONSTER, realmrpg_demons:demon, 8, 1, 3
547, none, biomeswevegone:bayou, MONSTER, realmrpg_demons:demon_lord, 2, 1, 1
548, none, biomeswevegone:bayou, MONSTER, the_awakening_of_the_elder_souls:golden_creeper, 1, 1, 1
549, none, biomeswevegone:bayou, MONSTER, the_awakening_of_the_elder_souls:golden_witch, 1, 1, 1
550, none, biomeswevegone:bayou, MONSTER, the_awakening_of_the_elder_souls:golden_zombie, 1, 1, 1
551, none, biomeswevegone:bayou, MONSTER, realmrpg_demons:imp, 10, 1, 3
552, none, biomeswevegone:bayou, MONSTER, realmrpg_demons:imp_guard, 8, 1, 3
553, none, biomeswevegone:bayou, MONSTER, mowziesmobs:grottol, 2, 1, 1
554, none, biomeswevegone:bayou, MONSTER, irons_spellbooks:necromancer, 1, 1, 1
555, none, biomeswevegone:bayou, MONSTER, eidolon:wraith, 1, 1, 3
556, none, biomeswevegone:bayou, MONSTER, eidolon:zombie_brute, 1, 1, 3
557, none, biomeswevegone:bayou, CREATURE, minecraft:frog, 10, 2, 5
558, none, biomeswevegone:bayou, CREATURE, valoria:goblin, 10, 1, 2
559, none, biomeswevegone:bayou, CREATURE, alexsmobs:crocodile, 5, 1, 2
560, none, biomeswevegone:bayou, CREATURE, alexsmobs:shoebill, 5, 1, 2
561, none, biomeswevegone:bayou, CREATURE, alexsmobs:alligator_snapping_turtle, 10, 1, 2
562, none, biomeswevegone:bayou, CREATURE, alexsmobs:anaconda, 5, 1, 1
563, none, biomeswevegone:bayou, CREATURE, eidolon:slimy_slug, 1, 2, 5
564, none, biomeswevegone:bayou, CREATURE, goblins_tyranny:wanderer_goblin, 1, 1, 1
565, none, biomeswevegone:bayou, AMBIENT, minecraft:bat, 10, 8, 8
566, none, biomeswevegone:bayou, AMBIENT, alexsmobs:fly, 5, 2, 3
567, none, biomeswevegone:bayou, AMBIENT, alexsmobs:cockroach, 5, 5, 5
568, none, biomeswevegone:bayou, AMBIENT, goblins_tyranny:coal_cave_goblin, 1, 1, 1
569, none, biomeswevegone:bayou, AMBIENT, goblins_tyranny:copper_cave_goblin, 1, 1, 1
570, none, biomeswevegone:bayou, AMBIENT, goblins_tyranny:gold_cave_goblin, 1, 1, 1
571, none, biomeswevegone:bayou, AMBIENT, goblins_tyranny:iron_cave_goblin, 1, 1, 1
572, none, biomeswevegone:bayou, UNDERGROUND_WATER_CREATURE, minecraft:glow_squid, 10, 4, 6
573, none, biomeswevegone:bayou, WATER_AMBIENT, minecraft:tropical_fish, 10, 8, 8
574, none, biomeswevegone:bayou, WATER_AMBIENT, alexsmobs:devils_hole_pupfish, 5, 5, 12
575, none, biomeswevegone:bayou, WATER_AMBIENT, alexsmobs:catfish, 5, 1, 3
576, beach, minecraft:beach, MONSTER, minecraft:spider, 10, 4, 4
577, beach, minecraft:beach, MONSTER, minecraft:zombie, 10, 4, 4
578, beach, minecraft:beach, MONSTER, minecraft:zombie_villager, 5, 1, 1
579, beach, minecraft:beach, MONSTER, minecraft:skeleton, 10, 4, 4
580, beach, minecraft:beach, MONSTER, minecraft:creeper, 10, 4, 4
581, beach, minecraft:beach, MONSTER, minecraft:slime, 10, 4, 4
582, beach, minecraft:beach, MONSTER, minecraft:enderman, 10, 1, 4
583, beach, minecraft:beach, MONSTER, minecraft:witch, 5, 1, 1
584, beach, minecraft:beach, MONSTER, alexsmobs:centipede_head, 5, 1, 1
585, beach, minecraft:beach, MONSTER, alexsmobs:farseer, 5, 1, 1
586, beach, minecraft:beach, MONSTER, alexsmobs:murmur, 5, 1, 1
587, beach, minecraft:beach, MONSTER, realmrpg_demons:chort, 1, 1, 3
588, beach, minecraft:beach, MONSTER, realmrpg_demons:demon, 8, 1, 3
589, beach, minecraft:beach, MONSTER, realmrpg_demons:demon_lord, 2, 1, 1
590, beach, minecraft:beach, MONSTER, mythicmobs:chupacabra, 5, 1, 1
591, beach, minecraft:beach, MONSTER, the_awakening_of_the_elder_souls:golden_creeper, 1, 1, 1
592, beach, minecraft:beach, MONSTER, the_awakening_of_the_elder_souls:golden_witch, 1, 1, 1
593, beach, minecraft:beach, MONSTER, the_awakening_of_the_elder_souls:golden_zombie, 1, 1, 1
594, beach, minecraft:beach, MONSTER, realmrpg_demons:imp, 10, 1, 3
595, beach, minecraft:beach, MONSTER, realmrpg_demons:imp_guard, 8, 1, 3
596, beach, minecraft:beach, MONSTER, mowziesmobs:grottol, 2, 1, 1
597, beach, minecraft:beach, MONSTER, irons_spellbooks:necromancer, 1, 1, 1
598, beach, minecraft:beach, MONSTER, eidolon:wraith, 1, 1, 3
599, beach, minecraft:beach, MONSTER, eidolon:zombie_brute, 1, 1, 3
600, beach, minecraft:beach, CREATURE, minecraft:turtle, 5, 2, 5
601, beach, minecraft:beach, CREATURE, valoria:goblin, 10, 1, 2
602, beach, minecraft:beach, CREATURE, alexsmobs:seal, 5, 3, 8
603, beach, minecraft:beach, CREATURE, alexsmobs:seagull, 5, 3, 6
604, beach, minecraft:beach, CREATURE, mythicmobs:drake, 5, 1, 4
605, beach, minecraft:beach, CREATURE, mythicmobs:kobold, 5, 3, 6
606, beach, minecraft:beach, CREATURE, mythicmobs:kobold_warrior, 5, 1, 3
607, beach, minecraft:beach, CREATURE, mythicmobs:mushroom_thing, 5, 3, 5
608, beach, minecraft:beach, CREATURE, eidolon:slimy_slug, 1, 2, 5
609, beach, minecraft:beach, CREATURE, goblins_tyranny:wanderer_goblin, 1, 1, 1
610, beach, minecraft:beach, AMBIENT, minecraft:bat, 10, 8, 8
611, beach, minecraft:beach, AMBIENT, alexsmobs:fly, 5, 2, 3
612, beach, minecraft:beach, AMBIENT, alexsmobs:cockroach, 5, 5, 5
613, beach, minecraft:beach, AMBIENT, goblins_tyranny:coal_cave_goblin, 1, 1, 1
614, beach, minecraft:beach, AMBIENT, goblins_tyranny:copper_cave_goblin, 1, 1, 1
615, beach, minecraft:beach, AMBIENT, goblins_tyranny:gold_cave_goblin, 1, 1, 1
616, beach, minecraft:beach, AMBIENT, goblins_tyranny:iron_cave_goblin, 1, 1, 1
617, beach, minecraft:beach, UNDERGROUND_WATER_CREATURE, minecraft:glow_squid, 10, 4, 6
618, beach, minecraft:beach, WATER_AMBIENT, alexsmobs:lobster, 5, 3, 5
619, beach, minecraft:beach, WATER_AMBIENT, alexsmobs:devils_hole_pupfish, 5, 5, 12
620, forest, minecraft:birch_forest, MONSTER, minecraft:spider, 10, 4, 4
621, forest, minecraft:birch_forest, MONSTER, minecraft:zombie, 10, 4, 4
622, forest, minecraft:birch_forest, MONSTER, minecraft:zombie_villager, 5, 1, 1
623, forest, minecraft:birch_forest, MONSTER, minecraft:skeleton, 10, 4, 4
624, forest, minecraft:birch_forest, MONSTER, minecraft:creeper, 10, 4, 4
625, forest, minecraft:birch_forest, MONSTER, minecraft:slime, 10, 4, 4
626, forest, minecraft:birch_forest, MONSTER, minecraft:enderman, 10, 1, 4
627, forest, minecraft:birch_forest, MONSTER, minecraft:witch, 5, 1, 1
628, forest, minecraft:birch_forest, MONSTER, alexsmobs:centipede_head, 5, 1, 1
629, forest, minecraft:birch_forest, MONSTER, alexsmobs:farseer, 5, 1, 1
630, forest, minecraft:birch_forest, MONSTER, alexsmobs:murmur, 5, 1, 1
631, forest, minecraft:birch_forest, MONSTER, realmrpg_demons:chort, 1, 1, 3
632, forest, minecraft:birch_forest, MONSTER, realmrpg_demons:demon, 8, 1, 3
633, forest, minecraft:birch_forest, MONSTER, realmrpg_demons:demon_lord, 2, 1, 1
634, forest, minecraft:birch_forest, MONSTER, mythicmobs:chupacabra, 5, 1, 1
635, forest, minecraft:birch_forest, MONSTER, the_awakening_of_the_elder_souls:golden_creeper, 1, 1, 1
636, forest, minecraft:birch_forest, MONSTER, the_awakening_of_the_elder_souls:golden_witch, 1, 1, 1
637, forest, minecraft:birch_forest, MONSTER, the_awakening_of_the_elder_souls:golden_zombie, 1, 1, 1
638, forest, minecraft:birch_forest, MONSTER, iceandfire:troll, 10, 1, 3
639, forest, minecraft:birch_forest, MONSTER, realmrpg_demons:imp, 10, 1, 3
640, forest, minecraft:birch_forest, MONSTER, realmrpg_demons:imp_guard, 8, 1, 3
641, forest, minecraft:birch_forest, MONSTER, mowziesmobs:grottol, 2, 1, 1
642, forest, minecraft:birch_forest, MONSTER, irons_spellbooks:necromancer, 1, 1, 1
643, forest, minecraft:birch_forest, MONSTER, eidolon:wraith, 1, 1, 3
644, forest, minecraft:birch_forest, MONSTER, eidolon:zombie_brute, 1, 1, 3
645, forest, minecraft:birch_forest, CREATURE, minecraft:sheep, 10, 4, 4
646, forest, minecraft:birch_forest, CREATURE, minecraft:pig, 10, 4, 4
647, forest, minecraft:birch_forest, CREATURE, minecraft:chicken, 10, 4, 4
648, forest, minecraft:birch_forest, CREATURE, minecraft:cow, 8, 4, 4
649, forest, minecraft:birch_forest, CREATURE, valoria:goblin, 10, 1, 2
650, forest, minecraft:birch_forest, CREATURE, alexsmobs:grizzly_bear, 5, 2, 3
651, forest, minecraft:birch_forest, CREATURE, alexsmobs:raccoon, 5, 2, 4
652, forest, minecraft:birch_forest, CREATURE, alexsmobs:crow, 5, 3, 5
653, forest, minecraft:birch_forest, CREATURE, alexsmobs:tasmanian_devil, 5, 1, 2
654, forest, minecraft:birch_forest, CREATURE, alexsmobs:sugar_glider, 5, 2, 4
655, forest, minecraft:birch_forest, CREATURE, alexsmobs:skunk, 5, 1, 2
656, forest, minecraft:birch_forest, CREATURE, alexsmobs:blue_jay, 5, 2, 4
657, forest, minecraft:birch_forest, CREATURE, mythicmobs:drake, 5, 1, 4
658, forest, minecraft:birch_forest, CREATURE, mythicmobs:kobold, 5, 3, 6
659, forest, minecraft:birch_forest, CREATURE, mythicmobs:kobold_warrior, 5, 1, 3
660, forest, minecraft:birch_forest, CREATURE, mythicmobs:mushroom_thing, 5, 3, 5
661, forest, minecraft:birch_forest, CREATURE, eidolon:raven, 1, 2, 4
662, forest, minecraft:birch_forest, CREATURE, eidolon:slimy_slug, 1, 2, 5
663, forest, minecraft:birch_forest, CREATURE, goblins_tyranny:wanderer_goblin, 1, 1, 1
664, forest, minecraft:birch_forest, AMBIENT, minecraft:bat, 10, 8, 8
665, forest, minecraft:birch_forest, AMBIENT, alexsmobs:fly, 5, 2, 3
666, forest, minecraft:birch_forest, AMBIENT, alexsmobs:cockroach, 5, 5, 5
667, forest, minecraft:birch_forest, AMBIENT, goblins_tyranny:coal_cave_goblin, 1, 1, 1
668, forest, minecraft:birch_forest, AMBIENT, goblins_tyranny:copper_cave_goblin, 1, 1, 1
669, forest, minecraft:birch_forest, AMBIENT, goblins_tyranny:gold_cave_goblin, 1, 1, 1
670, forest, minecraft:birch_forest, AMBIENT, goblins_tyranny:iron_cave_goblin, 1, 1, 1
671, forest, minecraft:birch_forest, UNDERGROUND_WATER_CREATURE, minecraft:glow_squid, 10, 4, 6
672, forest, minecraft:birch_forest, WATER_AMBIENT, alexsmobs:devils_hole_pupfish, 5, 5, 12
673, none, minecells:black_bridge, MONSTER, alexsmobs:farseer, 5, 1, 1
674, none, minecells:black_bridge, MONSTER, realmrpg_demons:chort, 1, 1, 3
675, none, minecells:black_bridge, MONSTER, realmrpg_demons:demon, 8, 1, 3
676, none, minecells:black_bridge, MONSTER, realmrpg_demons:demon_lord, 2, 1, 1
677, none, minecells:black_bridge, MONSTER, the_awakening_of_the_elder_souls:golden_creeper, 1, 1, 1
678, none, minecells:black_bridge, MONSTER, the_awakening_of_the_elder_souls:golden_witch, 1, 1, 1
679, none, minecells:black_bridge, MONSTER, the_awakening_of_the_elder_souls:golden_zombie, 1, 1, 1
680, none, minecells:black_bridge, MONSTER, realmrpg_demons:imp, 10, 1, 3
681, none, minecells:black_bridge, MONSTER, realmrpg_demons:imp_guard, 8, 1, 3
682, none, minecells:black_bridge, MONSTER, mowziesmobs:grottol, 2, 1, 1
683, none, minecells:black_bridge, CREATURE, goblins_tyranny:wanderer_goblin, 1, 1, 1
684, none, minecells:black_bridge, AMBIENT, goblins_tyranny:coal_cave_goblin, 1, 1, 1
685, none, minecells:black_bridge, AMBIENT, goblins_tyranny:copper_cave_goblin, 1, 1, 1
686, none, minecells:black_bridge, AMBIENT, goblins_tyranny:gold_cave_goblin, 1, 1, 1
687, none, minecells:black_bridge, AMBIENT, goblins_tyranny:iron_cave_goblin, 1, 1, 1
688, forest, biomeswevegone:black_forest, MONSTER, minecraft:spider, 10, 4, 4
689, forest, biomeswevegone:black_forest, MONSTER, minecraft:zombie, 10, 4, 4
690, forest, biomeswevegone:black_forest, MONSTER, minecraft:zombie_villager, 10, 1, 1
691, forest, biomeswevegone:black_forest, MONSTER, minecraft:skeleton, 10, 4, 4
692, forest, biomeswevegone:black_forest, MONSTER, minecraft:creeper, 10, 4, 4
693, forest, biomeswevegone:black_forest, MONSTER, minecraft:slime, 10, 4, 4
694, forest, biomeswevegone:black_forest, MONSTER, minecraft:enderman, 10, 1, 4
695, forest, biomeswevegone:black_forest, MONSTER, minecraft:witch, 5, 1, 1
696, forest, biomeswevegone:black_forest, MONSTER, alexsmobs:centipede_head, 5, 1, 1
697, forest, biomeswevegone:black_forest, MONSTER, alexsmobs:farseer, 5, 1, 1
698, forest, biomeswevegone:black_forest, MONSTER, alexsmobs:murmur, 5, 1, 1
699, forest, biomeswevegone:black_forest, MONSTER, realmrpg_demons:chort, 1, 1, 3
700, forest, biomeswevegone:black_forest, MONSTER, realmrpg_demons:demon, 8, 1, 3
701, forest, biomeswevegone:black_forest, MONSTER, realmrpg_demons:demon_lord, 2, 1, 1
702, forest, biomeswevegone:black_forest, MONSTER, the_awakening_of_the_elder_souls:golden_creeper, 1, 1, 1
703, forest, biomeswevegone:black_forest, MONSTER, the_awakening_of_the_elder_souls:golden_witch, 1, 1, 1
704, forest, biomeswevegone:black_forest, MONSTER, the_awakening_of_the_elder_souls:golden_zombie, 1, 1, 1
705, forest, biomeswevegone:black_forest, MONSTER, iceandfire:troll, 10, 1, 3
706, forest, biomeswevegone:black_forest, MONSTER, realmrpg_demons:imp, 10, 1, 3
707, forest, biomeswevegone:black_forest, MONSTER, realmrpg_demons:imp_guard, 8, 1, 3
708, forest, biomeswevegone:black_forest, MONSTER, mowziesmobs:grottol, 2, 1, 1
709, forest, biomeswevegone:black_forest, MONSTER, irons_spellbooks:necromancer, 1, 1, 1
710, forest, biomeswevegone:black_forest, MONSTER, eidolon:wraith, 1, 1, 3
711, forest, biomeswevegone:black_forest, MONSTER, eidolon:zombie_brute, 1, 1, 3
712, forest, biomeswevegone:black_forest, CREATURE, minecraft:sheep, 10, 4, 4
713, forest, biomeswevegone:black_forest, CREATURE, minecraft:pig, 10, 4, 4
714, forest, biomeswevegone:black_forest, CREATURE, minecraft:chicken, 10, 4, 4
715, forest, biomeswevegone:black_forest, CREATURE, minecraft:cow, 8, 4, 4
716, forest, biomeswevegone:black_forest, CREATURE, minecraft:wolf, 8, 4, 4
717, forest, biomeswevegone:black_forest, CREATURE, minecraft:rabbit, 4, 2, 3
718, forest, biomeswevegone:black_forest, CREATURE, minecraft:fox, 8, 2, 4
719, forest, biomeswevegone:black_forest, CREATURE, valoria:goblin, 10, 1, 2
720, forest, biomeswevegone:black_forest, CREATURE, alexsmobs:grizzly_bear, 5, 2, 3
721, forest, biomeswevegone:black_forest, CREATURE, alexsmobs:raccoon, 5, 2, 4
722, forest, biomeswevegone:black_forest, CREATURE, alexsmobs:crow, 5, 3, 5
723, forest, biomeswevegone:black_forest, CREATURE, alexsmobs:tasmanian_devil, 5, 1, 2
724, forest, biomeswevegone:black_forest, CREATURE, alexsmobs:skunk, 5, 1, 2
725, forest, biomeswevegone:black_forest, CREATURE, alexsmobs:blue_jay, 5, 2, 4
726, forest, biomeswevegone:black_forest, CREATURE, eidolon:raven, 1, 2, 4
727, forest, biomeswevegone:black_forest, CREATURE, eidolon:slimy_slug, 1, 2, 5
728, forest, biomeswevegone:black_forest, CREATURE, goblins_tyranny:wanderer_goblin, 1, 1, 1
729, forest, biomeswevegone:black_forest, AMBIENT, minecraft:bat, 10, 8, 8
730, forest, biomeswevegone:black_forest, AMBIENT, alexsmobs:fly, 5, 2, 3
731, forest, biomeswevegone:black_forest, AMBIENT, alexsmobs:cockroach, 5, 5, 5
732, forest, biomeswevegone:black_forest, AMBIENT, goblins_tyranny:coal_cave_goblin, 1, 1, 1
733, forest, biomeswevegone:black_forest, AMBIENT, goblins_tyranny:copper_cave_goblin, 1, 1, 1
734, forest, biomeswevegone:black_forest, AMBIENT, goblins_tyranny:gold_cave_goblin, 1, 1, 1
735, forest, biomeswevegone:black_forest, AMBIENT, goblins_tyranny:iron_cave_goblin, 1, 1, 1
736, forest, biomeswevegone:black_forest, WATER_AMBIENT, alexsmobs:devils_hole_pupfish, 5, 5, 12
737, the_end, betterend:blossoming_spires, MONSTER, minecraft:enderman, 10, 1, 4
738, the_end, betterend:blossoming_spires, MONSTER, alexsmobs:farseer, 5, 1, 1
739, the_end, betterend:blossoming_spires, MONSTER, realmrpg_demons:chort, 1, 1, 3
740, the_end, betterend:blossoming_spires, MONSTER, realmrpg_demons:demon, 8, 1, 3
741, the_end, betterend:blossoming_spires, MONSTER, realmrpg_demons:demon_lord, 2, 1, 1
742, the_end, betterend:blossoming_spires, MONSTER, the_awakening_of_the_elder_souls:golden_creeper, 1, 1, 1
743, the_end, betterend:blossoming_spires, MONSTER, the_awakening_of_the_elder_souls:golden_witch, 1, 1, 1
744, the_end, betterend:blossoming_spires, MONSTER, the_awakening_of_the_elder_souls:golden_zombie, 1, 1, 1
745, the_end, betterend:blossoming_spires, MONSTER, realmrpg_demons:imp, 10, 1, 3
746, the_end, betterend:blossoming_spires, MONSTER, realmrpg_demons:imp_guard, 8, 1, 3
747, the_end, betterend:blossoming_spires, MONSTER, mowziesmobs:grottol, 2, 1, 1
748, the_end, betterend:blossoming_spires, CREATURE, alexsmobs:endergrade, 5, 2, 6
749, the_end, betterend:blossoming_spires, CREATURE, alexsmobs:spectre, 5, 1, 2
750, the_end, betterend:blossoming_spires, CREATURE, alexsmobs:enderiophage, 5, 2, 2
751, the_end, betterend:blossoming_spires, CREATURE, alexsmobs:cosmaw, 5, 1, 2
752, the_end, betterend:blossoming_spires, CREATURE, goblins_tyranny:wanderer_goblin, 1, 1, 1
753, the_end, betterend:blossoming_spires, AMBIENT, betterend:silk_moth, 5, 1, 2
754, the_end, betterend:blossoming_spires, AMBIENT, alexsmobs:cosmic_cod, 5, 9, 13
755, the_end, betterend:blossoming_spires, AMBIENT, goblins_tyranny:coal_cave_goblin, 1, 1, 1
756, the_end, betterend:blossoming_spires, AMBIENT, goblins_tyranny:copper_cave_goblin, 1, 1, 1
757, the_end, betterend:blossoming_spires, AMBIENT, goblins_tyranny:gold_cave_goblin, 1, 1, 1
758, the_end, betterend:blossoming_spires, AMBIENT, goblins_tyranny:iron_cave_goblin, 1, 1, 1
759, nether, betternether:bone_reef, MONSTER, minecraft:ghast, 10, 4, 4
760, nether, betternether:bone_reef, MONSTER, minecraft:zombified_piglin, 10, 4, 4
761, nether, betternether:bone_reef, MONSTER, minecraft:magma_cube, 2, 4, 4
762, nether, betternether:bone_reef, MONSTER, betternether:skull, 2, 2, 4
763, nether, betternether:bone_reef, MONSTER, minecraft:enderman, 1, 4, 4
764, nether, betternether:bone_reef, MONSTER, minecraft:piglin, 10, 4, 4
765, nether, betternether:bone_reef, MONSTER, minecraft:hoglin, 0, 1, 2
766, nether, betternether:bone_reef, MONSTER, betternether:naga, 8, 3, 5
767, nether, betternether:bone_reef, MONSTER, betternether:jungle_skeleton, 0, 2, 4
768, nether, betternether:bone_reef, MONSTER, minecraft:piglin_brute, 0, 1, 1
769, nether, betternether:bone_reef, MONSTER, alexsmobs:bone_serpent, 5, 1, 1
770, nether, betternether:bone_reef, MONSTER, alexsmobs:farseer, 5, 1, 1
771, nether, betternether:bone_reef, MONSTER, realmrpg_demons:chort, 1, 1, 3
772, nether, betternether:bone_reef, MONSTER, realmrpg_demons:demon, 8, 1, 3
773, nether, betternether:bone_reef, MONSTER, realmrpg_demons:demon_lord, 2, 1, 1
774, nether, betternether:bone_reef, MONSTER, the_awakening_of_the_elder_souls:golden_creeper, 1, 1, 1
775, nether, betternether:bone_reef, MONSTER, the_awakening_of_the_elder_souls:golden_witch, 1, 1, 1
776, nether, betternether:bone_reef, MONSTER, the_awakening_of_the_elder_souls:golden_zombie, 1, 1, 1
777, nether, betternether:bone_reef, MONSTER, realmrpg_demons:imp, 10, 1, 3
778, nether, betternether:bone_reef, MONSTER, realmrpg_demons:imp_guard, 8, 1, 3
779, nether, betternether:bone_reef, MONSTER, mowziesmobs:grottol, 2, 1, 1
780, nether, betternether:bone_reef, MONSTER, soulsweapons:evil_forlorn, 10, 1, 1
781, nether, betternether:bone_reef, MONSTER, soulsweapons:withered_demon, 10, 1, 1
782, nether, betternether:bone_reef, CREATURE, minecraft:strider, 10, 1, 2
783, nether, betternether:bone_reef, CREATURE, alexsmobs:laviathan, 5, 1, 1
784, nether, betternether:bone_reef, CREATURE, goblins_tyranny:wanderer_goblin, 1, 1, 1
785, nether, betternether:bone_reef, AMBIENT, betternether:firefly, 5, 1, 3
786, nether, betternether:bone_reef, AMBIENT, betternether:hydrogen_jellyfish, 5, 2, 6
787, nether, betternether:bone_reef, AMBIENT, betternether:flying_pig, 0, 2, 4
788, nether, betternether:bone_reef, AMBIENT, goblins_tyranny:coal_cave_goblin, 1, 1, 1
789, nether, betternether:bone_reef, AMBIENT, goblins_tyranny:copper_cave_goblin, 1, 1, 1
790, nether, betternether:bone_reef, AMBIENT, goblins_tyranny:gold_cave_goblin, 1, 1, 1
791, nether, betternether:bone_reef, AMBIENT, goblins_tyranny:iron_cave_goblin, 1, 1, 1
792, forest, biomeswevegone:canadian_shield, MONSTER, minecraft:spider, 10, 4, 4
793, forest, biomeswevegone:canadian_shield, MONSTER, minecraft:zombie, 10, 4, 4
794, forest, biomeswevegone:canadian_shield, MONSTER, minecraft:zombie_villager, 5, 1, 1
795, forest, biomeswevegone:canadian_shield, MONSTER, minecraft:skeleton, 10, 4, 4
796, forest, biomeswevegone:canadian_shield, MONSTER, minecraft:creeper, 10, 4, 4
797, forest, biomeswevegone:canadian_shield, MONSTER, minecraft:slime, 10, 4, 4
798, forest, biomeswevegone:canadian_shield, MONSTER, minecraft:enderman, 10, 1, 4
799, forest, biomeswevegone:canadian_shield, MONSTER, minecraft:witch, 5, 1, 1
800, forest, biomeswevegone:canadian_shield, MONSTER, alexsmobs:centipede_head, 5, 1, 1
801, forest, biomeswevegone:canadian_shield, MONSTER, alexsmobs:farseer, 5, 1, 1
802, forest, biomeswevegone:canadian_shield, MONSTER, alexsmobs:murmur, 5, 1, 1
803, forest, biomeswevegone:canadian_shield, MONSTER, realmrpg_demons:chort, 1, 1, 3
804, forest, biomeswevegone:canadian_shield, MONSTER, realmrpg_demons:demon, 8, 1, 3
805, forest, biomeswevegone:canadian_shield, MONSTER, realmrpg_demons:demon_lord, 2, 1, 1
806, forest, biomeswevegone:canadian_shield, MONSTER, the_awakening_of_the_elder_souls:golden_creeper, 1, 1, 1
807, forest, biomeswevegone:canadian_shield, MONSTER, the_awakening_of_the_elder_souls:golden_witch, 1, 1, 1
808, forest, biomeswevegone:canadian_shield, MONSTER, the_awakening_of_the_elder_souls:golden_zombie, 1, 1, 1
809, forest, biomeswevegone:canadian_shield, MONSTER, iceandfire:troll, 10, 1, 3
810, forest, biomeswevegone:canadian_shield, MONSTER, realmrpg_demons:imp, 10, 1, 3
811, forest, biomeswevegone:canadian_shield, MONSTER, realmrpg_demons:imp_guard, 8, 1, 3
812, forest, biomeswevegone:canadian_shield, MONSTER, mowziesmobs:grottol, 2, 1, 1
813, forest, biomeswevegone:canadian_shield, MONSTER, irons_spellbooks:necromancer, 1, 1, 1
814, forest, biomeswevegone:canadian_shield, MONSTER, eidolon:wraith, 1, 1, 3
815, forest, biomeswevegone:canadian_shield, MONSTER, eidolon:zombie_brute, 1, 1, 3
816, forest, biomeswevegone:canadian_shield, CREATURE, minecraft:sheep, 10, 4, 4
817, forest, biomeswevegone:canadian_shield, CREATURE, minecraft:pig, 10, 4, 4
818, forest, biomeswevegone:canadian_shield, CREATURE, minecraft:chicken, 10, 4, 4
819, forest, biomeswevegone:canadian_shield, CREATURE, minecraft:cow, 8, 4, 4
820, forest, biomeswevegone:canadian_shield, CREATURE, minecraft:wolf, 8, 4, 4
821, forest, biomeswevegone:canadian_shield, CREATURE, minecraft:rabbit, 4, 2, 3
822, forest, biomeswevegone:canadian_shield, CREATURE, minecraft:fox, 8, 2, 4
823, forest, biomeswevegone:canadian_shield, CREATURE, valoria:goblin, 10, 1, 2
824, forest, biomeswevegone:canadian_shield, CREATURE, alexsmobs:grizzly_bear, 5, 2, 3
825, forest, biomeswevegone:canadian_shield, CREATURE, alexsmobs:raccoon, 5, 2, 4
826, forest, biomeswevegone:canadian_shield, CREATURE, alexsmobs:crow, 5, 3, 5
827, forest, biomeswevegone:canadian_shield, CREATURE, alexsmobs:tasmanian_devil, 5, 1, 2
828, forest, biomeswevegone:canadian_shield, CREATURE, alexsmobs:skunk, 5, 1, 2
829, forest, biomeswevegone:canadian_shield, CREATURE, alexsmobs:blue_jay, 5, 2, 4
830, forest, biomeswevegone:canadian_shield, CREATURE, iceandfire:hippogryph, 1, 1, 1
831, forest, biomeswevegone:canadian_shield, CREATURE, eidolon:raven, 1, 2, 4
832, forest, biomeswevegone:canadian_shield, CREATURE, eidolon:slimy_slug, 1, 2, 5
833, forest, biomeswevegone:canadian_shield, CREATURE, goblins_tyranny:wanderer_goblin, 1, 1, 1
834, forest, biomeswevegone:canadian_shield, AMBIENT, minecraft:bat, 10, 8, 8
835, forest, biomeswevegone:canadian_shield, AMBIENT, alexsmobs:fly, 5, 2, 3
836, forest, biomeswevegone:canadian_shield, AMBIENT, alexsmobs:cockroach, 5, 5, 5
837, forest, biomeswevegone:canadian_shield, AMBIENT, goblins_tyranny:coal_cave_goblin, 1, 1, 1
838, forest, biomeswevegone:canadian_shield, AMBIENT, goblins_tyranny:copper_cave_goblin, 1, 1, 1
839, forest, biomeswevegone:canadian_shield, AMBIENT, goblins_tyranny:gold_cave_goblin, 1, 1, 1
840, forest, biomeswevegone:canadian_shield, AMBIENT, goblins_tyranny:iron_cave_goblin, 1, 1, 1
841, forest, biomeswevegone:canadian_shield, WATER_AMBIENT, alexsmobs:devils_hole_pupfish, 5, 5, 12
842, extreme_hills, minecraft:cherry_grove, MONSTER, minecraft:spider, 10, 4, 4
843, extreme_hills, minecraft:cherry_grove, MONSTER, minecraft:zombie, 10, 4, 4
844, extreme_hills, minecraft:cherry_grove, MONSTER, minecraft:zombie_villager, 5, 1, 1
845, extreme_hills, minecraft:cherry_grove, MONSTER, minecraft:skeleton, 10, 4, 4
846, extreme_hills, minecraft:cherry_grove, MONSTER, minecraft:creeper, 10, 4, 4
847, extreme_hills, minecraft:cherry_grove, MONSTER, minecraft:slime, 10, 4, 4
848, extreme_hills, minecraft:cherry_grove, MONSTER, minecraft:enderman, 10, 1, 4
849, extreme_hills, minecraft:cherry_grove, MONSTER, minecraft:witch, 5, 1, 1
850, extreme_hills, minecraft:cherry_grove, MONSTER, alexsmobs:centipede_head, 5, 1, 1
851, extreme_hills, minecraft:cherry_grove, MONSTER, alexsmobs:farseer, 5, 1, 1
852, extreme_hills, minecraft:cherry_grove, MONSTER, alexsmobs:murmur, 5, 1, 1
853, extreme_hills, minecraft:cherry_grove, MONSTER, realmrpg_demons:chort, 1, 1, 3
854, extreme_hills, minecraft:cherry_grove, MONSTER, realmrpg_demons:demon, 8, 1, 3
855, extreme_hills, minecraft:cherry_grove, MONSTER, realmrpg_demons:demon_lord, 2, 1, 1
856, extreme_hills, minecraft:cherry_grove, MONSTER, mythicmobs:chupacabra, 5, 1, 1
857, extreme_hills, minecraft:cherry_grove, MONSTER, the_awakening_of_the_elder_souls:golden_creeper, 1, 1, 1
858, extreme_hills, minecraft:cherry_grove, MONSTER, the_awakening_of_the_elder_souls:golden_witch, 1, 1, 1
859, extreme_hills, minecraft:cherry_grove, MONSTER, the_awakening_of_the_elder_souls:golden_zombie, 1, 1, 1
860, extreme_hills, minecraft:cherry_grove, MONSTER, realmrpg_demons:imp, 10, 1, 3
861, extreme_hills, minecraft:cherry_grove, MONSTER, realmrpg_demons:imp_guard, 8, 1, 3
862, extreme_hills, minecraft:cherry_grove, MONSTER, mowziesmobs:grottol, 2, 1, 1
863, extreme_hills, minecraft:cherry_grove, MONSTER, irons_spellbooks:necromancer, 1, 1, 1
864, extreme_hills, minecraft:cherry_grove, MONSTER, eidolon:wraith, 1, 1, 3
865, extreme_hills, minecraft:cherry_grove, MONSTER, eidolon:zombie_brute, 1, 1, 3
866, extreme_hills, minecraft:cherry_grove, CREATURE, minecraft:pig, 1, 1, 2
867, extreme_hills, minecraft:cherry_grove, CREATURE, minecraft:rabbit, 2, 2, 6
868, extreme_hills, minecraft:cherry_grove, CREATURE, minecraft:sheep, 2, 2, 4
869, extreme_hills, minecraft:cherry_grove, CREATURE, valoria:goblin, 10, 1, 2
870, extreme_hills, minecraft:cherry_grove, CREATURE, alexsmobs:grizzly_bear, 5, 2, 3
871, extreme_hills, minecraft:cherry_grove, CREATURE, alexsmobs:hummingbird, 5, 7, 7
872, extreme_hills, minecraft:cherry_grove, CREATURE, alexsmobs:sunbird, 5, 1, 1
873, extreme_hills, minecraft:cherry_grove, CREATURE, alexsmobs:raccoon, 5, 2, 4
874, extreme_hills, minecraft:cherry_grove, CREATURE, alexsmobs:crow, 5, 3, 5
875, extreme_hills, minecraft:cherry_grove, CREATURE, alexsmobs:tiger, 5, 1, 3
876, extreme_hills, minecraft:cherry_grove, CREATURE, alexsmobs:skunk, 5, 1, 2
877, extreme_hills, minecraft:cherry_grove, CREATURE, alexsmobs:blue_jay, 5, 2, 4
878, extreme_hills, minecraft:cherry_grove, CREATURE, mythicmobs:drake, 5, 1, 4
879, extreme_hills, minecraft:cherry_grove, CREATURE, mythicmobs:kobold, 5, 3, 6
880, extreme_hills, minecraft:cherry_grove, CREATURE, mythicmobs:kobold_warrior, 5, 1, 3
881, extreme_hills, minecraft:cherry_grove, CREATURE, mythicmobs:mushroom_thing, 5, 3, 5
882, extreme_hills, minecraft:cherry_grove, CREATURE, goblins_tyranny:wanderer_goblin, 1, 1, 1
883, extreme_hills, minecraft:cherry_grove, AMBIENT, minecraft:bat, 10, 8, 8
884, extreme_hills, minecraft:cherry_grove, AMBIENT, alexsmobs:fly, 5, 2, 3
885, extreme_hills, minecraft:cherry_grove, AMBIENT, alexsmobs:cockroach, 5, 5, 5
886, extreme_hills, minecraft:cherry_grove, AMBIENT, goblins_tyranny:coal_cave_goblin, 1, 1, 1
887, extreme_hills, minecraft:cherry_grove, AMBIENT, goblins_tyranny:copper_cave_goblin, 1, 1, 1
888, extreme_hills, minecraft:cherry_grove, AMBIENT, goblins_tyranny:gold_cave_goblin, 1, 1, 1
889, extreme_hills, minecraft:cherry_grove, AMBIENT, goblins_tyranny:iron_cave_goblin, 1, 1, 1
890, extreme_hills, minecraft:cherry_grove, UNDERGROUND_WATER_CREATURE, minecraft:glow_squid, 10, 4, 6
891, extreme_hills, minecraft:cherry_grove, WATER_AMBIENT, alexsmobs:devils_hole_pupfish, 5, 5, 12
892, the_end, betterend:chorus_forest, MONSTER, betterend:end_slime, 5, 1, 2
893, the_end, betterend:chorus_forest, MONSTER, minecraft:enderman, 10, 1, 4
894, the_end, betterend:chorus_forest, MONSTER, alexsmobs:farseer, 5, 1, 1
895, the_end, betterend:chorus_forest, MONSTER, realmrpg_demons:chort, 1, 1, 3
896, the_end, betterend:chorus_forest, MONSTER, realmrpg_demons:demon, 8, 1, 3
897, the_end, betterend:chorus_forest, MONSTER, realmrpg_demons:demon_lord, 2, 1, 1
898, the_end, betterend:chorus_forest, MONSTER, the_awakening_of_the_elder_souls:golden_creeper, 1, 1, 1
899, the_end, betterend:chorus_forest, MONSTER, the_awakening_of_the_elder_souls:golden_witch, 1, 1, 1
900, the_end, betterend:chorus_forest, MONSTER, the_awakening_of_the_elder_souls:golden_zombie, 1, 1, 1
901, the_end, betterend:chorus_forest, MONSTER, realmrpg_demons:imp, 10, 1, 3
902, the_end, betterend:chorus_forest, MONSTER, realmrpg_demons:imp_guard, 8, 1, 3
903, the_end, betterend:chorus_forest, MONSTER, mowziesmobs:grottol, 2, 1, 1
904, the_end, betterend:chorus_forest, CREATURE, alexsmobs:endergrade, 5, 2, 6
905, the_end, betterend:chorus_forest, CREATURE, alexsmobs:spectre, 5, 1, 2
906, the_end, betterend:chorus_forest, CREATURE, alexsmobs:enderiophage, 5, 2, 2
907, the_end, betterend:chorus_forest, CREATURE, alexsmobs:cosmaw, 5, 1, 2
908, the_end, betterend:chorus_forest, CREATURE, goblins_tyranny:wanderer_goblin, 1, 1, 1
909, the_end, betterend:chorus_forest, AMBIENT, alexsmobs:cosmic_cod, 5, 9, 13
910, the_end, betterend:chorus_forest, AMBIENT, goblins_tyranny:coal_cave_goblin, 1, 1, 1
911, the_end, betterend:chorus_forest, AMBIENT, goblins_tyranny:copper_cave_goblin, 1, 1, 1
912, the_end, betterend:chorus_forest, AMBIENT, goblins_tyranny:gold_cave_goblin, 1, 1, 1
913, the_end, betterend:chorus_forest, AMBIENT, goblins_tyranny:iron_cave_goblin, 1, 1, 1
914, forest, biomeswevegone:cika_woods, MONSTER, minecraft:spider, 10, 4, 4
915, forest, biomeswevegone:cika_woods, MONSTER, minecraft:zombie, 10, 4, 4
916, forest, biomeswevegone:cika_woods, MONSTER, minecraft:zombie_villager, 5, 1, 1
917, forest, biomeswevegone:cika_woods, MONSTER, minecraft:skeleton, 10, 4, 4
918, forest, biomeswevegone:cika_woods, MONSTER, minecraft:creeper, 10, 4, 4
919, forest, biomeswevegone:cika_woods, MONSTER, minecraft:slime, 10, 4, 4
920, forest, biomeswevegone:cika_woods, MONSTER, minecraft:enderman, 10, 1, 4
921, forest, biomeswevegone:cika_woods, MONSTER, minecraft:witch, 5, 1, 1
922, forest, biomeswevegone:cika_woods, MONSTER, alexsmobs:centipede_head, 5, 1, 1
923, forest, biomeswevegone:cika_woods, MONSTER, alexsmobs:farseer, 5, 1, 1
924, forest, biomeswevegone:cika_woods, MONSTER, alexsmobs:murmur, 5, 1, 1
925, forest, biomeswevegone:cika_woods, MONSTER, realmrpg_demons:chort, 1, 1, 3
926, forest, biomeswevegone:cika_woods, MONSTER, realmrpg_demons:demon, 8, 1, 3
927, forest, biomeswevegone:cika_woods, MONSTER, realmrpg_demons:demon_lord, 2, 1, 1
928, forest, biomeswevegone:cika_woods, MONSTER, the_awakening_of_the_elder_souls:golden_creeper, 1, 1, 1
929, forest, biomeswevegone:cika_woods, MONSTER, the_awakening_of_the_elder_souls:golden_witch, 1, 1, 1
930, forest, biomeswevegone:cika_woods, MONSTER, the_awakening_of_the_elder_souls:golden_zombie, 1, 1, 1
931, forest, biomeswevegone:cika_woods, MONSTER, iceandfire:troll, 10, 1, 3
932, forest, biomeswevegone:cika_woods, MONSTER, realmrpg_demons:imp, 10, 1, 3
933, forest, biomeswevegone:cika_woods, MONSTER, realmrpg_demons:imp_guard, 8, 1, 3
934, forest, biomeswevegone:cika_woods, MONSTER, mowziesmobs:grottol, 2, 1, 1
935, forest, biomeswevegone:cika_woods, MONSTER, irons_spellbooks:necromancer, 1, 1, 1
936, forest, biomeswevegone:cika_woods, MONSTER, eidolon:wraith, 1, 1, 3
937, forest, biomeswevegone:cika_woods, MONSTER, eidolon:zombie_brute, 1, 1, 3
938, forest, biomeswevegone:cika_woods, CREATURE, minecraft:sheep, 10, 4, 4
939, forest, biomeswevegone:cika_woods, CREATURE, minecraft:pig, 10, 4, 4
940, forest, biomeswevegone:cika_woods, CREATURE, minecraft:chicken, 10, 4, 4
941, forest, biomeswevegone:cika_woods, CREATURE, minecraft:cow, 8, 4, 4
942, forest, biomeswevegone:cika_woods, CREATURE, valoria:goblin, 10, 1, 2
943, forest, biomeswevegone:cika_woods, CREATURE, alexsmobs:grizzly_bear, 5, 2, 3
944, forest, biomeswevegone:cika_woods, CREATURE, alexsmobs:raccoon, 5, 2, 4
945, forest, biomeswevegone:cika_woods, CREATURE, alexsmobs:crow, 5, 3, 5
946, forest, biomeswevegone:cika_woods, CREATURE, alexsmobs:tasmanian_devil, 5, 1, 2
947, forest, biomeswevegone:cika_woods, CREATURE, alexsmobs:skunk, 5, 1, 2
948, forest, biomeswevegone:cika_woods, CREATURE, alexsmobs:blue_jay, 5, 2, 4
949, forest, biomeswevegone:cika_woods, CREATURE, eidolon:raven, 1, 2, 4
950, forest, biomeswevegone:cika_woods, CREATURE, eidolon:slimy_slug, 1, 2, 5
951, forest, biomeswevegone:cika_woods, CREATURE, goblins_tyranny:wanderer_goblin, 1, 1, 1
952, forest, biomeswevegone:cika_woods, AMBIENT, minecraft:bat, 10, 8, 8
953, forest, biomeswevegone:cika_woods, AMBIENT, alexsmobs:fly, 5, 2, 3
954, forest, biomeswevegone:cika_woods, AMBIENT, alexsmobs:cockroach, 5, 5, 5
955, forest, biomeswevegone:cika_woods, AMBIENT, goblins_tyranny:coal_cave_goblin, 1, 1, 1
956, forest, biomeswevegone:cika_woods, AMBIENT, goblins_tyranny:copper_cave_goblin, 1, 1, 1
957, forest, biomeswevegone:cika_woods, AMBIENT, goblins_tyranny:gold_cave_goblin, 1, 1, 1
958, forest, biomeswevegone:cika_woods, AMBIENT, goblins_tyranny:iron_cave_goblin, 1, 1, 1
959, forest, biomeswevegone:cika_woods, WATER_AMBIENT, alexsmobs:devils_hole_pupfish, 5, 5, 12
960, none, biomeswevegone:coconino_meadow, MONSTER, minecraft:spider, 10, 4, 4
961, none, biomeswevegone:coconino_meadow, MONSTER, minecraft:zombie, 10, 4, 4
962, none, biomeswevegone:coconino_meadow, MONSTER, minecraft:zombie_villager, 5, 1, 1
963, none, biomeswevegone:coconino_meadow, MONSTER, minecraft:skeleton, 10, 4, 4
964, none, biomeswevegone:coconino_meadow, MONSTER, minecraft:creeper, 10, 4, 4
965, none, biomeswevegone:coconino_meadow, MONSTER, minecraft:slime, 10, 4, 4
966, none, biomeswevegone:coconino_meadow, MONSTER, minecraft:enderman, 10, 1, 4
967, none, biomeswevegone:coconino_meadow, MONSTER, minecraft:witch, 5, 1, 1
968, none, biomeswevegone:coconino_meadow, MONSTER, alexsmobs:centipede_head, 5, 1, 1
969, none, biomeswevegone:coconino_meadow, MONSTER, alexsmobs:farseer, 5, 1, 1
970, none, biomeswevegone:coconino_meadow, MONSTER, alexsmobs:murmur, 5, 1, 1
971, none, biomeswevegone:coconino_meadow, MONSTER, realmrpg_demons:chort, 1, 1, 3
972, none, biomeswevegone:coconino_meadow, MONSTER, realmrpg_demons:demon, 8, 1, 3
973, none, biomeswevegone:coconino_meadow, MONSTER, realmrpg_demons:demon_lord, 2, 1, 1
974, none, biomeswevegone:coconino_meadow, MONSTER, the_awakening_of_the_elder_souls:golden_creeper, 1, 1, 1
975, none, biomeswevegone:coconino_meadow, MONSTER, the_awakening_of_the_elder_souls:golden_witch, 1, 1, 1
976, none, biomeswevegone:coconino_meadow, MONSTER, the_awakening_of_the_elder_souls:golden_zombie, 1, 1, 1
977, none, biomeswevegone:coconino_meadow, MONSTER, realmrpg_demons:imp, 10, 1, 3
978, none, biomeswevegone:coconino_meadow, MONSTER, realmrpg_demons:imp_guard, 8, 1, 3
979, none, biomeswevegone:coconino_meadow, MONSTER, mowziesmobs:grottol, 2, 1, 1
980, none, biomeswevegone:coconino_meadow, MONSTER, irons_spellbooks:necromancer, 1, 1, 1
981, none, biomeswevegone:coconino_meadow, MONSTER, eidolon:wraith, 1, 1, 3
982, none, biomeswevegone:coconino_meadow, MONSTER, eidolon:zombie_brute, 1, 1, 3
983, none, biomeswevegone:coconino_meadow, CREATURE, minecraft:sheep, 10, 4, 4
984, none, biomeswevegone:coconino_meadow, CREATURE, minecraft:pig, 10, 4, 4
985, none, biomeswevegone:coconino_meadow, CREATURE, minecraft:chicken, 10, 4, 4
986, none, biomeswevegone:coconino_meadow, CREATURE, minecraft:cow, 8, 4, 4
987, none, biomeswevegone:coconino_meadow, CREATURE, minecraft:wolf, 8, 4, 4
988, none, biomeswevegone:coconino_meadow, CREATURE, minecraft:rabbit, 4, 2, 3
989, none, biomeswevegone:coconino_meadow, CREATURE, minecraft:fox, 8, 2, 4
990, none, biomeswevegone:coconino_meadow, CREATURE, valoria:goblin, 10, 1, 2
991, none, biomeswevegone:coconino_meadow, CREATURE, alexsmobs:raccoon, 5, 2, 4
992, none, biomeswevegone:coconino_meadow, CREATURE, alexsmobs:crow, 5, 3, 5
993, none, biomeswevegone:coconino_meadow, CREATURE, alexsmobs:bison, 5, 6, 10
994, none, biomeswevegone:coconino_meadow, CREATURE, goblins_tyranny:wanderer_goblin, 1, 1, 1
995, none, biomeswevegone:coconino_meadow, AMBIENT, minecraft:bat, 10, 8, 8
996, none, biomeswevegone:coconino_meadow, AMBIENT, alexsmobs:fly, 5, 2, 3
997, none, biomeswevegone:coconino_meadow, AMBIENT, alexsmobs:cockroach, 5, 5, 5
998, none, biomeswevegone:coconino_meadow, AMBIENT, goblins_tyranny:coal_cave_goblin, 1, 1, 1
999, none, biomeswevegone:coconino_meadow, AMBIENT, goblins_tyranny:copper_cave_goblin, 1, 1, 1
1000, none, biomeswevegone:coconino_meadow, AMBIENT, goblins_tyranny:gold_cave_goblin, 1, 1, 1
1001, none, biomeswevegone:coconino_meadow, AMBIENT, goblins_tyranny:iron_cave_goblin, 1, 1, 1
1002, none, biomeswevegone:coconino_meadow, UNDERGROUND_WATER_CREATURE, minecraft:glow_squid, 10, 4, 6
1003, none, biomeswevegone:coconino_meadow, WATER_AMBIENT, alexsmobs:devils_hole_pupfish, 5, 5, 12
1004, ocean, minecraft:cold_ocean, MONSTER, minecraft:spider, 10, 4, 4
1005, ocean, minecraft:cold_ocean, MONSTER, minecraft:zombie, 10, 4, 4
1006, ocean, minecraft:cold_ocean, MONSTER, minecraft:zombie_villager, 5, 1, 1
1007, ocean, minecraft:cold_ocean, MONSTER, minecraft:skeleton, 10, 4, 4
1008, ocean, minecraft:cold_ocean, MONSTER, minecraft:creeper, 10, 4, 4
1009, ocean, minecraft:cold_ocean, MONSTER, minecraft:slime, 10, 4, 4
1010, ocean, minecraft:cold_ocean, MONSTER, minecraft:enderman, 10, 1, 4
1011, ocean, minecraft:cold_ocean, MONSTER, minecraft:witch, 5, 1, 1
1012, ocean, minecraft:cold_ocean, MONSTER, minecraft:drowned, 5, 1, 1
1013, ocean, minecraft:cold_ocean, MONSTER, alexsmobs:farseer, 5, 1, 1
1014, ocean, minecraft:cold_ocean, MONSTER, realmrpg_demons:chort, 1, 1, 3
1015, ocean, minecraft:cold_ocean, MONSTER, realmrpg_demons:demon, 8, 1, 3
1016, ocean, minecraft:cold_ocean, MONSTER, realmrpg_demons:demon_lord, 2, 1, 1
1017, ocean, minecraft:cold_ocean, MONSTER, mythicmobs:chupacabra, 5, 1, 1
1018, ocean, minecraft:cold_ocean, MONSTER, the_awakening_of_the_elder_souls:golden_creeper, 1, 1, 1
1019, ocean, minecraft:cold_ocean, MONSTER, the_awakening_of_the_elder_souls:golden_witch, 1, 1, 1
1020, ocean, minecraft:cold_ocean, MONSTER, the_awakening_of_the_elder_souls:golden_zombie, 1, 1, 1
1021, ocean, minecraft:cold_ocean, MONSTER, realmrpg_demons:imp, 10, 1, 3
1022, ocean, minecraft:cold_ocean, MONSTER, realmrpg_demons:imp_guard, 8, 1, 3
1023, ocean, minecraft:cold_ocean, MONSTER, mowziesmobs:grottol, 2, 1, 1
1024, ocean, minecraft:cold_ocean, MONSTER, irons_spellbooks:necromancer, 1, 1, 1
1025, ocean, minecraft:cold_ocean, MONSTER, eidolon:wraith, 1, 1, 3
1026, ocean, minecraft:cold_ocean, MONSTER, eidolon:zombie_brute, 1, 1, 3
1027, ocean, minecraft:cold_ocean, CREATURE, valoria:goblin, 10, 1, 2
1028, ocean, minecraft:cold_ocean, CREATURE, alexsmobs:seal, 5, 3, 8
1029, ocean, minecraft:cold_ocean, CREATURE, mythicmobs:drake, 5, 1, 4
1030, ocean, minecraft:cold_ocean, CREATURE, mythicmobs:kobold, 5, 3, 6
1031, ocean, minecraft:cold_ocean, CREATURE, mythicmobs:kobold_warrior, 5, 1, 3
1032, ocean, minecraft:cold_ocean, CREATURE, mythicmobs:mushroom_thing, 5, 3, 5
1033, ocean, minecraft:cold_ocean, CREATURE, eidolon:slimy_slug, 1, 2, 3
1034, ocean, minecraft:cold_ocean, CREATURE, goblins_tyranny:wanderer_goblin, 1, 1, 1
1035, ocean, minecraft:cold_ocean, AMBIENT, minecraft:bat, 10, 8, 8
1036, ocean, minecraft:cold_ocean, AMBIENT, alexsmobs:fly, 5, 2, 3
1037, ocean, minecraft:cold_ocean, AMBIENT, goblins_tyranny:coal_cave_goblin, 1, 1, 1
1038, ocean, minecraft:cold_ocean, AMBIENT, goblins_tyranny:copper_cave_goblin, 1, 1, 1
1039, ocean, minecraft:cold_ocean, AMBIENT, goblins_tyranny:gold_cave_goblin, 1, 1, 1
1040, ocean, minecraft:cold_ocean, AMBIENT, goblins_tyranny:iron_cave_goblin, 1, 1, 1
1041, ocean, minecraft:cold_ocean, UNDERGROUND_WATER_CREATURE, minecraft:glow_squid, 10, 4, 6
1042, ocean, minecraft:cold_ocean, WATER_CREATURE, minecraft:squid, 3, 1, 4
1043, ocean, minecraft:cold_ocean, WATER_CREATURE, alexsmobs:orca, 5, 3, 4
1044, ocean, minecraft:cold_ocean, WATER_CREATURE, alexsmobs:cachalot_whale, 5, 1, 2
1045, ocean, minecraft:cold_ocean, WATER_AMBIENT, minecraft:cod, 10, 3, 6
1046, ocean, minecraft:cold_ocean, WATER_AMBIENT, minecraft:salmon, 10, 1, 5
1047, ocean, minecraft:cold_ocean, WATER_AMBIENT, alexsmobs:devils_hole_pupfish, 5, 5, 12
1048, forest, biomeswevegone:coniferous_forest, MONSTER, minecraft:spider, 10, 4, 4
1049, forest, biomeswevegone:coniferous_forest, MONSTER, minecraft:zombie, 10, 4, 4
1050, forest, biomeswevegone:coniferous_forest, MONSTER, minecraft:skeleton, 10, 4, 4
1051, forest, biomeswevegone:coniferous_forest, MONSTER, minecraft:zombie_villager, 10, 1, 1
1052, forest, biomeswevegone:coniferous_forest, MONSTER, minecraft:creeper, 10, 4, 4
1053, forest, biomeswevegone:coniferous_forest, MONSTER, minecraft:slime, 10, 4, 4
1054, forest, biomeswevegone:coniferous_forest, MONSTER, minecraft:enderman, 10, 1, 4
1055, forest, biomeswevegone:coniferous_forest, MONSTER, minecraft:witch, 5, 1, 1
1056, forest, biomeswevegone:coniferous_forest, MONSTER, alexsmobs:centipede_head, 5, 1, 1
1057, forest, biomeswevegone:coniferous_forest, MONSTER, alexsmobs:farseer, 5, 1, 1
1058, forest, biomeswevegone:coniferous_forest, MONSTER, alexsmobs:murmur, 5, 1, 1
1059, forest, biomeswevegone:coniferous_forest, MONSTER, realmrpg_demons:chort, 1, 1, 3
1060, forest, biomeswevegone:coniferous_forest, MONSTER, realmrpg_demons:demon, 8, 1, 3
1061, forest, biomeswevegone:coniferous_forest, MONSTER, realmrpg_demons:demon_lord, 2, 1, 1
1062, forest, biomeswevegone:coniferous_forest, MONSTER, the_awakening_of_the_elder_souls:golden_creeper, 1, 1, 1
1063, forest, biomeswevegone:coniferous_forest, MONSTER, the_awakening_of_the_elder_souls:golden_witch, 1, 1, 1
1064, forest, biomeswevegone:coniferous_forest, MONSTER, the_awakening_of_the_elder_souls:golden_zombie, 1, 1, 1
1065, forest, biomeswevegone:coniferous_forest, MONSTER, iceandfire:troll, 10, 1, 3
1066, forest, biomeswevegone:coniferous_forest, MONSTER, realmrpg_demons:imp, 10, 1, 3
1067, forest, biomeswevegone:coniferous_forest, MONSTER, realmrpg_demons:imp_guard, 8, 1, 3
1068, forest, biomeswevegone:coniferous_forest, MONSTER, mowziesmobs:grottol, 2, 1, 1
1069, forest, biomeswevegone:coniferous_forest, MONSTER, irons_spellbooks:necromancer, 1, 1, 1
1070, forest, biomeswevegone:coniferous_forest, MONSTER, eidolon:wraith, 1, 1, 3
1071, forest, biomeswevegone:coniferous_forest, MONSTER, eidolon:zombie_brute, 1, 1, 3
1072, forest, biomeswevegone:coniferous_forest, CREATURE, minecraft:sheep, 10, 4, 4
1073, forest, biomeswevegone:coniferous_forest, CREATURE, minecraft:pig, 10, 4, 4
1074, forest, biomeswevegone:coniferous_forest, CREATURE, minecraft:chicken, 10, 4, 4
1075, forest, biomeswevegone:coniferous_forest, CREATURE, minecraft:cow, 8, 4, 4
1076, forest, biomeswevegone:coniferous_forest, CREATURE, minecraft:wolf, 8, 4, 4
1077, forest, biomeswevegone:coniferous_forest, CREATURE, minecraft:rabbit, 4, 2, 3
1078, forest, biomeswevegone:coniferous_forest, CREATURE, minecraft:fox, 8, 2, 4
1079, forest, biomeswevegone:coniferous_forest, CREATURE, valoria:goblin, 10, 1, 2
1080, forest, biomeswevegone:coniferous_forest, CREATURE, alexsmobs:grizzly_bear, 5, 2, 3
1081, forest, biomeswevegone:coniferous_forest, CREATURE, alexsmobs:raccoon, 5, 2, 4
1082, forest, biomeswevegone:coniferous_forest, CREATURE, alexsmobs:crow, 5, 3, 5
1083, forest, biomeswevegone:coniferous_forest, CREATURE, alexsmobs:tasmanian_devil, 5, 1, 2
1084, forest, biomeswevegone:coniferous_forest, CREATURE, alexsmobs:skunk, 5, 1, 2
1085, forest, biomeswevegone:coniferous_forest, CREATURE, alexsmobs:blue_jay, 5, 2, 4
1086, forest, biomeswevegone:coniferous_forest, CREATURE, eidolon:raven, 1, 2, 4
1087, forest, biomeswevegone:coniferous_forest, CREATURE, eidolon:slimy_slug, 1, 2, 5
1088, forest, biomeswevegone:coniferous_forest, CREATURE, goblins_tyranny:wanderer_goblin, 1, 1, 1
1089, forest, biomeswevegone:coniferous_forest, AMBIENT, minecraft:bat, 10, 8, 8
1090, forest, biomeswevegone:coniferous_forest, AMBIENT, alexsmobs:fly, 5, 2, 3
1091, forest, biomeswevegone:coniferous_forest, AMBIENT, alexsmobs:cockroach, 5, 5, 5
1092, forest, biomeswevegone:coniferous_forest, AMBIENT, goblins_tyranny:coal_cave_goblin, 1, 1, 1
1093, forest, biomeswevegone:coniferous_forest, AMBIENT, goblins_tyranny:copper_cave_goblin, 1, 1, 1
1094, forest, biomeswevegone:coniferous_forest, AMBIENT, goblins_tyranny:gold_cave_goblin, 1, 1, 1
1095, forest, biomeswevegone:coniferous_forest, AMBIENT, goblins_tyranny:iron_cave_goblin, 1, 1, 1
1096, forest, biomeswevegone:coniferous_forest, WATER_AMBIENT, alexsmobs:devils_hole_pupfish, 5, 5, 12
1097, jungle, biomeswevegone:crag_gardens, MONSTER, minecraft:spider, 10, 4, 4
1098, jungle, biomeswevegone:crag_gardens, MONSTER, minecraft:zombie, 10, 4, 4
1099, jungle, biomeswevegone:crag_gardens, MONSTER, minecraft:zombie_villager, 5, 1, 1
1100, jungle, biomeswevegone:crag_gardens, MONSTER, minecraft:skeleton, 10, 4, 4
1101, jungle, biomeswevegone:crag_gardens, MONSTER, minecraft:creeper, 10, 4, 4
1102, jungle, biomeswevegone:crag_gardens, MONSTER, minecraft:slime, 10, 4, 4
1103, jungle, biomeswevegone:crag_gardens, MONSTER, minecraft:enderman, 10, 1, 4
1104, jungle, biomeswevegone:crag_gardens, MONSTER, minecraft:witch, 5, 1, 1
1105, jungle, biomeswevegone:crag_gardens, MONSTER, alexsmobs:centipede_head, 5, 1, 1
1106, jungle, biomeswevegone:crag_gardens, MONSTER, alexsmobs:farseer, 5, 1, 1
1107, jungle, biomeswevegone:crag_gardens, MONSTER, alexsmobs:murmur, 5, 1, 1
1108, jungle, biomeswevegone:crag_gardens, MONSTER, realmrpg_demons:chort, 1, 1, 3
1109, jungle, biomeswevegone:crag_gardens, MONSTER, realmrpg_demons:demon, 8, 1, 3
1110, jungle, biomeswevegone:crag_gardens, MONSTER, realmrpg_demons:demon_lord, 2, 1, 1
1111, jungle, biomeswevegone:crag_gardens, MONSTER, the_awakening_of_the_elder_souls:golden_creeper, 1, 1, 1
1112, jungle, biomeswevegone:crag_gardens, MONSTER, the_awakening_of_the_elder_souls:golden_witch, 1, 1, 1
1113, jungle, biomeswevegone:crag_gardens, MONSTER, the_awakening_of_the_elder_souls:golden_zombie, 1, 1, 1
1114, jungle, biomeswevegone:crag_gardens, MONSTER, iceandfire:troll, 10, 1, 3
1115, jungle, biomeswevegone:crag_gardens, MONSTER, realmrpg_demons:imp, 10, 1, 3
1116, jungle, biomeswevegone:crag_gardens, MONSTER, realmrpg_demons:imp_guard, 8, 1, 3
1117, jungle, biomeswevegone:crag_gardens, MONSTER, mowziesmobs:foliaath, 10, 1, 4
1118, jungle, biomeswevegone:crag_gardens, MONSTER, mowziesmobs:grottol, 2, 1, 1
1119, jungle, biomeswevegone:crag_gardens, MONSTER, irons_spellbooks:necromancer, 1, 1, 1
1120, jungle, biomeswevegone:crag_gardens, MONSTER, eidolon:wraith, 1, 1, 3
1121, jungle, biomeswevegone:crag_gardens, MONSTER, eidolon:zombie_brute, 1, 1, 3
1122, jungle, biomeswevegone:crag_gardens, CREATURE, minecraft:sheep, 10, 4, 4
1123, jungle, biomeswevegone:crag_gardens, CREATURE, minecraft:pig, 10, 4, 4
1124, jungle, biomeswevegone:crag_gardens, CREATURE, minecraft:chicken, 10, 4, 4
1125, jungle, biomeswevegone:crag_gardens, CREATURE, minecraft:cow, 8, 4, 4
1126, jungle, biomeswevegone:crag_gardens, CREATURE, minecraft:chicken, 10, 4, 4
1127, jungle, biomeswevegone:crag_gardens, CREATURE, minecraft:parrot, 10, 1, 2
1128, jungle, biomeswevegone:crag_gardens, CREATURE, minecraft:ocelot, 2, 1, 1
1129, jungle, biomeswevegone:crag_gardens, CREATURE, valoria:goblin, 10, 1, 2
1130, jungle, biomeswevegone:crag_gardens, CREATURE, alexsmobs:hummingbird, 5, 7, 7
1131, jungle, biomeswevegone:crag_gardens, CREATURE, alexsmobs:sunbird, 5, 1, 1
1132, jungle, biomeswevegone:crag_gardens, CREATURE, alexsmobs:gorilla, 5, 7, 7
1133, jungle, biomeswevegone:crag_gardens, CREATURE, alexsmobs:capuchin_monkey, 5, 9, 16
1134, jungle, biomeswevegone:crag_gardens, CREATURE, alexsmobs:toucan, 5, 5, 5
1135, jungle, biomeswevegone:crag_gardens, CREATURE, alexsmobs:anteater, 5, 1, 3
1136, jungle, biomeswevegone:crag_gardens, CREATURE, iceandfire:hippogryph, 1, 1, 1
1137, jungle, biomeswevegone:crag_gardens, CREATURE, iceandfire:amphithere, 10, 1, 3
1138, jungle, biomeswevegone:crag_gardens, CREATURE, eidolon:slimy_slug, 1, 2, 3
1139, jungle, biomeswevegone:crag_gardens, CREATURE, goblins_tyranny:wanderer_goblin, 1, 1, 1
1140, jungle, biomeswevegone:crag_gardens, AMBIENT, minecraft:bat, 10, 8, 8
1141, jungle, biomeswevegone:crag_gardens, AMBIENT, minecraft:bat, 10, 8, 8
1142, jungle, biomeswevegone:crag_gardens, AMBIENT, alexsmobs:fly, 5, 2, 3
1143, jungle, biomeswevegone:crag_gardens, AMBIENT, alexsmobs:cockroach, 5, 5, 5
1144, jungle, biomeswevegone:crag_gardens, AMBIENT, goblins_tyranny:coal_cave_goblin, 1, 1, 1
1145, jungle, biomeswevegone:crag_gardens, AMBIENT, goblins_tyranny:copper_cave_goblin, 1, 1, 1
1146, jungle, biomeswevegone:crag_gardens, AMBIENT, goblins_tyranny:gold_cave_goblin, 1, 1, 1
1147, jungle, biomeswevegone:crag_gardens, AMBIENT, goblins_tyranny:iron_cave_goblin, 1, 1, 1
1148, jungle, biomeswevegone:crag_gardens, UNDERGROUND_WATER_CREATURE, minecraft:glow_squid, 10, 4, 6
1149, jungle, biomeswevegone:crag_gardens, WATER_AMBIENT, alexsmobs:devils_hole_pupfish, 5, 5, 12
1150, nether, minecraft:crimson_forest, MONSTER, minecraft:zombified_piglin, 1, 2, 4
1151, nether, minecraft:crimson_forest, MONSTER, minecraft:hoglin, 9, 3, 4
1152, nether, minecraft:crimson_forest, MONSTER, minecraft:piglin, 5, 3, 4
1153, nether, minecraft:crimson_forest, MONSTER, alexsmobs:bone_serpent, 5, 1, 1
1154, nether, minecraft:crimson_forest, MONSTER, alexsmobs:crimson_mosquito, 5, 4, 4
1155, nether, minecraft:crimson_forest, MONSTER, alexsmobs:farseer, 5, 1, 1
1156, nether, minecraft:crimson_forest, MONSTER, realmrpg_demons:chort, 1, 1, 3
1157, nether, minecraft:crimson_forest, MONSTER, faded_conquest_2:demon, 10, 1, 3
1158, nether, minecraft:crimson_forest, MONSTER, realmrpg_demons:demon, 8, 1, 3
1159, nether, minecraft:crimson_forest, MONSTER, realmrpg_demons:demon_lord, 2, 1, 1
1160, nether, minecraft:crimson_forest, MONSTER, the_awakening_of_the_elder_souls:golden_creeper, 1, 1, 1
1161, nether, minecraft:crimson_forest, MONSTER, the_awakening_of_the_elder_souls:golden_witch, 1, 1, 1
1162, nether, minecraft:crimson_forest, MONSTER, the_awakening_of_the_elder_souls:golden_zombie, 1, 1, 1
1163, nether, minecraft:crimson_forest, MONSTER, realmrpg_demons:imp, 10, 1, 3
1164, nether, minecraft:crimson_forest, MONSTER, realmrpg_demons:imp_guard, 8, 1, 3
1165, nether, minecraft:crimson_forest, MONSTER, mowziesmobs:grottol, 2, 1, 1
1166, nether, minecraft:crimson_forest, MONSTER, soulsweapons:evil_forlorn, 10, 1, 1
1167, nether, minecraft:crimson_forest, MONSTER, soulsweapons:withered_demon, 10, 1, 1
1168, nether, minecraft:crimson_forest, MONSTER, minecraft:ghast, 0, 4, 4
1169, nether, minecraft:crimson_forest, MONSTER, betternether:naga, 0, 3, 5
1170, nether, minecraft:crimson_forest, CREATURE, minecraft:strider, 10, 1, 2
1171, nether, minecraft:crimson_forest, CREATURE, alexsmobs:laviathan, 5, 1, 1
1172, nether, minecraft:crimson_forest, CREATURE, goblins_tyranny:wanderer_goblin, 1, 1, 1
1173, nether, minecraft:crimson_forest, AMBIENT, goblins_tyranny:coal_cave_goblin, 1, 1, 1
1174, nether, minecraft:crimson_forest, AMBIENT, goblins_tyranny:copper_cave_goblin, 1, 1, 1
1175, nether, minecraft:crimson_forest, AMBIENT, goblins_tyranny:gold_cave_goblin, 1, 1, 1
1176, nether, minecraft:crimson_forest, AMBIENT, goblins_tyranny:iron_cave_goblin, 1, 1, 1
1177, nether, minecraft:crimson_forest, AMBIENT, betternether:firefly, 15, 1, 3
1178, nether, minecraft:crimson_forest, AMBIENT, betternether:hydrogen_jellyfish, 5, 2, 6
1179, nether, betternether:crimson_glowing_woods, MONSTER, minecraft:ghast, 10, 4, 4
1180, nether, betternether:crimson_glowing_woods, MONSTER, minecraft:zombified_piglin, 10, 4, 4
1181, nether, betternether:crimson_glowing_woods, MONSTER, minecraft:magma_cube, 2, 4, 4
1182, nether, betternether:crimson_glowing_woods, MONSTER, betternether:skull, 2, 2, 4
1183, nether, betternether:crimson_glowing_woods, MONSTER, minecraft:enderman, 1, 4, 4
1184, nether, betternether:crimson_glowing_woods, MONSTER, minecraft:piglin, 10, 4, 4
1185, nether, betternether:crimson_glowing_woods, MONSTER, minecraft:hoglin, 9, 1, 2
1186, nether, betternether:crimson_glowing_woods, MONSTER, betternether:naga, 0, 3, 5
1187, nether, betternether:crimson_glowing_woods, MONSTER, betternether:jungle_skeleton, 0, 2, 4
1188, nether, betternether:crimson_glowing_woods, MONSTER, minecraft:piglin_brute, 0, 1, 1
1189, nether, betternether:crimson_glowing_woods, MONSTER, alexsmobs:bone_serpent, 5, 1, 1
1190, nether, betternether:crimson_glowing_woods, MONSTER, alexsmobs:farseer, 5, 1, 1
1191, nether, betternether:crimson_glowing_woods, MONSTER, realmrpg_demons:chort, 1, 1, 3
1192, nether, betternether:crimson_glowing_woods, MONSTER, realmrpg_demons:demon, 8, 1, 3
1193, nether, betternether:crimson_glowing_woods, MONSTER, realmrpg_demons:demon_lord, 2, 1, 1
1194, nether, betternether:crimson_glowing_woods, MONSTER, the_awakening_of_the_elder_souls:golden_creeper, 1, 1, 1
1195, nether, betternether:crimson_glowing_woods, MONSTER, the_awakening_of_the_elder_souls:golden_witch, 1, 1, 1
1196, nether, betternether:crimson_glowing_woods, MONSTER, the_awakening_of_the_elder_souls:golden_zombie, 1, 1, 1
1197, nether, betternether:crimson_glowing_woods, MONSTER, realmrpg_demons:imp, 10, 1, 3
1198, nether, betternether:crimson_glowing_woods, MONSTER, realmrpg_demons:imp_guard, 8, 1, 3
1199, nether, betternether:crimson_glowing_woods, MONSTER, mowziesmobs:grottol, 2, 1, 1
1200, nether, betternether:crimson_glowing_woods, MONSTER, soulsweapons:evil_forlorn, 10, 1, 1
1201, nether, betternether:crimson_glowing_woods, MONSTER, soulsweapons:withered_demon, 10, 1, 1
1202, nether, betternether:crimson_glowing_woods, CREATURE, minecraft:strider, 10, 1, 2
1203, nether, betternether:crimson_glowing_woods, CREATURE, alexsmobs:laviathan, 5, 1, 1
1204, nether, betternether:crimson_glowing_woods, CREATURE, goblins_tyranny:wanderer_goblin, 1, 1, 1
1205, nether, betternether:crimson_glowing_woods, AMBIENT, betternether:firefly, 5, 1, 3
1206, nether, betternether:crimson_glowing_woods, AMBIENT, betternether:hydrogen_jellyfish, 5, 2, 6
1207, nether, betternether:crimson_glowing_woods, AMBIENT, betternether:flying_pig, 10, 2, 4
1208, nether, betternether:crimson_glowing_woods, AMBIENT, goblins_tyranny:coal_cave_goblin, 1, 1, 1
1209, nether, betternether:crimson_glowing_woods, AMBIENT, goblins_tyranny:copper_cave_goblin, 1, 1, 1
1210, nether, betternether:crimson_glowing_woods, AMBIENT, goblins_tyranny:gold_cave_goblin, 1, 1, 1
1211, nether, betternether:crimson_glowing_woods, AMBIENT, goblins_tyranny:iron_cave_goblin, 1, 1, 1
1212, nether, betternether:crimson_pinewood, MONSTER, minecraft:ghast, 10, 4, 4
1213, nether, betternether:crimson_pinewood, MONSTER, minecraft:zombified_piglin, 10, 4, 4
1214, nether, betternether:crimson_pinewood, MONSTER, minecraft:magma_cube, 2, 4, 4
1215, nether, betternether:crimson_pinewood, MONSTER, betternether:skull, 2, 2, 4
1216, nether, betternether:crimson_pinewood, MONSTER, minecraft:enderman, 1, 4, 4
1217, nether, betternether:crimson_pinewood, MONSTER, minecraft:piglin, 10, 4, 4
1218, nether, betternether:crimson_pinewood, MONSTER, minecraft:hoglin, 9, 1, 2
1219, nether, betternether:crimson_pinewood, MONSTER, betternether:naga, 0, 3, 5
1220, nether, betternether:crimson_pinewood, MONSTER, betternether:jungle_skeleton, 0, 2, 4
1221, nether, betternether:crimson_pinewood, MONSTER, minecraft:piglin_brute, 0, 1, 1
1222, nether, betternether:crimson_pinewood, MONSTER, alexsmobs:bone_serpent, 5, 1, 1
1223, nether, betternether:crimson_pinewood, MONSTER, alexsmobs:farseer, 5, 1, 1
1224, nether, betternether:crimson_pinewood, MONSTER, realmrpg_demons:chort, 1, 1, 3
1225, nether, betternether:crimson_pinewood, MONSTER, realmrpg_demons:demon, 8, 1, 3
1226, nether, betternether:crimson_pinewood, MONSTER, realmrpg_demons:demon_lord, 2, 1, 1
1227, nether, betternether:crimson_pinewood, MONSTER, the_awakening_of_the_elder_souls:golden_creeper, 1, 1, 1
1228, nether, betternether:crimson_pinewood, MONSTER, the_awakening_of_the_elder_souls:golden_witch, 1, 1, 1
1229, nether, betternether:crimson_pinewood, MONSTER, the_awakening_of_the_elder_souls:golden_zombie, 1, 1, 1
1230, nether, betternether:crimson_pinewood, MONSTER, realmrpg_demons:imp, 10, 1, 3
1231, nether, betternether:crimson_pinewood, MONSTER, realmrpg_demons:imp_guard, 8, 1, 3
1232, nether, betternether:crimson_pinewood, MONSTER, mowziesmobs:grottol, 2, 1, 1
1233, nether, betternether:crimson_pinewood, MONSTER, soulsweapons:evil_forlorn, 10, 1, 1
1234, nether, betternether:crimson_pinewood, MONSTER, soulsweapons:withered_demon, 10, 1, 1
1235, nether, betternether:crimson_pinewood, CREATURE, minecraft:strider, 10, 1, 2
1236, nether, betternether:crimson_pinewood, CREATURE, alexsmobs:laviathan, 5, 1, 1
1237, nether, betternether:crimson_pinewood, CREATURE, goblins_tyranny:wanderer_goblin, 1, 1, 1
1238, nether, betternether:crimson_pinewood, AMBIENT, betternether:firefly, 5, 1, 3
1239, nether, betternether:crimson_pinewood, AMBIENT, betternether:hydrogen_jellyfish, 5, 2, 6
1240, nether, betternether:crimson_pinewood, AMBIENT, betternether:flying_pig, 10, 2, 4
1241, nether, betternether:crimson_pinewood, AMBIENT, goblins_tyranny:coal_cave_goblin, 1, 1, 1
1242, nether, betternether:crimson_pinewood, AMBIENT, goblins_tyranny:copper_cave_goblin, 1, 1, 1
1243, nether, betternether:crimson_pinewood, AMBIENT, goblins_tyranny:gold_cave_goblin, 1, 1, 1
1244, nether, betternether:crimson_pinewood, AMBIENT, goblins_tyranny:iron_cave_goblin, 1, 1, 1
1245, none, biomeswevegone:crimson_tundra, MONSTER, minecraft:spider, 10, 4, 4
1246, none, biomeswevegone:crimson_tundra, MONSTER, minecraft:zombie, 10, 4, 4
1247, none, biomeswevegone:crimson_tundra, MONSTER, minecraft:zombie_villager, 5, 1, 1
1248, none, biomeswevegone:crimson_tundra, MONSTER, minecraft:skeleton, 10, 4, 4
1249, none, biomeswevegone:crimson_tundra, MONSTER, minecraft:creeper, 10, 4, 4
1250, none, biomeswevegone:crimson_tundra, MONSTER, minecraft:slime, 10, 4, 4
1251, none, biomeswevegone:crimson_tundra, MONSTER, minecraft:enderman, 10, 1, 4
1252, none, biomeswevegone:crimson_tundra, MONSTER, minecraft:witch, 5, 1, 1
1253, none, biomeswevegone:crimson_tundra, MONSTER, minecraft:stray, 10, 2, 3
1254, none, biomeswevegone:crimson_tundra, MONSTER, alexsmobs:centipede_head, 5, 1, 1
1255, none, biomeswevegone:crimson_tundra, MONSTER, alexsmobs:farseer, 5, 1, 1
1256, none, biomeswevegone:crimson_tundra, MONSTER, alexsmobs:murmur, 5, 1, 1
1257, none, biomeswevegone:crimson_tundra, MONSTER, realmrpg_demons:chort, 1, 1, 3
1258, none, biomeswevegone:crimson_tundra, MONSTER, realmrpg_demons:demon, 8, 1, 3
1259, none, biomeswevegone:crimson_tundra, MONSTER, realmrpg_demons:demon_lord, 2, 1, 1
1260, none, biomeswevegone:crimson_tundra, MONSTER, the_awakening_of_the_elder_souls:golden_creeper, 1, 1, 1
1261, none, biomeswevegone:crimson_tundra, MONSTER, the_awakening_of_the_elder_souls:golden_witch, 1, 1, 1
1262, none, biomeswevegone:crimson_tundra, MONSTER, the_awakening_of_the_elder_souls:golden_zombie, 1, 1, 1
1263, none, biomeswevegone:crimson_tundra, MONSTER, realmrpg_demons:imp, 10, 1, 3
1264, none, biomeswevegone:crimson_tundra, MONSTER, realmrpg_demons:imp_guard, 8, 1, 3
1265, none, biomeswevegone:crimson_tundra, MONSTER, mowziesmobs:grottol, 2, 1, 1
1266, none, biomeswevegone:crimson_tundra, MONSTER, irons_spellbooks:necromancer, 1, 1, 1
1267, none, biomeswevegone:crimson_tundra, MONSTER, eidolon:wraith, 1, 1, 3
1268, none, biomeswevegone:crimson_tundra, MONSTER, eidolon:zombie_brute, 1, 1, 3
1269, none, biomeswevegone:crimson_tundra, CREATURE, minecraft:sheep, 10, 4, 4
1270, none, biomeswevegone:crimson_tundra, CREATURE, minecraft:pig, 10, 4, 4
1271, none, biomeswevegone:crimson_tundra, CREATURE, minecraft:chicken, 10, 4, 4
1272, none, biomeswevegone:crimson_tundra, CREATURE, minecraft:cow, 8, 4, 4
1273, none, biomeswevegone:crimson_tundra, CREATURE, minecraft:rabbit, 10, 2, 3
1274, none, biomeswevegone:crimson_tundra, CREATURE, minecraft:fox, 8, 2, 4
1275, none, biomeswevegone:crimson_tundra, CREATURE, minecraft:polar_bear, 1, 1, 2
1276, none, biomeswevegone:crimson_tundra, CREATURE, valoria:goblin, 10, 1, 2
1277, none, biomeswevegone:crimson_tundra, CREATURE, alexsmobs:raccoon, 5, 2, 4
1278, none, biomeswevegone:crimson_tundra, CREATURE, alexsmobs:crow, 5, 3, 5
1279, none, biomeswevegone:crimson_tundra, CREATURE, alexsmobs:bison, 5, 6, 10
1280, none, biomeswevegone:crimson_tundra, CREATURE, eidolon:slimy_slug, 1, 2, 3
1281, none, biomeswevegone:crimson_tundra, CREATURE, goblins_tyranny:wanderer_goblin, 1, 1, 1
1282, none, biomeswevegone:crimson_tundra, AMBIENT, alexsmobs:fly, 5, 2, 3
1283, none, biomeswevegone:crimson_tundra, AMBIENT, alexsmobs:cockroach, 5, 5, 5
1284, none, biomeswevegone:crimson_tundra, AMBIENT, goblins_tyranny:coal_cave_goblin, 1, 1, 1
1285, none, biomeswevegone:crimson_tundra, AMBIENT, goblins_tyranny:copper_cave_goblin, 1, 1, 1
1286, none, biomeswevegone:crimson_tundra, AMBIENT, goblins_tyranny:gold_cave_goblin, 1, 1, 1
1287, none, biomeswevegone:crimson_tundra, AMBIENT, goblins_tyranny:iron_cave_goblin, 1, 1, 1
1288, none, biomeswevegone:crimson_tundra, WATER_AMBIENT, alexsmobs:devils_hole_pupfish, 5, 5, 12
1289, the_end, betterend:crystal_mountains, MONSTER, minecraft:enderman, 10, 1, 2
1290, the_end, betterend:crystal_mountains, MONSTER, alexsmobs:farseer, 5, 1, 1
1291, the_end, betterend:crystal_mountains, MONSTER, realmrpg_demons:chort, 1, 1, 3
1292, the_end, betterend:crystal_mountains, MONSTER, realmrpg_demons:demon, 8, 1, 3
1293, the_end, betterend:crystal_mountains, MONSTER, realmrpg_demons:demon_lord, 2, 1, 1
1294, the_end, betterend:crystal_mountains, MONSTER, the_awakening_of_the_elder_souls:golden_creeper, 1, 1, 1
1295, the_end, betterend:crystal_mountains, MONSTER, the_awakening_of_the_elder_souls:golden_witch, 1, 1, 1
1296, the_end, betterend:crystal_mountains, MONSTER, the_awakening_of_the_elder_souls:golden_zombie, 1, 1, 1
1297, the_end, betterend:crystal_mountains, MONSTER, realmrpg_demons:imp, 10, 1, 3
1298, the_end, betterend:crystal_mountains, MONSTER, realmrpg_demons:imp_guard, 8, 1, 3
1299, the_end, betterend:crystal_mountains, MONSTER, mowziesmobs:grottol, 2, 1, 1
1300, the_end, betterend:crystal_mountains, CREATURE, alexsmobs:endergrade, 5, 2, 6
1301, the_end, betterend:crystal_mountains, CREATURE, alexsmobs:spectre, 5, 1, 2
1302, the_end, betterend:crystal_mountains, CREATURE, alexsmobs:enderiophage, 5, 2, 2
1303, the_end, betterend:crystal_mountains, CREATURE, alexsmobs:cosmaw, 5, 1, 2
1304, the_end, betterend:crystal_mountains, CREATURE, goblins_tyranny:wanderer_goblin, 1, 1, 1
1305, the_end, betterend:crystal_mountains, AMBIENT, alexsmobs:cosmic_cod, 5, 9, 13
1306, the_end, betterend:crystal_mountains, AMBIENT, goblins_tyranny:coal_cave_goblin, 1, 1, 1
1307, the_end, betterend:crystal_mountains, AMBIENT, goblins_tyranny:copper_cave_goblin, 1, 1, 1
1308, the_end, betterend:crystal_mountains, AMBIENT, goblins_tyranny:gold_cave_goblin, 1, 1, 1
1309, the_end, betterend:crystal_mountains, AMBIENT, goblins_tyranny:iron_cave_goblin, 1, 1, 1
1310, none, biomeswevegone:cypress_swamplands, MONSTER, minecraft:spider, 10, 4, 4
1311, none, biomeswevegone:cypress_swamplands, MONSTER, minecraft:zombie, 10, 4, 4
1312, none, biomeswevegone:cypress_swamplands, MONSTER, minecraft:zombie_villager, 5, 1, 1
1313, none, biomeswevegone:cypress_swamplands, MONSTER, minecraft:skeleton, 10, 4, 4
1314, none, biomeswevegone:cypress_swamplands, MONSTER, minecraft:creeper, 10, 4, 4
1315, none, biomeswevegone:cypress_swamplands, MONSTER, minecraft:slime, 10, 4, 4
1316, none, biomeswevegone:cypress_swamplands, MONSTER, minecraft:enderman, 10, 1, 4
1317, none, biomeswevegone:cypress_swamplands, MONSTER, minecraft:witch, 5, 1, 1
1318, none, biomeswevegone:cypress_swamplands, MONSTER, minecraft:slime, 1, 1, 1
1319, none, biomeswevegone:cypress_swamplands, MONSTER, alexsmobs:centipede_head, 5, 1, 1
1320, none, biomeswevegone:cypress_swamplands, MONSTER, alexsmobs:farseer, 5, 1, 1
1321, none, biomeswevegone:cypress_swamplands, MONSTER, alexsmobs:murmur, 5, 1, 1
1322, none, biomeswevegone:cypress_swamplands, MONSTER, realmrpg_demons:chort, 1, 1, 3
1323, none, biomeswevegone:cypress_swamplands, MONSTER, realmrpg_demons:demon, 8, 1, 3
1324, none, biomeswevegone:cypress_swamplands, MONSTER, realmrpg_demons:demon_lord, 2, 1, 1
1325, none, biomeswevegone:cypress_swamplands, MONSTER, the_awakening_of_the_elder_souls:golden_creeper, 1, 1, 1
1326, none, biomeswevegone:cypress_swamplands, MONSTER, the_awakening_of_the_elder_souls:golden_witch, 1, 1, 1
1327, none, biomeswevegone:cypress_swamplands, MONSTER, the_awakening_of_the_elder_souls:golden_zombie, 1, 1, 1
1328, none, biomeswevegone:cypress_swamplands, MONSTER, realmrpg_demons:imp, 10, 1, 3
1329, none, biomeswevegone:cypress_swamplands, MONSTER, realmrpg_demons:imp_guard, 8, 1, 3
1330, none, biomeswevegone:cypress_swamplands, MONSTER, mowziesmobs:grottol, 2, 1, 1
1331, none, biomeswevegone:cypress_swamplands, MONSTER, irons_spellbooks:necromancer, 1, 1, 1
1332, none, biomeswevegone:cypress_swamplands, MONSTER, eidolon:wraith, 1, 1, 3
1333, none, biomeswevegone:cypress_swamplands, MONSTER, eidolon:zombie_brute, 1, 1, 3
1334, none, biomeswevegone:cypress_swamplands, CREATURE, minecraft:frog, 10, 2, 5
1335, none, biomeswevegone:cypress_swamplands, CREATURE, valoria:goblin, 10, 1, 2
1336, none, biomeswevegone:cypress_swamplands, CREATURE, alexsmobs:crocodile, 5, 1, 2
1337, none, biomeswevegone:cypress_swamplands, CREATURE, alexsmobs:shoebill, 5, 1, 2
1338, none, biomeswevegone:cypress_swamplands, CREATURE, alexsmobs:alligator_snapping_turtle, 10, 1, 2
1339, none, biomeswevegone:cypress_swamplands, CREATURE, alexsmobs:anaconda, 5, 1, 1
1340, none, biomeswevegone:cypress_swamplands, CREATURE, eidolon:slimy_slug, 1, 2, 5
1341, none, biomeswevegone:cypress_swamplands, CREATURE, goblins_tyranny:wanderer_goblin, 1, 1, 1
1342, none, biomeswevegone:cypress_swamplands, AMBIENT, minecraft:bat, 10, 8, 8
1343, none, biomeswevegone:cypress_swamplands, AMBIENT, alexsmobs:fly, 5, 2, 3
1344, none, biomeswevegone:cypress_swamplands, AMBIENT, alexsmobs:cockroach, 5, 5, 5
1345, none, biomeswevegone:cypress_swamplands, AMBIENT, goblins_tyranny:coal_cave_goblin, 1, 1, 1
1346, none, biomeswevegone:cypress_swamplands, AMBIENT, goblins_tyranny:copper_cave_goblin, 1, 1, 1
1347, none, biomeswevegone:cypress_swamplands, AMBIENT, goblins_tyranny:gold_cave_goblin, 1, 1, 1
1348, none, biomeswevegone:cypress_swamplands, AMBIENT, goblins_tyranny:iron_cave_goblin, 1, 1, 1
1349, none, biomeswevegone:cypress_swamplands, UNDERGROUND_WATER_CREATURE, minecraft:glow_squid, 10, 4, 6
1350, none, biomeswevegone:cypress_swamplands, WATER_AMBIENT, minecraft:tropical_fish, 10, 8, 8
1351, none, biomeswevegone:cypress_swamplands, WATER_AMBIENT, alexsmobs:devils_hole_pupfish, 5, 5, 12
1352, none, biomeswevegone:cypress_swamplands, WATER_AMBIENT, alexsmobs:catfish, 5, 1, 3
1353, forest, biomeswevegone:dacite_ridges, MONSTER, minecraft:spider, 10, 4, 4
1354, forest, biomeswevegone:dacite_ridges, MONSTER, minecraft:zombie, 10, 4, 4
1355, forest, biomeswevegone:dacite_ridges, MONSTER, minecraft:zombie_villager, 5, 1, 1
1356, forest, biomeswevegone:dacite_ridges, MONSTER, minecraft:skeleton, 10, 4, 4
1357, forest, biomeswevegone:dacite_ridges, MONSTER, minecraft:creeper, 10, 4, 4
1358, forest, biomeswevegone:dacite_ridges, MONSTER, minecraft:slime, 10, 4, 4
1359, forest, biomeswevegone:dacite_ridges, MONSTER, minecraft:enderman, 10, 1, 4
1360, forest, biomeswevegone:dacite_ridges, MONSTER, minecraft:witch, 5, 1, 1
1361, forest, biomeswevegone:dacite_ridges, MONSTER, alexsmobs:centipede_head, 5, 1, 1
1362, forest, biomeswevegone:dacite_ridges, MONSTER, alexsmobs:farseer, 5, 1, 1
1363, forest, biomeswevegone:dacite_ridges, MONSTER, alexsmobs:murmur, 5, 1, 1
1364, forest, biomeswevegone:dacite_ridges, MONSTER, realmrpg_demons:chort, 1, 1, 3
1365, forest, biomeswevegone:dacite_ridges, MONSTER, realmrpg_demons:demon, 8, 1, 3
1366, forest, biomeswevegone:dacite_ridges, MONSTER, realmrpg_demons:demon_lord, 2, 1, 1
1367, forest, biomeswevegone:dacite_ridges, MONSTER, the_awakening_of_the_elder_souls:golden_creeper, 1, 1, 1
1368, forest, biomeswevegone:dacite_ridges, MONSTER, the_awakening_of_the_elder_souls:golden_witch, 1, 1, 1
1369, forest, biomeswevegone:dacite_ridges, MONSTER, the_awakening_of_the_elder_souls:golden_zombie, 1, 1, 1
1370, forest, biomeswevegone:dacite_ridges, MONSTER, iceandfire:troll, 10, 1, 3
1371, forest, biomeswevegone:dacite_ridges, MONSTER, realmrpg_demons:imp, 10, 1, 3
1372, forest, biomeswevegone:dacite_ridges, MONSTER, realmrpg_demons:imp_guard, 8, 1, 3
1373, forest, biomeswevegone:dacite_ridges, MONSTER, mowziesmobs:grottol, 2, 1, 1
1374, forest, biomeswevegone:dacite_ridges, MONSTER, irons_spellbooks:necromancer, 1, 1, 1
1375, forest, biomeswevegone:dacite_ridges, MONSTER, eidolon:wraith, 1, 1, 3
1376, forest, biomeswevegone:dacite_ridges, MONSTER, eidolon:zombie_brute, 1, 1, 3
1377, forest, biomeswevegone:dacite_ridges, CREATURE, minecraft:sheep, 10, 4, 4
1378, forest, biomeswevegone:dacite_ridges, CREATURE, minecraft:wolf, 8, 4, 4
1379, forest, biomeswevegone:dacite_ridges, CREATURE, minecraft:rabbit, 4, 2, 3
1380, forest, biomeswevegone:dacite_ridges, CREATURE, minecraft:fox, 8, 2, 4
1381, forest, biomeswevegone:dacite_ridges, CREATURE, valoria:goblin, 10, 1, 2
1382, forest, biomeswevegone:dacite_ridges, CREATURE, alexsmobs:grizzly_bear, 5, 2, 3
1383, forest, biomeswevegone:dacite_ridges, CREATURE, alexsmobs:raccoon, 5, 2, 4
1384, forest, biomeswevegone:dacite_ridges, CREATURE, alexsmobs:crow, 5, 3, 5
1385, forest, biomeswevegone:dacite_ridges, CREATURE, alexsmobs:tasmanian_devil, 5, 1, 2
1386, forest, biomeswevegone:dacite_ridges, CREATURE, alexsmobs:skunk, 5, 1, 2
1387, forest, biomeswevegone:dacite_ridges, CREATURE, alexsmobs:blue_jay, 5, 2, 4
1388, forest, biomeswevegone:dacite_ridges, CREATURE, eidolon:raven, 1, 2, 4
1389, forest, biomeswevegone:dacite_ridges, CREATURE, eidolon:slimy_slug, 1, 2, 5
1390, forest, biomeswevegone:dacite_ridges, CREATURE, goblins_tyranny:wanderer_goblin, 1, 1, 1
1391, forest, biomeswevegone:dacite_ridges, AMBIENT, minecraft:bat, 10, 8, 8
1392, forest, biomeswevegone:dacite_ridges, AMBIENT, alexsmobs:fly, 5, 2, 3
1393, forest, biomeswevegone:dacite_ridges, AMBIENT, alexsmobs:cockroach, 5, 5, 5
1394, forest, biomeswevegone:dacite_ridges, AMBIENT, goblins_tyranny:coal_cave_goblin, 1, 1, 1
1395, forest, biomeswevegone:dacite_ridges, AMBIENT, goblins_tyranny:copper_cave_goblin, 1, 1, 1
1396, forest, biomeswevegone:dacite_ridges, AMBIENT, goblins_tyranny:gold_cave_goblin, 1, 1, 1
1397, forest, biomeswevegone:dacite_ridges, AMBIENT, goblins_tyranny:iron_cave_goblin, 1, 1, 1
1398, forest, biomeswevegone:dacite_ridges, WATER_AMBIENT, alexsmobs:devils_hole_pupfish, 5, 5, 12
1399, beach, biomeswevegone:dacite_shore, MONSTER, minecraft:spider, 10, 4, 4
1400, beach, biomeswevegone:dacite_shore, MONSTER, minecraft:zombie, 10, 4, 4
1401, beach, biomeswevegone:dacite_shore, MONSTER, minecraft:zombie_villager, 5, 1, 1
1402, beach, biomeswevegone:dacite_shore, MONSTER, minecraft:skeleton, 10, 4, 4
1403, beach, biomeswevegone:dacite_shore, MONSTER, minecraft:creeper, 10, 4, 4
1404, beach, biomeswevegone:dacite_shore, MONSTER, minecraft:slime, 10, 4, 4
1405, beach, biomeswevegone:dacite_shore, MONSTER, minecraft:enderman, 10, 1, 4
1406, beach, biomeswevegone:dacite_shore, MONSTER, minecraft:witch, 5, 1, 1
1407, beach, biomeswevegone:dacite_shore, MONSTER, alexsmobs:centipede_head, 5, 1, 1
1408, beach, biomeswevegone:dacite_shore, MONSTER, alexsmobs:farseer, 5, 1, 1
1409, beach, biomeswevegone:dacite_shore, MONSTER, alexsmobs:murmur, 5, 1, 1
1410, beach, biomeswevegone:dacite_shore, MONSTER, realmrpg_demons:chort, 1, 1, 3
1411, beach, biomeswevegone:dacite_shore, MONSTER, realmrpg_demons:demon, 8, 1, 3
1412, beach, biomeswevegone:dacite_shore, MONSTER, realmrpg_demons:demon_lord, 2, 1, 1
1413, beach, biomeswevegone:dacite_shore, MONSTER, the_awakening_of_the_elder_souls:golden_creeper, 1, 1, 1
1414, beach, biomeswevegone:dacite_shore, MONSTER, the_awakening_of_the_elder_souls:golden_witch, 1, 1, 1
1415, beach, biomeswevegone:dacite_shore, MONSTER, the_awakening_of_the_elder_souls:golden_zombie, 1, 1, 1
1416, beach, biomeswevegone:dacite_shore, MONSTER, realmrpg_demons:imp, 10, 1, 3
1417, beach, biomeswevegone:dacite_shore, MONSTER, realmrpg_demons:imp_guard, 8, 1, 3
1418, beach, biomeswevegone:dacite_shore, MONSTER, mowziesmobs:grottol, 2, 1, 1
1419, beach, biomeswevegone:dacite_shore, MONSTER, irons_spellbooks:necromancer, 1, 1, 1
1420, beach, biomeswevegone:dacite_shore, MONSTER, eidolon:wraith, 1, 1, 3
1421, beach, biomeswevegone:dacite_shore, MONSTER, eidolon:zombie_brute, 1, 1, 3
1422, beach, biomeswevegone:dacite_shore, CREATURE, minecraft:sheep, 10, 4, 4
1423, beach, biomeswevegone:dacite_shore, CREATURE, minecraft:wolf, 8, 4, 4
1424, beach, biomeswevegone:dacite_shore, CREATURE, minecraft:rabbit, 4, 2, 3
1425, beach, biomeswevegone:dacite_shore, CREATURE, minecraft:fox, 8, 2, 4
1426, beach, biomeswevegone:dacite_shore, CREATURE, valoria:goblin, 10, 1, 2
1427, beach, biomeswevegone:dacite_shore, CREATURE, alexsmobs:seal, 5, 3, 8
1428, beach, biomeswevegone:dacite_shore, CREATURE, alexsmobs:seagull, 5, 3, 6
1429, beach, biomeswevegone:dacite_shore, CREATURE, eidolon:slimy_slug, 1, 2, 5
1430, beach, biomeswevegone:dacite_shore, CREATURE, goblins_tyranny:wanderer_goblin, 1, 1, 1
1431, beach, biomeswevegone:dacite_shore, AMBIENT, alexsmobs:fly, 5, 2, 3
1432, beach, biomeswevegone:dacite_shore, AMBIENT, alexsmobs:cockroach, 5, 5, 5
1433, beach, biomeswevegone:dacite_shore, AMBIENT, goblins_tyranny:coal_cave_goblin, 1, 1, 1
1434, beach, biomeswevegone:dacite_shore, AMBIENT, goblins_tyranny:copper_cave_goblin, 1, 1, 1
1435, beach, biomeswevegone:dacite_shore, AMBIENT, goblins_tyranny:gold_cave_goblin, 1, 1, 1
1436, beach, biomeswevegone:dacite_shore, AMBIENT, goblins_tyranny:iron_cave_goblin, 1, 1, 1
1437, beach, biomeswevegone:dacite_shore, WATER_AMBIENT, alexsmobs:lobster, 5, 3, 5
1438, beach, biomeswevegone:dacite_shore, WATER_AMBIENT, alexsmobs:devils_hole_pupfish, 5, 5, 12
1439, forest, minecraft:dark_forest, MONSTER, minecraft:spider, 10, 4, 4
1440, forest, minecraft:dark_forest, MONSTER, minecraft:zombie, 10, 4, 4
1441, forest, minecraft:dark_forest, MONSTER, minecraft:zombie_villager, 5, 1, 1
1442, forest, minecraft:dark_forest, MONSTER, minecraft:skeleton, 10, 4, 4
1443, forest, minecraft:dark_forest, MONSTER, minecraft:creeper, 10, 4, 4
1444, forest, minecraft:dark_forest, MONSTER, minecraft:slime, 10, 4, 4
1445, forest, minecraft:dark_forest, MONSTER, minecraft:enderman, 10, 1, 4
1446, forest, minecraft:dark_forest, MONSTER, minecraft:witch, 5, 1, 1
1447, forest, minecraft:dark_forest, MONSTER, alexsmobs:centipede_head, 5, 1, 1
1448, forest, minecraft:dark_forest, MONSTER, alexsmobs:farseer, 5, 1, 1
1449, forest, minecraft:dark_forest, MONSTER, alexsmobs:murmur, 5, 1, 1
1450, forest, minecraft:dark_forest, MONSTER, realmrpg_demons:chort, 1, 1, 3
1451, forest, minecraft:dark_forest, MONSTER, realmrpg_demons:demon, 8, 1, 3
1452, forest, minecraft:dark_forest, MONSTER, realmrpg_demons:demon_lord, 2, 1, 1
1453, forest, minecraft:dark_forest, MONSTER, mythicmobs:chupacabra, 5, 1, 1
1454, forest, minecraft:dark_forest, MONSTER, the_awakening_of_the_elder_souls:golden_creeper, 1, 1, 1
1455, forest, minecraft:dark_forest, MONSTER, the_awakening_of_the_elder_souls:golden_witch, 1, 1, 1
1456, forest, minecraft:dark_forest, MONSTER, the_awakening_of_the_elder_souls:golden_zombie, 1, 1, 1
1457, forest, minecraft:dark_forest, MONSTER, iceandfire:troll, 10, 1, 3
1458, forest, minecraft:dark_forest, MONSTER, realmrpg_demons:imp, 10, 1, 3
1459, forest, minecraft:dark_forest, MONSTER, realmrpg_demons:imp_guard, 8, 1, 3
1460, forest, minecraft:dark_forest, MONSTER, mowziesmobs:grottol, 2, 1, 1
1461, forest, minecraft:dark_forest, MONSTER, irons_spellbooks:necromancer, 1, 1, 1
1462, forest, minecraft:dark_forest, MONSTER, eidolon:wraith, 1, 1, 3
1463, forest, minecraft:dark_forest, MONSTER, eidolon:zombie_brute, 1, 1, 3
1464, forest, minecraft:dark_forest, CREATURE, minecraft:sheep, 10, 4, 4
1465, forest, minecraft:dark_forest, CREATURE, minecraft:pig, 10, 4, 4
1466, forest, minecraft:dark_forest, CREATURE, minecraft:chicken, 10, 4, 4
1467, forest, minecraft:dark_forest, CREATURE, minecraft:cow, 8, 4, 4
1468, forest, minecraft:dark_forest, CREATURE, valoria:goblin, 10, 1, 2
1469, forest, minecraft:dark_forest, CREATURE, alexsmobs:grizzly_bear, 5, 2, 3
1470, forest, minecraft:dark_forest, CREATURE, alexsmobs:raccoon, 5, 2, 4
1471, forest, minecraft:dark_forest, CREATURE, alexsmobs:crow, 5, 3, 5
1472, forest, minecraft:dark_forest, CREATURE, alexsmobs:tasmanian_devil, 5, 1, 2
1473, forest, minecraft:dark_forest, CREATURE, alexsmobs:potoo, 5, 1, 1
1474, forest, minecraft:dark_forest, CREATURE, alexsmobs:skunk, 5, 1, 2
1475, forest, minecraft:dark_forest, CREATURE, alexsmobs:blue_jay, 5, 2, 4
1476, forest, minecraft:dark_forest, CREATURE, mythicmobs:drake, 5, 1, 4
1477, forest, minecraft:dark_forest, CREATURE, mythicmobs:kobold, 5, 3, 6
1478, forest, minecraft:dark_forest, CREATURE, mythicmobs:kobold_warrior, 5, 1, 3
1479, forest, minecraft:dark_forest, CREATURE, mythicmobs:mushroom_thing, 5, 3, 5
1480, forest, minecraft:dark_forest, CREATURE, eidolon:raven, 1, 2, 4
1481, forest, minecraft:dark_forest, CREATURE, eidolon:slimy_slug, 1, 2, 5
1482, forest, minecraft:dark_forest, CREATURE, goblins_tyranny:wanderer_goblin, 1, 1, 1
1483, forest, minecraft:dark_forest, AMBIENT, minecraft:bat, 10, 8, 8
1484, forest, minecraft:dark_forest, AMBIENT, alexsmobs:fly, 5, 2, 3
1485, forest, minecraft:dark_forest, AMBIENT, alexsmobs:cockroach, 5, 5, 5
1486, forest, minecraft:dark_forest, AMBIENT, goblins_tyranny:coal_cave_goblin, 1, 1, 1
1487, forest, minecraft:dark_forest, AMBIENT, goblins_tyranny:copper_cave_goblin, 1, 1, 1
1488, forest, minecraft:dark_forest, AMBIENT, goblins_tyranny:gold_cave_goblin, 1, 1, 1
1489, forest, minecraft:dark_forest, AMBIENT, goblins_tyranny:iron_cave_goblin, 1, 1, 1
1490, forest, minecraft:dark_forest, AMBIENT, mowziesmobs:lantern, 5, 2, 4
1491, forest, minecraft:dark_forest, UNDERGROUND_WATER_CREATURE, minecraft:glow_squid, 10, 4, 6
1492, forest, minecraft:dark_forest, WATER_AMBIENT, alexsmobs:devils_hole_pupfish, 5, 5, 12
1493, ocean, biomeswevegone:dead_sea, MONSTER, minecraft:spider, 10, 4, 4
1494, ocean, biomeswevegone:dead_sea, MONSTER, minecraft:drowned, 10, 4, 4
1495, ocean, biomeswevegone:dead_sea, MONSTER, minecraft:zombie_villager, 5, 1, 1
1496, ocean, biomeswevegone:dead_sea, MONSTER, minecraft:skeleton, 10, 4, 4
1497, ocean, biomeswevegone:dead_sea, MONSTER, minecraft:creeper, 10, 4, 4
1498, ocean, biomeswevegone:dead_sea, MONSTER, minecraft:slime, 10, 4, 4
1499, ocean, biomeswevegone:dead_sea, MONSTER, minecraft:enderman, 10, 1, 4
1500, ocean, biomeswevegone:dead_sea, MONSTER, minecraft:witch, 5, 1, 1
1501, ocean, biomeswevegone:dead_sea, MONSTER, alexsmobs:farseer, 5, 1, 1
1502, ocean, biomeswevegone:dead_sea, MONSTER, realmrpg_demons:chort, 1, 1, 3
1503, ocean, biomeswevegone:dead_sea, MONSTER, realmrpg_demons:demon, 8, 1, 3
1504, ocean, biomeswevegone:dead_sea, MONSTER, realmrpg_demons:demon_lord, 2, 1, 1
1505, ocean, biomeswevegone:dead_sea, MONSTER, the_awakening_of_the_elder_souls:golden_creeper, 1, 1, 1
1506, ocean, biomeswevegone:dead_sea, MONSTER, the_awakening_of_the_elder_souls:golden_witch, 1, 1, 1
1507, ocean, biomeswevegone:dead_sea, MONSTER, the_awakening_of_the_elder_souls:golden_zombie, 1, 1, 1
1508, ocean, biomeswevegone:dead_sea, MONSTER, realmrpg_demons:imp, 10, 1, 3
1509, ocean, biomeswevegone:dead_sea, MONSTER, realmrpg_demons:imp_guard, 8, 1, 3
1510, ocean, biomeswevegone:dead_sea, MONSTER, mowziesmobs:grottol, 2, 1, 1
1511, ocean, biomeswevegone:dead_sea, MONSTER, irons_spellbooks:necromancer, 1, 1, 1
1512, ocean, biomeswevegone:dead_sea, MONSTER, eidolon:wraith, 1, 1, 3
1513, ocean, biomeswevegone:dead_sea, MONSTER, eidolon:zombie_brute, 1, 1, 3
1514, ocean, biomeswevegone:dead_sea, CREATURE, valoria:goblin, 10, 1, 2
1515, ocean, biomeswevegone:dead_sea, CREATURE, goblins_tyranny:wanderer_goblin, 1, 1, 1
1516, ocean, biomeswevegone:dead_sea, AMBIENT, minecraft:bat, 10, 8, 8
1517, ocean, biomeswevegone:dead_sea, AMBIENT, alexsmobs:fly, 5, 2, 3
1518, ocean, biomeswevegone:dead_sea, AMBIENT, goblins_tyranny:coal_cave_goblin, 1, 1, 1
1519, ocean, biomeswevegone:dead_sea, AMBIENT, goblins_tyranny:copper_cave_goblin, 1, 1, 1
1520, ocean, biomeswevegone:dead_sea, AMBIENT, goblins_tyranny:gold_cave_goblin, 1, 1, 1
1521, ocean, biomeswevegone:dead_sea, AMBIENT, goblins_tyranny:iron_cave_goblin, 1, 1, 1
1522, ocean, biomeswevegone:dead_sea, WATER_AMBIENT, alexsmobs:devils_hole_pupfish, 5, 5, 12
1523, ocean, biomeswevegone:dead_sea, WATER_AMBIENT, alexsmobs:flying_fish, 5, 3, 6
1524, ocean, minecraft:deep_cold_ocean, MONSTER, minecraft:spider, 10, 4, 4
1525, ocean, minecraft:deep_cold_ocean, MONSTER, minecraft:zombie, 10, 4, 4
1526, ocean, minecraft:deep_cold_ocean, MONSTER, minecraft:zombie_villager, 5, 1, 1
1527, ocean, minecraft:deep_cold_ocean, MONSTER, minecraft:skeleton, 10, 4, 4
1528, ocean, minecraft:deep_cold_ocean, MONSTER, minecraft:creeper, 10, 4, 4
1529, ocean, minecraft:deep_cold_ocean, MONSTER, minecraft:slime, 10, 4, 4
1530, ocean, minecraft:deep_cold_ocean, MONSTER, minecraft:enderman, 10, 1, 4
1531, ocean, minecraft:deep_cold_ocean, MONSTER, minecraft:witch, 5, 1, 1
1532, ocean, minecraft:deep_cold_ocean, MONSTER, minecraft:drowned, 5, 1, 1
1533, ocean, minecraft:deep_cold_ocean, MONSTER, alexsmobs:farseer, 5, 1, 1
1534, ocean, minecraft:deep_cold_ocean, MONSTER, cataclysm:deepling, 1, 1, 1
1535, ocean, minecraft:deep_cold_ocean, MONSTER, cataclysm:deepling_angler, 1, 1, 1
1536, ocean, minecraft:deep_cold_ocean, MONSTER, cataclysm:deepling_brute, 1, 1, 1
1537, ocean, minecraft:deep_cold_ocean, MONSTER, cataclysm:deepling_priest, 1, 1, 1
1538, ocean, minecraft:deep_cold_ocean, MONSTER, cataclysm:deepling_warlock, 1, 1, 1
1539, ocean, minecraft:deep_cold_ocean, MONSTER, cataclysm:coral_golem, 1, 1, 1
1540, ocean, minecraft:deep_cold_ocean, MONSTER, realmrpg_demons:chort, 1, 1, 3
1541, ocean, minecraft:deep_cold_ocean, MONSTER, realmrpg_demons:demon, 8, 1, 3
1542, ocean, minecraft:deep_cold_ocean, MONSTER, realmrpg_demons:demon_lord, 2, 1, 1
1543, ocean, minecraft:deep_cold_ocean, MONSTER, mythicmobs:chupacabra, 5, 1, 1
1544, ocean, minecraft:deep_cold_ocean, MONSTER, the_awakening_of_the_elder_souls:golden_creeper, 1, 1, 1
1545, ocean, minecraft:deep_cold_ocean, MONSTER, the_awakening_of_the_elder_souls:golden_witch, 1, 1, 1
1546, ocean, minecraft:deep_cold_ocean, MONSTER, the_awakening_of_the_elder_souls:golden_zombie, 1, 1, 1
1547, ocean, minecraft:deep_cold_ocean, MONSTER, realmrpg_demons:imp, 10, 1, 3
1548, ocean, minecraft:deep_cold_ocean, MONSTER, realmrpg_demons:imp_guard, 8, 1, 3
1549, ocean, minecraft:deep_cold_ocean, MONSTER, mowziesmobs:grottol, 2, 1, 1
1550, ocean, minecraft:deep_cold_ocean, MONSTER, irons_spellbooks:necromancer, 1, 1, 1
1551, ocean, minecraft:deep_cold_ocean, MONSTER, eidolon:wraith, 1, 1, 3
1552, ocean, minecraft:deep_cold_ocean, MONSTER, eidolon:zombie_brute, 1, 1, 3
1553, ocean, minecraft:deep_cold_ocean, CREATURE, valoria:goblin, 10, 1, 2
1554, ocean, minecraft:deep_cold_ocean, CREATURE, alexsmobs:seal, 5, 3, 8
1555, ocean, minecraft:deep_cold_ocean, CREATURE, mythicmobs:drake, 5, 1, 4
1556, ocean, minecraft:deep_cold_ocean, CREATURE, mythicmobs:kobold, 5, 3, 6
1557, ocean, minecraft:deep_cold_ocean, CREATURE, mythicmobs:kobold_warrior, 5, 1, 3
1558, ocean, minecraft:deep_cold_ocean, CREATURE, mythicmobs:mushroom_thing, 5, 3, 5
1559, ocean, minecraft:deep_cold_ocean, CREATURE, eidolon:slimy_slug, 1, 2, 3
1560, ocean, minecraft:deep_cold_ocean, CREATURE, goblins_tyranny:wanderer_goblin, 1, 1, 1
1561, ocean, minecraft:deep_cold_ocean, AMBIENT, minecraft:bat, 10, 8, 8
1562, ocean, minecraft:deep_cold_ocean, AMBIENT, alexsmobs:fly, 5, 2, 3
1563, ocean, minecraft:deep_cold_ocean, AMBIENT, goblins_tyranny:coal_cave_goblin, 1, 1, 1
1564, ocean, minecraft:deep_cold_ocean, AMBIENT, goblins_tyranny:copper_cave_goblin, 1, 1, 1
1565, ocean, minecraft:deep_cold_ocean, AMBIENT, goblins_tyranny:gold_cave_goblin, 1, 1, 1
1566, ocean, minecraft:deep_cold_ocean, AMBIENT, goblins_tyranny:iron_cave_goblin, 1, 1, 1
1567, ocean, minecraft:deep_cold_ocean, UNDERGROUND_WATER_CREATURE, minecraft:glow_squid, 10, 4, 6
1568, ocean, minecraft:deep_cold_ocean, WATER_CREATURE, minecraft:squid, 3, 1, 4
1569, ocean, minecraft:deep_cold_ocean, WATER_CREATURE, alexsmobs:orca, 5, 3, 4
1570, ocean, minecraft:deep_cold_ocean, WATER_CREATURE, alexsmobs:cachalot_whale, 5, 1, 2
1571, ocean, minecraft:deep_cold_ocean, WATER_CREATURE, alexsmobs:frilled_shark, 5, 1, 1
1572, ocean, minecraft:deep_cold_ocean, WATER_CREATURE, alexsmobs:giant_squid, 5, 1, 2
1573, ocean, minecraft:deep_cold_ocean, WATER_AMBIENT, minecraft:cod, 10, 3, 6
1574, ocean, minecraft:deep_cold_ocean, WATER_AMBIENT, minecraft:salmon, 10, 1, 5
1575, ocean, minecraft:deep_cold_ocean, WATER_AMBIENT, alexsmobs:blobfish, 5, 2, 2
1576, ocean, minecraft:deep_cold_ocean, WATER_AMBIENT, alexsmobs:devils_hole_pupfish, 5, 5, 12
1577, none, minecraft:deep_dark, MONSTER, realmrpg_demons:chort, 1, 1, 3
1578, none, minecraft:deep_dark, MONSTER, realmrpg_demons:demon, 8, 1, 3
1579, none, minecraft:deep_dark, MONSTER, realmrpg_demons:demon_lord, 2, 1, 1
1580, none, minecraft:deep_dark, MONSTER, mythicmobs:chupacabra, 5, 1, 1
1581, none, minecraft:deep_dark, MONSTER, the_awakening_of_the_elder_souls:golden_creeper, 1, 1, 1
1582, none, minecraft:deep_dark, MONSTER, the_awakening_of_the_elder_souls:golden_witch, 1, 1, 1
1583, none, minecraft:deep_dark, MONSTER, the_awakening_of_the_elder_souls:golden_zombie, 1, 1, 1
1584, none, minecraft:deep_dark, MONSTER, realmrpg_demons:imp, 10, 1, 3
1585, none, minecraft:deep_dark, MONSTER, realmrpg_demons:imp_guard, 8, 1, 3
1586, none, minecraft:deep_dark, MONSTER, mowziesmobs:grottol, 2, 1, 1
1587, none, minecraft:deep_dark, MONSTER, irons_spellbooks:necromancer, 1, 1, 1
1588, none, minecraft:deep_dark, CREATURE, valoria:goblin, 10, 1, 2
1589, none, minecraft:deep_dark, CREATURE, mythicmobs:drake, 5, 1, 4
1590, none, minecraft:deep_dark, CREATURE, mythicmobs:kobold, 5, 3, 6
1591, none, minecraft:deep_dark, CREATURE, mythicmobs:kobold_warrior, 5, 1, 3
1592, none, minecraft:deep_dark, CREATURE, mythicmobs:mushroom_thing, 5, 3, 5
1593, none, minecraft:deep_dark, CREATURE, goblins_tyranny:wanderer_goblin, 1, 1, 1
1594, none, minecraft:deep_dark, AMBIENT, alexsmobs:fly, 5, 2, 3
1595, none, minecraft:deep_dark, AMBIENT, goblins_tyranny:coal_cave_goblin, 1, 1, 1
1596, none, minecraft:deep_dark, AMBIENT, goblins_tyranny:copper_cave_goblin, 1, 1, 1
1597, none, minecraft:deep_dark, AMBIENT, goblins_tyranny:gold_cave_goblin, 1, 1, 1
1598, none, minecraft:deep_dark, AMBIENT, goblins_tyranny:iron_cave_goblin, 1, 1, 1
1599, none, minecraft:deep_dark, WATER_AMBIENT, alexsmobs:devils_hole_pupfish, 5, 5, 12
1600, ocean, minecraft:deep_frozen_ocean, MONSTER, minecraft:spider, 10, 4, 4
1601, ocean, minecraft:deep_frozen_ocean, MONSTER, minecraft:zombie, 10, 4, 4
1602, ocean, minecraft:deep_frozen_ocean, MONSTER, minecraft:zombie_villager, 5, 1, 1
1603, ocean, minecraft:deep_frozen_ocean, MONSTER, minecraft:skeleton, 10, 4, 4
1604, ocean, minecraft:deep_frozen_ocean, MONSTER, minecraft:creeper, 10, 4, 4
1605, ocean, minecraft:deep_frozen_ocean, MONSTER, minecraft:slime, 10, 4, 4
1606, ocean, minecraft:deep_frozen_ocean, MONSTER, minecraft:enderman, 10, 1, 4
1607, ocean, minecraft:deep_frozen_ocean, MONSTER, minecraft:witch, 5, 1, 1
1608, ocean, minecraft:deep_frozen_ocean, MONSTER, minecraft:drowned, 5, 1, 1
1609, ocean, minecraft:deep_frozen_ocean, MONSTER, alexsmobs:farseer, 5, 1, 1
1610, ocean, minecraft:deep_frozen_ocean, MONSTER, realmrpg_demons:chort, 1, 1, 3
1611, ocean, minecraft:deep_frozen_ocean, MONSTER, realmrpg_demons:demon, 8, 1, 3
1612, ocean, minecraft:deep_frozen_ocean, MONSTER, realmrpg_demons:demon_lord, 2, 1, 1
1613, ocean, minecraft:deep_frozen_ocean, MONSTER, aquamirae:pillagers_patrol, 5, 1, 1
1614, ocean, minecraft:deep_frozen_ocean, MONSTER, aquamirae:tortured_soul, 10, 1, 4
1615, ocean, minecraft:deep_frozen_ocean, MONSTER, mythicmobs:chupacabra, 5, 1, 1
1616, ocean, minecraft:deep_frozen_ocean, MONSTER, the_awakening_of_the_elder_souls:golden_creeper, 1, 1, 1
1617, ocean, minecraft:deep_frozen_ocean, MONSTER, the_awakening_of_the_elder_souls:golden_witch, 1, 1, 1
1618, ocean, minecraft:deep_frozen_ocean, MONSTER, the_awakening_of_the_elder_souls:golden_zombie, 1, 1, 1
1619, ocean, minecraft:deep_frozen_ocean, MONSTER, realmrpg_demons:imp, 10, 1, 3
1620, ocean, minecraft:deep_frozen_ocean, MONSTER, realmrpg_demons:imp_guard, 8, 1, 3
1621, ocean, minecraft:deep_frozen_ocean, MONSTER, mowziesmobs:grottol, 2, 1, 1
1622, ocean, minecraft:deep_frozen_ocean, MONSTER, irons_spellbooks:necromancer, 1, 1, 1
1623, ocean, minecraft:deep_frozen_ocean, MONSTER, eidolon:wraith, 1, 1, 3
1624, ocean, minecraft:deep_frozen_ocean, MONSTER, eidolon:zombie_brute, 1, 1, 3
1625, ocean, minecraft:deep_frozen_ocean, CREATURE, minecraft:polar_bear, 1, 1, 2
1626, ocean, minecraft:deep_frozen_ocean, CREATURE, valoria:goblin, 10, 1, 2
1627, ocean, minecraft:deep_frozen_ocean, CREATURE, alexsmobs:seal, 5, 3, 8
1628, ocean, minecraft:deep_frozen_ocean, CREATURE, mythicmobs:drake, 5, 1, 4
1629, ocean, minecraft:deep_frozen_ocean, CREATURE, mythicmobs:kobold, 5, 3, 6
1630, ocean, minecraft:deep_frozen_ocean, CREATURE, mythicmobs:kobold_warrior, 5, 1, 3
1631, ocean, minecraft:deep_frozen_ocean, CREATURE, mythicmobs:mushroom_thing, 5, 3, 5
1632, ocean, minecraft:deep_frozen_ocean, CREATURE, eidolon:slimy_slug, 1, 2, 3
1633, ocean, minecraft:deep_frozen_ocean, CREATURE, goblins_tyranny:wanderer_goblin, 1, 1, 1
1634, ocean, minecraft:deep_frozen_ocean, AMBIENT, minecraft:bat, 10, 8, 8
1635, ocean, minecraft:deep_frozen_ocean, AMBIENT, alexsmobs:fly, 5, 2, 3
1636, ocean, minecraft:deep_frozen_ocean, AMBIENT, goblins_tyranny:coal_cave_goblin, 1, 1, 1
1637, ocean, minecraft:deep_frozen_ocean, AMBIENT, goblins_tyranny:copper_cave_goblin, 1, 1, 1
1638, ocean, minecraft:deep_frozen_ocean, AMBIENT, goblins_tyranny:gold_cave_goblin, 1, 1, 1
1639, ocean, minecraft:deep_frozen_ocean, AMBIENT, goblins_tyranny:iron_cave_goblin, 1, 1, 1
1640, ocean, minecraft:deep_frozen_ocean, UNDERGROUND_WATER_CREATURE, minecraft:glow_squid, 10, 4, 6
1641, ocean, minecraft:deep_frozen_ocean, WATER_CREATURE, minecraft:squid, 1, 1, 4
1642, ocean, minecraft:deep_frozen_ocean, WATER_CREATURE, alexsmobs:orca, 5, 3, 4
1643, ocean, minecraft:deep_frozen_ocean, WATER_CREATURE, alexsmobs:cachalot_whale, 5, 1, 2
1644, ocean, minecraft:deep_frozen_ocean, WATER_CREATURE, alexsmobs:frilled_shark, 5, 1, 1
1645, ocean, minecraft:deep_frozen_ocean, WATER_CREATURE, alexsmobs:giant_squid, 5, 1, 2
1646, ocean, minecraft:deep_frozen_ocean, WATER_CREATURE, aquamirae:anglerfish, 10, 1, 2
1647, ocean, minecraft:deep_frozen_ocean, WATER_AMBIENT, minecraft:salmon, 10, 1, 5
1648, ocean, minecraft:deep_frozen_ocean, WATER_AMBIENT, alexsmobs:blobfish, 5, 2, 2
1649, ocean, minecraft:deep_frozen_ocean, WATER_AMBIENT, alexsmobs:comb_jelly, 5, 2, 3
1650, ocean, minecraft:deep_frozen_ocean, WATER_AMBIENT, alexsmobs:devils_hole_pupfish, 5, 5, 12
1651, ocean, minecraft:deep_frozen_ocean, WATER_AMBIENT, aquamirae:spinefish, 10, 3, 9
1652, ocean, minecraft:deep_lukewarm_ocean, MONSTER, minecraft:spider, 10, 4, 4
1653, ocean, minecraft:deep_lukewarm_ocean, MONSTER, minecraft:zombie, 10, 4, 4
1654, ocean, minecraft:deep_lukewarm_ocean, MONSTER, minecraft:zombie_villager, 5, 1, 1
1655, ocean, minecraft:deep_lukewarm_ocean, MONSTER, minecraft:skeleton, 10, 4, 4
1656, ocean, minecraft:deep_lukewarm_ocean, MONSTER, minecraft:creeper, 10, 4, 4
1657, ocean, minecraft:deep_lukewarm_ocean, MONSTER, minecraft:slime, 10, 4, 4
1658, ocean, minecraft:deep_lukewarm_ocean, MONSTER, minecraft:enderman, 10, 1, 4
1659, ocean, minecraft:deep_lukewarm_ocean, MONSTER, minecraft:witch, 5, 1, 1
1660, ocean, minecraft:deep_lukewarm_ocean, MONSTER, minecraft:drowned, 5, 1, 1
1661, ocean, minecraft:deep_lukewarm_ocean, MONSTER, alexsmobs:farseer, 5, 1, 1
1662, ocean, minecraft:deep_lukewarm_ocean, MONSTER, cataclysm:deepling, 1, 1, 1
1663, ocean, minecraft:deep_lukewarm_ocean, MONSTER, cataclysm:deepling_angler, 1, 1, 1
1664, ocean, minecraft:deep_lukewarm_ocean, MONSTER, cataclysm:deepling_brute, 1, 1, 1
1665, ocean, minecraft:deep_lukewarm_ocean, MONSTER, cataclysm:deepling_priest, 1, 1, 1
1666, ocean, minecraft:deep_lukewarm_ocean, MONSTER, cataclysm:deepling_warlock, 1, 1, 1
1667, ocean, minecraft:deep_lukewarm_ocean, MONSTER, cataclysm:coral_golem, 1, 1, 1
1668, ocean, minecraft:deep_lukewarm_ocean, MONSTER, realmrpg_demons:chort, 1, 1, 3
1669, ocean, minecraft:deep_lukewarm_ocean, MONSTER, realmrpg_demons:demon, 8, 1, 3
1670, ocean, minecraft:deep_lukewarm_ocean, MONSTER, realmrpg_demons:demon_lord, 2, 1, 1
1671, ocean, minecraft:deep_lukewarm_ocean, MONSTER, mythicmobs:chupacabra, 5, 1, 1
1672, ocean, minecraft:deep_lukewarm_ocean, MONSTER, the_awakening_of_the_elder_souls:golden_creeper, 1, 1, 1
1673, ocean, minecraft:deep_lukewarm_ocean, MONSTER, the_awakening_of_the_elder_souls:golden_witch, 1, 1, 1
1674, ocean, minecraft:deep_lukewarm_ocean, MONSTER, the_awakening_of_the_elder_souls:golden_zombie, 1, 1, 1
1675, ocean, minecraft:deep_lukewarm_ocean, MONSTER, realmrpg_demons:imp, 10, 1, 3
1676, ocean, minecraft:deep_lukewarm_ocean, MONSTER, realmrpg_demons:imp_guard, 8, 1, 3
1677, ocean, minecraft:deep_lukewarm_ocean, MONSTER, mowziesmobs:grottol, 2, 1, 1
1678, ocean, minecraft:deep_lukewarm_ocean, MONSTER, irons_spellbooks:necromancer, 1, 1, 1
1679, ocean, minecraft:deep_lukewarm_ocean, MONSTER, eidolon:wraith, 1, 1, 3
1680, ocean, minecraft:deep_lukewarm_ocean, MONSTER, eidolon:zombie_brute, 1, 1, 3
1681, ocean, minecraft:deep_lukewarm_ocean, CREATURE, valoria:goblin, 10, 1, 2
1682, ocean, minecraft:deep_lukewarm_ocean, CREATURE, mythicmobs:drake, 5, 1, 4
1683, ocean, minecraft:deep_lukewarm_ocean, CREATURE, mythicmobs:kobold, 5, 3, 6
1684, ocean, minecraft:deep_lukewarm_ocean, CREATURE, mythicmobs:kobold_warrior, 5, 1, 3
1685, ocean, minecraft:deep_lukewarm_ocean, CREATURE, mythicmobs:mushroom_thing, 5, 3, 5
1686, ocean, minecraft:deep_lukewarm_ocean, CREATURE, goblins_tyranny:wanderer_goblin, 1, 1, 1
1687, ocean, minecraft:deep_lukewarm_ocean, AMBIENT, minecraft:bat, 10, 8, 8
1688, ocean, minecraft:deep_lukewarm_ocean, AMBIENT, alexsmobs:fly, 5, 2, 3
1689, ocean, minecraft:deep_lukewarm_ocean, AMBIENT, goblins_tyranny:coal_cave_goblin, 1, 1, 1
1690, ocean, minecraft:deep_lukewarm_ocean, AMBIENT, goblins_tyranny:copper_cave_goblin, 1, 1, 1
1691, ocean, minecraft:deep_lukewarm_ocean, AMBIENT, goblins_tyranny:gold_cave_goblin, 1, 1, 1
1692, ocean, minecraft:deep_lukewarm_ocean, AMBIENT, goblins_tyranny:iron_cave_goblin, 1, 1, 1
1693, ocean, minecraft:deep_lukewarm_ocean, UNDERGROUND_WATER_CREATURE, minecraft:glow_squid, 10, 4, 6
1694, ocean, minecraft:deep_lukewarm_ocean, WATER_CREATURE, minecraft:squid, 8, 1, 4
1695, ocean, minecraft:deep_lukewarm_ocean, WATER_CREATURE, minecraft:dolphin, 2, 1, 2
1696, ocean, minecraft:deep_lukewarm_ocean, WATER_CREATURE, alexsmobs:cachalot_whale, 5, 1, 2
1697, ocean, minecraft:deep_lukewarm_ocean, WATER_CREATURE, alexsmobs:frilled_shark, 5, 1, 1
1698, ocean, minecraft:deep_lukewarm_ocean, WATER_CREATURE, alexsmobs:giant_squid, 5, 1, 2
1699, ocean, minecraft:deep_lukewarm_ocean, WATER_AMBIENT, minecraft:cod, 8, 3, 6
1700, ocean, minecraft:deep_lukewarm_ocean, WATER_AMBIENT, minecraft:pufferfish, 5, 1, 3
1701, ocean, minecraft:deep_lukewarm_ocean, WATER_AMBIENT, minecraft:tropical_fish, 10, 8, 8
1702, ocean, minecraft:deep_lukewarm_ocean, WATER_AMBIENT, alexsmobs:blobfish, 5, 2, 2
1703, ocean, minecraft:deep_lukewarm_ocean, WATER_AMBIENT, alexsmobs:devils_hole_pupfish, 5, 5, 12
1704, ocean, minecraft:deep_ocean, MONSTER, minecraft:spider, 10, 4, 4
1705, ocean, minecraft:deep_ocean, MONSTER, minecraft:zombie, 10, 4, 4
1706, ocean, minecraft:deep_ocean, MONSTER, minecraft:zombie_villager, 5, 1, 1
1707, ocean, minecraft:deep_ocean, MONSTER, minecraft:skeleton, 10, 4, 4
1708, ocean, minecraft:deep_ocean, MONSTER, minecraft:creeper, 10, 4, 4
1709, ocean, minecraft:deep_ocean, MONSTER, minecraft:slime, 10, 4, 4
1710, ocean, minecraft:deep_ocean, MONSTER, minecraft:enderman, 10, 1, 4
1711, ocean, minecraft:deep_ocean, MONSTER, minecraft:witch, 5, 1, 1
1712, ocean, minecraft:deep_ocean, MONSTER, minecraft:drowned, 5, 1, 1
1713, ocean, minecraft:deep_ocean, MONSTER, alexsmobs:farseer, 5, 1, 1
1714, ocean, minecraft:deep_ocean, MONSTER, cataclysm:deepling, 1, 1, 1
1715, ocean, minecraft:deep_ocean, MONSTER, cataclysm:deepling_angler, 1, 1, 1
1716, ocean, minecraft:deep_ocean, MONSTER, cataclysm:deepling_brute, 1, 1, 1
1717, ocean, minecraft:deep_ocean, MONSTER, cataclysm:deepling_priest, 1, 1, 1
1718, ocean, minecraft:deep_ocean, MONSTER, cataclysm:deepling_warlock, 1, 1, 1
1719, ocean, minecraft:deep_ocean, MONSTER, cataclysm:coral_golem, 1, 1, 1
1720, ocean, minecraft:deep_ocean, MONSTER, realmrpg_demons:chort, 1, 1, 3
1721, ocean, minecraft:deep_ocean, MONSTER, realmrpg_demons:demon, 8, 1, 3
1722, ocean, minecraft:deep_ocean, MONSTER, realmrpg_demons:demon_lord, 2, 1, 1
1723, ocean, minecraft:deep_ocean, MONSTER, mythicmobs:chupacabra, 5, 1, 1
1724, ocean, minecraft:deep_ocean, MONSTER, the_awakening_of_the_elder_souls:golden_creeper, 1, 1, 1
1725, ocean, minecraft:deep_ocean, MONSTER, the_awakening_of_the_elder_souls:golden_witch, 1, 1, 1
1726, ocean, minecraft:deep_ocean, MONSTER, the_awakening_of_the_elder_souls:golden_zombie, 1, 1, 1
1727, ocean, minecraft:deep_ocean, MONSTER, realmrpg_demons:imp, 10, 1, 3
1728, ocean, minecraft:deep_ocean, MONSTER, realmrpg_demons:imp_guard, 8, 1, 3
1729, ocean, minecraft:deep_ocean, MONSTER, mowziesmobs:grottol, 2, 1, 1
1730, ocean, minecraft:deep_ocean, MONSTER, irons_spellbooks:necromancer, 1, 1, 1
1731, ocean, minecraft:deep_ocean, MONSTER, eidolon:wraith, 1, 1, 3
1732, ocean, minecraft:deep_ocean, MONSTER, eidolon:zombie_brute, 1, 1, 3
1733, ocean, minecraft:deep_ocean, CREATURE, valoria:goblin, 10, 1, 2
1734, ocean, minecraft:deep_ocean, CREATURE, mythicmobs:drake, 5, 1, 4
1735, ocean, minecraft:deep_ocean, CREATURE, mythicmobs:kobold, 5, 3, 6
1736, ocean, minecraft:deep_ocean, CREATURE, mythicmobs:kobold_warrior, 5, 1, 3
1737, ocean, minecraft:deep_ocean, CREATURE, mythicmobs:mushroom_thing, 5, 3, 5
1738, ocean, minecraft:deep_ocean, CREATURE, goblins_tyranny:wanderer_goblin, 1, 1, 1
1739, ocean, minecraft:deep_ocean, AMBIENT, minecraft:bat, 10, 8, 8
1740, ocean, minecraft:deep_ocean, AMBIENT, alexsmobs:fly, 5, 2, 3
1741, ocean, minecraft:deep_ocean, AMBIENT, goblins_tyranny:coal_cave_goblin, 1, 1, 1
1742, ocean, minecraft:deep_ocean, AMBIENT, goblins_tyranny:copper_cave_goblin, 1, 1, 1
1743, ocean, minecraft:deep_ocean, AMBIENT, goblins_tyranny:gold_cave_goblin, 1, 1, 1
1744, ocean, minecraft:deep_ocean, AMBIENT, goblins_tyranny:iron_cave_goblin, 1, 1, 1
1745, ocean, minecraft:deep_ocean, UNDERGROUND_WATER_CREATURE, minecraft:glow_squid, 10, 4, 6
1746, ocean, minecraft:deep_ocean, WATER_CREATURE, minecraft:squid, 1, 1, 4
1747, ocean, minecraft:deep_ocean, WATER_CREATURE, minecraft:dolphin, 1, 1, 2
1748, ocean, minecraft:deep_ocean, WATER_CREATURE, alexsmobs:cachalot_whale, 5, 1, 2
1749, ocean, minecraft:deep_ocean, WATER_CREATURE, alexsmobs:frilled_shark, 5, 1, 1
1750, ocean, minecraft:deep_ocean, WATER_CREATURE, alexsmobs:giant_squid, 5, 1, 2
1751, ocean, minecraft:deep_ocean, WATER_AMBIENT, minecraft:cod, 10, 3, 6
1752, ocean, minecraft:deep_ocean, WATER_AMBIENT, alexsmobs:blobfish, 5, 2, 2
1753, ocean, minecraft:deep_ocean, WATER_AMBIENT, alexsmobs:devils_hole_pupfish, 5, 5, 12
1754, none, terrablender:deferred_placeholder, MONSTER, alexsmobs:farseer, 5, 1, 1
1755, none, terrablender:deferred_placeholder, MONSTER, realmrpg_demons:chort, 1, 1, 3
1756, none, terrablender:deferred_placeholder, MONSTER, realmrpg_demons:demon, 8, 1, 3
1757, none, terrablender:deferred_placeholder, MONSTER, realmrpg_demons:demon_lord, 2, 1, 1
1758, none, terrablender:deferred_placeholder, MONSTER, the_awakening_of_the_elder_souls:golden_creeper, 1, 1, 1
1759, none, terrablender:deferred_placeholder, MONSTER, the_awakening_of_the_elder_souls:golden_witch, 1, 1, 1
1760, none, terrablender:deferred_placeholder, MONSTER, the_awakening_of_the_elder_souls:golden_zombie, 1, 1, 1
1761, none, terrablender:deferred_placeholder, MONSTER, realmrpg_demons:imp, 10, 1, 3
1762, none, terrablender:deferred_placeholder, MONSTER, realmrpg_demons:imp_guard, 8, 1, 3
1763, none, terrablender:deferred_placeholder, MONSTER, mowziesmobs:grottol, 2, 1, 1
1764, none, terrablender:deferred_placeholder, CREATURE, goblins_tyranny:wanderer_goblin, 1, 1, 1
1765, none, terrablender:deferred_placeholder, AMBIENT, goblins_tyranny:coal_cave_goblin, 1, 1, 1
1766, none, terrablender:deferred_placeholder, AMBIENT, goblins_tyranny:copper_cave_goblin, 1, 1, 1
1767, none, terrablender:deferred_placeholder, AMBIENT, goblins_tyranny:gold_cave_goblin, 1, 1, 1
1768, none, terrablender:deferred_placeholder, AMBIENT, goblins_tyranny:iron_cave_goblin, 1, 1, 1
1769, desert, minecraft:desert, MONSTER, minecraft:spider, 10, 4, 4
1770, desert, minecraft:desert, MONSTER, minecraft:zombie, 10, 4, 4
1771, desert, minecraft:desert, MONSTER, minecraft:zombie_villager, 1, 1, 1
1772, desert, minecraft:desert, MONSTER, minecraft:skeleton, 10, 4, 4
1773, desert, minecraft:desert, MONSTER, minecraft:creeper, 10, 4, 4
1774, desert, minecraft:desert, MONSTER, minecraft:slime, 10, 4, 4
1775, desert, minecraft:desert, MONSTER, minecraft:enderman, 10, 1, 4
1776, desert, minecraft:desert, MONSTER, minecraft:witch, 5, 1, 1
1777, desert, minecraft:desert, MONSTER, minecraft:husk, 10, 4, 4
1778, desert, minecraft:desert, MONSTER, alexsmobs:centipede_head, 5, 1, 1
1779, desert, minecraft:desert, MONSTER, alexsmobs:guster, 5, 1, 2
1780, desert, minecraft:desert, MONSTER, alexsmobs:farseer, 5, 1, 1
1781, desert, minecraft:desert, MONSTER, alexsmobs:murmur, 5, 1, 1
1782, desert, minecraft:desert, MONSTER, legendary_monsters:bomber, 10, 1, 4
1783, desert, minecraft:desert, MONSTER, cataclysm:koboleton, 1, 1, 2
1784, desert, minecraft:desert, MONSTER, realmrpg_demons:chort, 1, 1, 3
1785, desert, minecraft:desert, MONSTER, realmrpg_demons:demon, 8, 1, 3
1786, desert, minecraft:desert, MONSTER, realmrpg_demons:demon_lord, 2, 1, 1
1787, desert, minecraft:desert, MONSTER, mythicmobs:chupacabra, 5, 1, 1
1788, desert, minecraft:desert, MONSTER, the_awakening_of_the_elder_souls:golden_creeper, 1, 1, 1
1789, desert, minecraft:desert, MONSTER, the_awakening_of_the_elder_souls:golden_witch, 1, 1, 1
1790, desert, minecraft:desert, MONSTER, the_awakening_of_the_elder_souls:golden_zombie, 1, 1, 1
1791, desert, minecraft:desert, MONSTER, realmrpg_demons:imp, 10, 1, 3
1792, desert, minecraft:desert, MONSTER, realmrpg_demons:imp_guard, 8, 1, 3
1793, desert, minecraft:desert, MONSTER, mowziesmobs:grottol, 2, 1, 1
1794, desert, minecraft:desert, MONSTER, irons_spellbooks:necromancer, 1, 1, 1
1795, desert, minecraft:desert, MONSTER, eidolon:wraith, 1, 1, 3
1796, desert, minecraft:desert, MONSTER, eidolon:zombie_brute, 1, 1, 3
1797, desert, minecraft:desert, CREATURE, minecraft:rabbit, 4, 2, 3
1798, desert, minecraft:desert, CREATURE, valoria:goblin, 10, 1, 2
1799, desert, minecraft:desert, CREATURE, alexsmobs:roadrunner, 5, 2, 2
1800, desert, minecraft:desert, CREATURE, alexsmobs:rattlesnake, 5, 1, 2
1801, desert, minecraft:desert, CREATURE, alexsmobs:tarantula_hawk, 5, 1, 1
1802, desert, minecraft:desert, CREATURE, mythicmobs:drake, 5, 1, 4
1803, desert, minecraft:desert, CREATURE, mythicmobs:kobold, 5, 3, 6
1804, desert, minecraft:desert, CREATURE, mythicmobs:kobold_warrior, 5, 1, 3
1805, desert, minecraft:desert, CREATURE, mythicmobs:mushroom_thing, 5, 3, 5
1806, desert, minecraft:desert, CREATURE, goblins_tyranny:wanderer_goblin, 1, 1, 1
1807, desert, minecraft:desert, AMBIENT, minecraft:bat, 10, 8, 8
1808, desert, minecraft:desert, AMBIENT, alexsmobs:fly, 5, 2, 3
1809, desert, minecraft:desert, AMBIENT, alexsmobs:cockroach, 5, 5, 5
1810, desert, minecraft:desert, AMBIENT, alexsmobs:jerboa, 5, 1, 3
1811, desert, minecraft:desert, AMBIENT, alexsmobs:rain_frog, 5, 1, 3
1812, desert, minecraft:desert, AMBIENT, goblins_tyranny:coal_cave_goblin, 1, 1, 1
1813, desert, minecraft:desert, AMBIENT, goblins_tyranny:copper_cave_goblin, 1, 1, 1
1814, desert, minecraft:desert, AMBIENT, goblins_tyranny:gold_cave_goblin, 1, 1, 1
1815, desert, minecraft:desert, AMBIENT, goblins_tyranny:iron_cave_goblin, 1, 1, 1
1816, desert, minecraft:desert, UNDERGROUND_WATER_CREATURE, minecraft:glow_squid, 10, 4, 6
1817, desert, minecraft:desert, WATER_AMBIENT, alexsmobs:devils_hole_pupfish, 5, 5, 12
1818, desert, minecraft:desert, WATER_AMBIENT, alexsmobs:triops, 5, 2, 6
1819, the_end, betterend:dragon_graveyards, MONSTER, minecraft:enderman, 10, 1, 2
1820, the_end, betterend:dragon_graveyards, MONSTER, alexsmobs:farseer, 5, 1, 1
1821, the_end, betterend:dragon_graveyards, MONSTER, realmrpg_demons:chort, 1, 1, 3
1822, the_end, betterend:dragon_graveyards, MONSTER, realmrpg_demons:demon, 8, 1, 3
1823, the_end, betterend:dragon_graveyards, MONSTER, realmrpg_demons:demon_lord, 2, 1, 1
1824, the_end, betterend:dragon_graveyards, MONSTER, the_awakening_of_the_elder_souls:golden_creeper, 1, 1, 1
1825, the_end, betterend:dragon_graveyards, MONSTER, the_awakening_of_the_elder_souls:golden_witch, 1, 1, 1
1826, the_end, betterend:dragon_graveyards, MONSTER, the_awakening_of_the_elder_souls:golden_zombie, 1, 1, 1
1827, the_end, betterend:dragon_graveyards, MONSTER, realmrpg_demons:imp, 10, 1, 3
1828, the_end, betterend:dragon_graveyards, MONSTER, realmrpg_demons:imp_guard, 8, 1, 3
1829, the_end, betterend:dragon_graveyards, MONSTER, mowziesmobs:grottol, 2, 1, 1
1830, the_end, betterend:dragon_graveyards, CREATURE, alexsmobs:endergrade, 5, 2, 6
1831, the_end, betterend:dragon_graveyards, CREATURE, alexsmobs:spectre, 5, 1, 2
1832, the_end, betterend:dragon_graveyards, CREATURE, alexsmobs:enderiophage, 5, 2, 2
1833, the_end, betterend:dragon_graveyards, CREATURE, alexsmobs:cosmaw, 5, 1, 2
1834, the_end, betterend:dragon_graveyards, CREATURE, goblins_tyranny:wanderer_goblin, 1, 1, 1
1835, the_end, betterend:dragon_graveyards, AMBIENT, alexsmobs:cosmic_cod, 5, 9, 13
1836, the_end, betterend:dragon_graveyards, AMBIENT, goblins_tyranny:coal_cave_goblin, 1, 1, 1
1837, the_end, betterend:dragon_graveyards, AMBIENT, goblins_tyranny:copper_cave_goblin, 1, 1, 1
1838, the_end, betterend:dragon_graveyards, AMBIENT, goblins_tyranny:gold_cave_goblin, 1, 1, 1
1839, the_end, betterend:dragon_graveyards, AMBIENT, goblins_tyranny:iron_cave_goblin, 1, 1, 1
1840, none, minecraft:dripstone_caves, MONSTER, minecraft:spider, 10, 4, 4
1841, none, minecraft:dripstone_caves, MONSTER, minecraft:zombie, 10, 4, 4
1842, none, minecraft:dripstone_caves, MONSTER, minecraft:zombie_villager, 5, 1, 1
1843, none, minecraft:dripstone_caves, MONSTER, minecraft:skeleton, 10, 4, 4
1844, none, minecraft:dripstone_caves, MONSTER, minecraft:creeper, 10, 4, 4
1845, none, minecraft:dripstone_caves, MONSTER, minecraft:slime, 10, 4, 4
1846, none, minecraft:dripstone_caves, MONSTER, minecraft:enderman, 10, 1, 4
1847, none, minecraft:dripstone_caves, MONSTER, minecraft:witch, 5, 1, 1
1848, none, minecraft:dripstone_caves, MONSTER, minecraft:drowned, 10, 4, 4
1849, none, minecraft:dripstone_caves, MONSTER, alexsmobs:centipede_head, 5, 1, 1
1850, none, minecraft:dripstone_caves, MONSTER, alexsmobs:rocky_roller, 5, 1, 1
1851, none, minecraft:dripstone_caves, MONSTER, alexsmobs:farseer, 5, 1, 1
1852, none, minecraft:dripstone_caves, MONSTER, alexsmobs:murmur, 5, 1, 1
1853, none, minecraft:dripstone_caves, MONSTER, realmrpg_demons:chort, 1, 1, 3
1854, none, minecraft:dripstone_caves, MONSTER, realmrpg_demons:demon, 8, 1, 3
1855, none, minecraft:dripstone_caves, MONSTER, realmrpg_demons:demon_lord, 2, 1, 1
1856, none, minecraft:dripstone_caves, MONSTER, mythicmobs:chupacabra, 5, 1, 1
1857, none, minecraft:dripstone_caves, MONSTER, the_awakening_of_the_elder_souls:golden_creeper, 1, 1, 1
1858, none, minecraft:dripstone_caves, MONSTER, the_awakening_of_the_elder_souls:golden_witch, 1, 1, 1
1859, none, minecraft:dripstone_caves, MONSTER, the_awakening_of_the_elder_souls:golden_zombie, 1, 1, 1
1860, none, minecraft:dripstone_caves, MONSTER, realmrpg_demons:imp, 10, 1, 3
1861, none, minecraft:dripstone_caves, MONSTER, realmrpg_demons:imp_guard, 8, 1, 3
1862, none, minecraft:dripstone_caves, MONSTER, mowziesmobs:grottol, 2, 1, 1
1863, none, minecraft:dripstone_caves, MONSTER, irons_spellbooks:necromancer, 1, 1, 1
1864, none, minecraft:dripstone_caves, MONSTER, eidolon:wraith, 1, 1, 3
1865, none, minecraft:dripstone_caves, MONSTER, eidolon:zombie_brute, 1, 1, 3
1866, none, minecraft:dripstone_caves, CREATURE, valoria:goblin, 10, 1, 2
1867, none, minecraft:dripstone_caves, CREATURE, mythicmobs:drake, 5, 1, 4
1868, none, minecraft:dripstone_caves, CREATURE, mythicmobs:kobold, 5, 3, 6
1869, none, minecraft:dripstone_caves, CREATURE, mythicmobs:kobold_warrior, 5, 1, 3
1870, none, minecraft:dripstone_caves, CREATURE, mythicmobs:mushroom_thing, 5, 3, 5
1871, none, minecraft:dripstone_caves, CREATURE, goblins_tyranny:wanderer_goblin, 1, 1, 1
1872, none, minecraft:dripstone_caves, AMBIENT, minecraft:bat, 10, 8, 8
1873, none, minecraft:dripstone_caves, AMBIENT, alexsmobs:fly, 5, 2, 3
1874, none, minecraft:dripstone_caves, AMBIENT, alexsmobs:cockroach, 5, 5, 5
1875, none, minecraft:dripstone_caves, AMBIENT, goblins_tyranny:coal_cave_goblin, 1, 1, 1
1876, none, minecraft:dripstone_caves, AMBIENT, goblins_tyranny:copper_cave_goblin, 1, 1, 1
1877, none, minecraft:dripstone_caves, AMBIENT, goblins_tyranny:gold_cave_goblin, 1, 1, 1
1878, none, minecraft:dripstone_caves, AMBIENT, goblins_tyranny:iron_cave_goblin, 1, 1, 1
1879, none, minecraft:dripstone_caves, UNDERGROUND_WATER_CREATURE, minecraft:glow_squid, 10, 4, 6
1880, none, minecraft:dripstone_caves, WATER_AMBIENT, alexsmobs:devils_hole_pupfish, 5, 5, 12
1881, the_end, betterend:dry_shrubland, MONSTER, minecraft:enderman, 10, 1, 2
1882, the_end, betterend:dry_shrubland, MONSTER, alexsmobs:farseer, 5, 1, 1
1883, the_end, betterend:dry_shrubland, MONSTER, realmrpg_demons:chort, 1, 1, 3
1884, the_end, betterend:dry_shrubland, MONSTER, realmrpg_demons:demon, 8, 1, 3
1885, the_end, betterend:dry_shrubland, MONSTER, realmrpg_demons:demon_lord, 2, 1, 1
1886, the_end, betterend:dry_shrubland, MONSTER, the_awakening_of_the_elder_souls:golden_creeper, 1, 1, 1
1887, the_end, betterend:dry_shrubland, MONSTER, the_awakening_of_the_elder_souls:golden_witch, 1, 1, 1
1888, the_end, betterend:dry_shrubland, MONSTER, the_awakening_of_the_elder_souls:golden_zombie, 1, 1, 1
1889, the_end, betterend:dry_shrubland, MONSTER, realmrpg_demons:imp, 10, 1, 3
1890, the_end, betterend:dry_shrubland, MONSTER, realmrpg_demons:imp_guard, 8, 1, 3
1891, the_end, betterend:dry_shrubland, MONSTER, mowziesmobs:grottol, 2, 1, 1
1892, the_end, betterend:dry_shrubland, CREATURE, alexsmobs:endergrade, 5, 2, 6
1893, the_end, betterend:dry_shrubland, CREATURE, alexsmobs:spectre, 5, 1, 2
1894, the_end, betterend:dry_shrubland, CREATURE, alexsmobs:enderiophage, 5, 2, 2
1895, the_end, betterend:dry_shrubland, CREATURE, alexsmobs:cosmaw, 5, 1, 2
1896, the_end, betterend:dry_shrubland, CREATURE, goblins_tyranny:wanderer_goblin, 1, 1, 1
1897, the_end, betterend:dry_shrubland, AMBIENT, alexsmobs:cosmic_cod, 5, 9, 13
1898, the_end, betterend:dry_shrubland, AMBIENT, goblins_tyranny:coal_cave_goblin, 1, 1, 1
1899, the_end, betterend:dry_shrubland, AMBIENT, goblins_tyranny:copper_cave_goblin, 1, 1, 1
1900, the_end, betterend:dry_shrubland, AMBIENT, goblins_tyranny:gold_cave_goblin, 1, 1, 1
1901, the_end, betterend:dry_shrubland, AMBIENT, goblins_tyranny:iron_cave_goblin, 1, 1, 1
1902, the_end, betterend:dust_wastelands, MONSTER, minecraft:enderman, 10, 1, 2
1903, the_end, betterend:dust_wastelands, MONSTER, alexsmobs:farseer, 5, 1, 1
1904, the_end, betterend:dust_wastelands, MONSTER, realmrpg_demons:chort, 1, 1, 3
1905, the_end, betterend:dust_wastelands, MONSTER, realmrpg_demons:demon, 8, 1, 3
1906, the_end, betterend:dust_wastelands, MONSTER, realmrpg_demons:demon_lord, 2, 1, 1
1907, the_end, betterend:dust_wastelands, MONSTER, the_awakening_of_the_elder_souls:golden_creeper, 1, 1, 1
1908, the_end, betterend:dust_wastelands, MONSTER, the_awakening_of_the_elder_souls:golden_witch, 1, 1, 1
1909, the_end, betterend:dust_wastelands, MONSTER, the_awakening_of_the_elder_souls:golden_zombie, 1, 1, 1
1910, the_end, betterend:dust_wastelands, MONSTER, realmrpg_demons:imp, 10, 1, 3
1911, the_end, betterend:dust_wastelands, MONSTER, realmrpg_demons:imp_guard, 8, 1, 3
1912, the_end, betterend:dust_wastelands, MONSTER, mowziesmobs:grottol, 2, 1, 1
1913, the_end, betterend:dust_wastelands, CREATURE, alexsmobs:endergrade, 5, 2, 6
1914, the_end, betterend:dust_wastelands, CREATURE, alexsmobs:spectre, 5, 1, 2
1915, the_end, betterend:dust_wastelands, CREATURE, alexsmobs:enderiophage, 5, 2, 2
1916, the_end, betterend:dust_wastelands, CREATURE, alexsmobs:cosmaw, 5, 1, 2
1917, the_end, betterend:dust_wastelands, CREATURE, goblins_tyranny:wanderer_goblin, 1, 1, 1
1918, the_end, betterend:dust_wastelands, AMBIENT, alexsmobs:cosmic_cod, 5, 9, 13
1919, the_end, betterend:dust_wastelands, AMBIENT, goblins_tyranny:coal_cave_goblin, 1, 1, 1
1920, the_end, betterend:dust_wastelands, AMBIENT, goblins_tyranny:copper_cave_goblin, 1, 1, 1
1921, the_end, betterend:dust_wastelands, AMBIENT, goblins_tyranny:gold_cave_goblin, 1, 1, 1
1922, the_end, betterend:dust_wastelands, AMBIENT, goblins_tyranny:iron_cave_goblin, 1, 1, 1
1923, forest, biomeswevegone:ebony_woods, MONSTER, alexsmobs:centipede_head, 5, 1, 1
1924, forest, biomeswevegone:ebony_woods, MONSTER, alexsmobs:farseer, 5, 1, 1
1925, forest, biomeswevegone:ebony_woods, MONSTER, alexsmobs:murmur, 5, 1, 1
1926, forest, biomeswevegone:ebony_woods, MONSTER, realmrpg_demons:chort, 1, 1, 3
1927, forest, biomeswevegone:ebony_woods, MONSTER, realmrpg_demons:demon, 8, 1, 3
1928, forest, biomeswevegone:ebony_woods, MONSTER, realmrpg_demons:demon_lord, 2, 1, 1
1929, forest, biomeswevegone:ebony_woods, MONSTER, the_awakening_of_the_elder_souls:golden_creeper, 1, 1, 1
1930, forest, biomeswevegone:ebony_woods, MONSTER, the_awakening_of_the_elder_souls:golden_witch, 1, 1, 1
1931, forest, biomeswevegone:ebony_woods, MONSTER, the_awakening_of_the_elder_souls:golden_zombie, 1, 1, 1
1932, forest, biomeswevegone:ebony_woods, MONSTER, iceandfire:troll, 10, 1, 3
1933, forest, biomeswevegone:ebony_woods, MONSTER, realmrpg_demons:imp, 10, 1, 3
1934, forest, biomeswevegone:ebony_woods, MONSTER, realmrpg_demons:imp_guard, 8, 1, 3
1935, forest, biomeswevegone:ebony_woods, MONSTER, mowziesmobs:grottol, 2, 1, 1
1936, forest, biomeswevegone:ebony_woods, MONSTER, irons_spellbooks:necromancer, 1, 1, 1
1937, forest, biomeswevegone:ebony_woods, MONSTER, eidolon:wraith, 1, 1, 3
1938, forest, biomeswevegone:ebony_woods, MONSTER, eidolon:zombie_brute, 1, 1, 3
1939, forest, biomeswevegone:ebony_woods, CREATURE, minecraft:sheep, 10, 4, 4
1940, forest, biomeswevegone:ebony_woods, CREATURE, minecraft:pig, 10, 4, 4
1941, forest, biomeswevegone:ebony_woods, CREATURE, minecraft:chicken, 10, 4, 4
1942, forest, biomeswevegone:ebony_woods, CREATURE, minecraft:cow, 8, 4, 4
1943, forest, biomeswevegone:ebony_woods, CREATURE, minecraft:wolf, 8, 4, 4
1944, forest, biomeswevegone:ebony_woods, CREATURE, minecraft:rabbit, 4, 2, 3
1945, forest, biomeswevegone:ebony_woods, CREATURE, minecraft:fox, 8, 2, 4
1946, forest, biomeswevegone:ebony_woods, CREATURE, valoria:goblin, 10, 1, 2
1947, forest, biomeswevegone:ebony_woods, CREATURE, alexsmobs:grizzly_bear, 5, 2, 3
1948, forest, biomeswevegone:ebony_woods, CREATURE, alexsmobs:raccoon, 5, 2, 4
1949, forest, biomeswevegone:ebony_woods, CREATURE, alexsmobs:crow, 5, 3, 5
1950, forest, biomeswevegone:ebony_woods, CREATURE, alexsmobs:tasmanian_devil, 5, 1, 2
1951, forest, biomeswevegone:ebony_woods, CREATURE, alexsmobs:skunk, 5, 1, 2
1952, forest, biomeswevegone:ebony_woods, CREATURE, alexsmobs:blue_jay, 5, 2, 4
1953, forest, biomeswevegone:ebony_woods, CREATURE, eidolon:raven, 1, 2, 4
1954, forest, biomeswevegone:ebony_woods, CREATURE, eidolon:slimy_slug, 1, 2, 5
1955, forest, biomeswevegone:ebony_woods, CREATURE, goblins_tyranny:wanderer_goblin, 1, 1, 1
1956, forest, biomeswevegone:ebony_woods, AMBIENT, minecraft:bat, 10, 8, 8
1957, forest, biomeswevegone:ebony_woods, AMBIENT, alexsmobs:fly, 5, 2, 3
1958, forest, biomeswevegone:ebony_woods, AMBIENT, alexsmobs:cockroach, 5, 5, 5
1959, forest, biomeswevegone:ebony_woods, AMBIENT, goblins_tyranny:coal_cave_goblin, 1, 1, 1
1960, forest, biomeswevegone:ebony_woods, AMBIENT, goblins_tyranny:copper_cave_goblin, 1, 1, 1
1961, forest, biomeswevegone:ebony_woods, AMBIENT, goblins_tyranny:gold_cave_goblin, 1, 1, 1
1962, forest, biomeswevegone:ebony_woods, AMBIENT, goblins_tyranny:iron_cave_goblin, 1, 1, 1
1963, forest, biomeswevegone:ebony_woods, WATER_AMBIENT, alexsmobs:devils_hole_pupfish, 5, 5, 12
1964, none, the_awakening_of_the_elder_souls:eclipse_ocean, MONSTER, alexsmobs:farseer, 5, 1, 1
1965, none, the_awakening_of_the_elder_souls:eclipse_ocean, MONSTER, realmrpg_demons:chort, 1, 1, 3
1966, none, the_awakening_of_the_elder_souls:eclipse_ocean, MONSTER, realmrpg_demons:demon, 8, 1, 3
1967, none, the_awakening_of_the_elder_souls:eclipse_ocean, MONSTER, realmrpg_demons:demon_lord, 2, 1, 1
1968, none, the_awakening_of_the_elder_souls:eclipse_ocean, MONSTER, the_awakening_of_the_elder_souls:golden_creeper, 1, 1, 1
1969, none, the_awakening_of_the_elder_souls:eclipse_ocean, MONSTER, the_awakening_of_the_elder_souls:golden_witch, 1, 1, 1
1970, none, the_awakening_of_the_elder_souls:eclipse_ocean, MONSTER, the_awakening_of_the_elder_souls:golden_zombie, 1, 1, 1
1971, none, the_awakening_of_the_elder_souls:eclipse_ocean, MONSTER, realmrpg_demons:imp, 10, 1, 3
1972, none, the_awakening_of_the_elder_souls:eclipse_ocean, MONSTER, realmrpg_demons:imp_guard, 8, 1, 3
1973, none, the_awakening_of_the_elder_souls:eclipse_ocean, MONSTER, mowziesmobs:grottol, 2, 1, 1
1974, none, the_awakening_of_the_elder_souls:eclipse_ocean, CREATURE, goblins_tyranny:wanderer_goblin, 1, 1, 1
1975, none, the_awakening_of_the_elder_souls:eclipse_ocean, AMBIENT, goblins_tyranny:coal_cave_goblin, 1, 1, 1
1976, none, the_awakening_of_the_elder_souls:eclipse_ocean, AMBIENT, goblins_tyranny:copper_cave_goblin, 1, 1, 1
1977, none, the_awakening_of_the_elder_souls:eclipse_ocean, AMBIENT, goblins_tyranny:gold_cave_goblin, 1, 1, 1
1978, none, the_awakening_of_the_elder_souls:eclipse_ocean, AMBIENT, goblins_tyranny:iron_cave_goblin, 1, 1, 1
1979, none, valoria:ecotone, MONSTER, alexsmobs:farseer, 5, 1, 1
1980, none, valoria:ecotone, MONSTER, realmrpg_demons:chort, 1, 1, 3
1981, none, valoria:ecotone, MONSTER, realmrpg_demons:demon, 8, 1, 3
1982, none, valoria:ecotone, MONSTER, realmrpg_demons:demon_lord, 2, 1, 1
1983, none, valoria:ecotone, MONSTER, the_awakening_of_the_elder_souls:golden_creeper, 1, 1, 1
1984, none, valoria:ecotone, MONSTER, the_awakening_of_the_elder_souls:golden_witch, 1, 1, 1
1985, none, valoria:ecotone, MONSTER, the_awakening_of_the_elder_souls:golden_zombie, 1, 1, 1
1986, none, valoria:ecotone, MONSTER, realmrpg_demons:imp, 10, 1, 3
1987, none, valoria:ecotone, MONSTER, realmrpg_demons:imp_guard, 8, 1, 3
1988, none, valoria:ecotone, MONSTER, mowziesmobs:grottol, 2, 1, 1
1989, none, valoria:ecotone, CREATURE, goblins_tyranny:wanderer_goblin, 1, 1, 1
1990, none, valoria:ecotone, AMBIENT, minecraft:bat, 2, 1, 1
1991, none, valoria:ecotone, AMBIENT, goblins_tyranny:coal_cave_goblin, 1, 1, 1
1992, none, valoria:ecotone, AMBIENT, goblins_tyranny:copper_cave_goblin, 1, 1, 1
1993, none, valoria:ecotone, AMBIENT, goblins_tyranny:gold_cave_goblin, 1, 1, 1
1994, none, valoria:ecotone, AMBIENT, goblins_tyranny:iron_cave_goblin, 1, 1, 1
1995, none, valoria:ecotone, UNDERGROUND_WATER_CREATURE, minecraft:glow_squid, 2, 1, 2
1996, none, ancient_aether:elevated_caverns, MONSTER, alexsmobs:farseer, 5, 1, 1
1997, none, ancient_aether:elevated_caverns, MONSTER, realmrpg_demons:chort, 1, 1, 3
1998, none, ancient_aether:elevated_caverns, MONSTER, realmrpg_demons:demon, 8, 1, 3
1999, none, ancient_aether:elevated_caverns, MONSTER, realmrpg_demons:demon_lord, 2, 1, 1
2000, none, ancient_aether:elevated_caverns, MONSTER, the_awakening_of_the_elder_souls:golden_creeper, 1, 1, 1
2001, none, ancient_aether:elevated_caverns, MONSTER, the_awakening_of_the_elder_souls:golden_witch, 1, 1, 1
2002, none, ancient_aether:elevated_caverns, MONSTER, the_awakening_of_the_elder_souls:golden_zombie, 1, 1, 1
2003, none, ancient_aether:elevated_caverns, MONSTER, realmrpg_demons:imp, 10, 1, 3
2004, none, ancient_aether:elevated_caverns, MONSTER, realmrpg_demons:imp_guard, 8, 1, 3
2005, none, ancient_aether:elevated_caverns, MONSTER, mowziesmobs:grottol, 2, 1, 1
2006, none, ancient_aether:elevated_caverns, CREATURE, goblins_tyranny:wanderer_goblin, 1, 1, 1
2007, none, ancient_aether:elevated_caverns, AMBIENT, goblins_tyranny:coal_cave_goblin, 1, 1, 1
2008, none, ancient_aether:elevated_caverns, AMBIENT, goblins_tyranny:copper_cave_goblin, 1, 1, 1
2009, none, ancient_aether:elevated_caverns, AMBIENT, goblins_tyranny:gold_cave_goblin, 1, 1, 1
2010, none, ancient_aether:elevated_caverns, AMBIENT, goblins_tyranny:iron_cave_goblin, 1, 1, 1
2011, none, ancient_aether:elevated_caverns, AETHER_DARKNESS_MONSTER, aether:cockatrice, 10, 1, 3
2012, none, ancient_aether:elevated_caverns, AETHER_SKY_MONSTER, aether:zephyr, 10, 1, 1
2013, none, ancient_aether:elevated_caverns, AETHER_AERWHALE, aether:aerwhale, 10, 1, 1
2014, none, ancient_aether:elevated_clearing, MONSTER, alexsmobs:farseer, 5, 1, 1
2015, none, ancient_aether:elevated_clearing, MONSTER, realmrpg_demons:chort, 1, 1, 3
2016, none, ancient_aether:elevated_clearing, MONSTER, realmrpg_demons:demon, 8, 1, 3
2017, none, ancient_aether:elevated_clearing, MONSTER, realmrpg_demons:demon_lord, 2, 1, 1
2018, none, ancient_aether:elevated_clearing, MONSTER, the_awakening_of_the_elder_souls:golden_creeper, 1, 1, 1
2019, none, ancient_aether:elevated_clearing, MONSTER, the_awakening_of_the_elder_souls:golden_witch, 1, 1, 1
2020, none, ancient_aether:elevated_clearing, MONSTER, the_awakening_of_the_elder_souls:golden_zombie, 1, 1, 1
2021, none, ancient_aether:elevated_clearing, MONSTER, realmrpg_demons:imp, 10, 1, 3
2022, none, ancient_aether:elevated_clearing, MONSTER, realmrpg_demons:imp_guard, 8, 1, 3
2023, none, ancient_aether:elevated_clearing, MONSTER, mowziesmobs:grottol, 2, 1, 1
2024, none, ancient_aether:elevated_clearing, CREATURE, aether:phyg, 10, 3, 4
2025, none, ancient_aether:elevated_clearing, CREATURE, aether:sheepuff, 10, 3, 4
2026, none, ancient_aether:elevated_clearing, CREATURE, aether:flying_cow, 10, 2, 5
2027, none, ancient_aether:elevated_clearing, CREATURE, aether:aerbunny, 10, 3, 3
2028, none, ancient_aether:elevated_clearing, CREATURE, aether:moa, 8, 1, 3
2029, none, ancient_aether:elevated_clearing, CREATURE, goblins_tyranny:wanderer_goblin, 1, 1, 1
2030, none, ancient_aether:elevated_clearing, AMBIENT, goblins_tyranny:coal_cave_goblin, 1, 1, 1
2031, none, ancient_aether:elevated_clearing, AMBIENT, goblins_tyranny:copper_cave_goblin, 1, 1, 1
2032, none, ancient_aether:elevated_clearing, AMBIENT, goblins_tyranny:gold_cave_goblin, 1, 1, 1
2033, none, ancient_aether:elevated_clearing, AMBIENT, goblins_tyranny:iron_cave_goblin, 1, 1, 1
2034, none, ancient_aether:elevated_clearing, AETHER_SURFACE_MONSTER, aether:aechor_plant, 7, 1, 1
2035, none, ancient_aether:elevated_clearing, AETHER_SURFACE_MONSTER, aether:blue_swet, 6, 1, 1
2036, none, ancient_aether:elevated_clearing, AETHER_SURFACE_MONSTER, aether:golden_swet, 6, 1, 1
2037, none, ancient_aether:elevated_clearing, AETHER_SURFACE_MONSTER, aether:whirlwind, 3, 1, 1
2038, none, ancient_aether:elevated_clearing, AETHER_SURFACE_MONSTER, aether:evil_whirlwind, 1, 1, 1
2039, none, ancient_aether:elevated_clearing, AETHER_DARKNESS_MONSTER, aether:cockatrice, 10, 1, 3
2040, none, ancient_aether:elevated_clearing, AETHER_SKY_MONSTER, aether:zephyr, 10, 1, 1
2041, none, ancient_aether:elevated_clearing, AETHER_AERWHALE, aether:aerwhale, 10, 1, 1
2042, none, ancient_aether:elevated_forest, MONSTER, alexsmobs:farseer, 5, 1, 1
2043, none, ancient_aether:elevated_forest, MONSTER, realmrpg_demons:chort, 1, 1, 3
2044, none, ancient_aether:elevated_forest, MONSTER, realmrpg_demons:demon, 8, 1, 3
2045, none, ancient_aether:elevated_forest, MONSTER, realmrpg_demons:demon_lord, 2, 1, 1
2046, none, ancient_aether:elevated_forest, MONSTER, the_awakening_of_the_elder_souls:golden_creeper, 1, 1, 1
2047, none, ancient_aether:elevated_forest, MONSTER, the_awakening_of_the_elder_souls:golden_witch, 1, 1, 1
2048, none, ancient_aether:elevated_forest, MONSTER, the_awakening_of_the_elder_souls:golden_zombie, 1, 1, 1
2049, none, ancient_aether:elevated_forest, MONSTER, realmrpg_demons:imp, 10, 1, 3
2050, none, ancient_aether:elevated_forest, MONSTER, realmrpg_demons:imp_guard, 8, 1, 3
2051, none, ancient_aether:elevated_forest, MONSTER, mowziesmobs:grottol, 2, 1, 1
2052, none, ancient_aether:elevated_forest, CREATURE, aether:phyg, 10, 3, 4
2053, none, ancient_aether:elevated_forest, CREATURE, aether:sheepuff, 10, 3, 4
2054, none, ancient_aether:elevated_forest, CREATURE, aether:flying_cow, 10, 2, 5
2055, none, ancient_aether:elevated_forest, CREATURE, aether:aerbunny, 10, 3, 3
2056, none, ancient_aether:elevated_forest, CREATURE, aether:moa, 8, 1, 3
2057, none, ancient_aether:elevated_forest, CREATURE, goblins_tyranny:wanderer_goblin, 1, 1, 1
2058, none, ancient_aether:elevated_forest, AMBIENT, goblins_tyranny:coal_cave_goblin, 1, 1, 1
2059, none, ancient_aether:elevated_forest, AMBIENT, goblins_tyranny:copper_cave_goblin, 1, 1, 1
2060, none, ancient_aether:elevated_forest, AMBIENT, goblins_tyranny:gold_cave_goblin, 1, 1, 1
2061, none, ancient_aether:elevated_forest, AMBIENT, goblins_tyranny:iron_cave_goblin, 1, 1, 1
2062, none, ancient_aether:elevated_forest, AETHER_SURFACE_MONSTER, aether:aechor_plant, 7, 1, 1
2063, none, ancient_aether:elevated_forest, AETHER_SURFACE_MONSTER, aether:blue_swet, 6, 1, 1
2064, none, ancient_aether:elevated_forest, AETHER_SURFACE_MONSTER, aether:golden_swet, 6, 1, 1
2065, none, ancient_aether:elevated_forest, AETHER_SURFACE_MONSTER, aether:whirlwind, 3, 1, 1
2066, none, ancient_aether:elevated_forest, AETHER_SURFACE_MONSTER, aether:evil_whirlwind, 1, 1, 1
2067, none, ancient_aether:elevated_forest, AETHER_DARKNESS_MONSTER, aether:cockatrice, 10, 1, 3
2068, none, ancient_aether:elevated_forest, AETHER_SKY_MONSTER, aether:zephyr, 10, 1, 1
2069, none, ancient_aether:elevated_forest, AETHER_AERWHALE, aether:aerwhale, 10, 1, 1
2070, the_end, betterend:empty_aurora_cave, MONSTER, alexsmobs:farseer, 5, 1, 1
2071, the_end, betterend:empty_aurora_cave, MONSTER, realmrpg_demons:chort, 1, 1, 3
2072, the_end, betterend:empty_aurora_cave, MONSTER, realmrpg_demons:demon, 8, 1, 3
2073, the_end, betterend:empty_aurora_cave, MONSTER, realmrpg_demons:demon_lord, 2, 1, 1
2074, the_end, betterend:empty_aurora_cave, MONSTER, the_awakening_of_the_elder_souls:golden_creeper, 1, 1, 1
2075, the_end, betterend:empty_aurora_cave, MONSTER, the_awakening_of_the_elder_souls:golden_witch, 1, 1, 1
2076, the_end, betterend:empty_aurora_cave, MONSTER, the_awakening_of_the_elder_souls:golden_zombie, 1, 1, 1
2077, the_end, betterend:empty_aurora_cave, MONSTER, realmrpg_demons:imp, 10, 1, 3
2078, the_end, betterend:empty_aurora_cave, MONSTER, realmrpg_demons:imp_guard, 8, 1, 3
2079, the_end, betterend:empty_aurora_cave, MONSTER, mowziesmobs:grottol, 2, 1, 1
2080, the_end, betterend:empty_aurora_cave, CREATURE, alexsmobs:endergrade, 5, 2, 6
2081, the_end, betterend:empty_aurora_cave, CREATURE, alexsmobs:spectre, 5, 1, 2
2082, the_end, betterend:empty_aurora_cave, CREATURE, alexsmobs:enderiophage, 5, 2, 2
2083, the_end, betterend:empty_aurora_cave, CREATURE, alexsmobs:cosmaw, 5, 1, 2
2084, the_end, betterend:empty_aurora_cave, CREATURE, goblins_tyranny:wanderer_goblin, 1, 1, 1
2085, the_end, betterend:empty_aurora_cave, AMBIENT, alexsmobs:cosmic_cod, 5, 9, 13
2086, the_end, betterend:empty_aurora_cave, AMBIENT, goblins_tyranny:coal_cave_goblin, 1, 1, 1
2087, the_end, betterend:empty_aurora_cave, AMBIENT, goblins_tyranny:copper_cave_goblin, 1, 1, 1
2088, the_end, betterend:empty_aurora_cave, AMBIENT, goblins_tyranny:gold_cave_goblin, 1, 1, 1
2089, the_end, betterend:empty_aurora_cave, AMBIENT, goblins_tyranny:iron_cave_goblin, 1, 1, 1
2090, the_end, betterend:empty_end_cave, MONSTER, alexsmobs:farseer, 5, 1, 1
2091, the_end, betterend:empty_end_cave, MONSTER, realmrpg_demons:chort, 1, 1, 3
2092, the_end, betterend:empty_end_cave, MONSTER, realmrpg_demons:demon, 8, 1, 3
2093, the_end, betterend:empty_end_cave, MONSTER, realmrpg_demons:demon_lord, 2, 1, 1
2094, the_end, betterend:empty_end_cave, MONSTER, the_awakening_of_the_elder_souls:golden_creeper, 1, 1, 1
2095, the_end, betterend:empty_end_cave, MONSTER, the_awakening_of_the_elder_souls:golden_witch, 1, 1, 1
2096, the_end, betterend:empty_end_cave, MONSTER, the_awakening_of_the_elder_souls:golden_zombie, 1, 1, 1
2097, the_end, betterend:empty_end_cave, MONSTER, realmrpg_demons:imp, 10, 1, 3
2098, the_end, betterend:empty_end_cave, MONSTER, realmrpg_demons:imp_guard, 8, 1, 3
2099, the_end, betterend:empty_end_cave, MONSTER, mowziesmobs:grottol, 2, 1, 1
2100, the_end, betterend:empty_end_cave, CREATURE, alexsmobs:endergrade, 5, 2, 6
2101, the_end, betterend:empty_end_cave, CREATURE, alexsmobs:spectre, 5, 1, 2
2102, the_end, betterend:empty_end_cave, CREATURE, alexsmobs:enderiophage, 5, 2, 2
2103, the_end, betterend:empty_end_cave, CREATURE, alexsmobs:cosmaw, 5, 1, 2
2104, the_end, betterend:empty_end_cave, CREATURE, goblins_tyranny:wanderer_goblin, 1, 1, 1
2105, the_end, betterend:empty_end_cave, AMBIENT, alexsmobs:cosmic_cod, 5, 9, 13
2106, the_end, betterend:empty_end_cave, AMBIENT, goblins_tyranny:coal_cave_goblin, 1, 1, 1
2107, the_end, betterend:empty_end_cave, AMBIENT, goblins_tyranny:copper_cave_goblin, 1, 1, 1
2108, the_end, betterend:empty_end_cave, AMBIENT, goblins_tyranny:gold_cave_goblin, 1, 1, 1
2109, the_end, betterend:empty_end_cave, AMBIENT, goblins_tyranny:iron_cave_goblin, 1, 1, 1
2110, the_end, betterend:empty_smaragdant_cave, MONSTER, alexsmobs:farseer, 5, 1, 1
2111, the_end, betterend:empty_smaragdant_cave, MONSTER, realmrpg_demons:chort, 1, 1, 3
2112, the_end, betterend:empty_smaragdant_cave, MONSTER, realmrpg_demons:demon, 8, 1, 3
2113, the_end, betterend:empty_smaragdant_cave, MONSTER, realmrpg_demons:demon_lord, 2, 1, 1
2114, the_end, betterend:empty_smaragdant_cave, MONSTER, the_awakening_of_the_elder_souls:golden_creeper, 1, 1, 1
2115, the_end, betterend:empty_smaragdant_cave, MONSTER, the_awakening_of_the_elder_souls:golden_witch, 1, 1, 1
2116, the_end, betterend:empty_smaragdant_cave, MONSTER, the_awakening_of_the_elder_souls:golden_zombie, 1, 1, 1
2117, the_end, betterend:empty_smaragdant_cave, MONSTER, realmrpg_demons:imp, 10, 1, 3
2118, the_end, betterend:empty_smaragdant_cave, MONSTER, realmrpg_demons:imp_guard, 8, 1, 3
2119, the_end, betterend:empty_smaragdant_cave, MONSTER, mowziesmobs:grottol, 2, 1, 1
2120, the_end, betterend:empty_smaragdant_cave, CREATURE, alexsmobs:endergrade, 5, 2, 6
2121, the_end, betterend:empty_smaragdant_cave, CREATURE, alexsmobs:spectre, 5, 1, 2
2122, the_end, betterend:empty_smaragdant_cave, CREATURE, alexsmobs:enderiophage, 5, 2, 2
2123, the_end, betterend:empty_smaragdant_cave, CREATURE, alexsmobs:cosmaw, 5, 1, 2
2124, the_end, betterend:empty_smaragdant_cave, CREATURE, goblins_tyranny:wanderer_goblin, 1, 1, 1
2125, the_end, betterend:empty_smaragdant_cave, AMBIENT, alexsmobs:cosmic_cod, 5, 9, 13
2126, the_end, betterend:empty_smaragdant_cave, AMBIENT, goblins_tyranny:coal_cave_goblin, 1, 1, 1
2127, the_end, betterend:empty_smaragdant_cave, AMBIENT, goblins_tyranny:copper_cave_goblin, 1, 1, 1
2128, the_end, betterend:empty_smaragdant_cave, AMBIENT, goblins_tyranny:gold_cave_goblin, 1, 1, 1
2129, the_end, betterend:empty_smaragdant_cave, AMBIENT, goblins_tyranny:iron_cave_goblin, 1, 1, 1
2130, forest, biomeswevegone:enchanted_tangle, MONSTER, minecraft:enderman, 10, 1, 4
2131, forest, biomeswevegone:enchanted_tangle, MONSTER, minecraft:spider, 10, 4, 4
2132, forest, biomeswevegone:enchanted_tangle, MONSTER, minecraft:zombie, 10, 4, 4
2133, forest, biomeswevegone:enchanted_tangle, MONSTER, minecraft:zombie_villager, 5, 1, 1
2134, forest, biomeswevegone:enchanted_tangle, MONSTER, minecraft:skeleton, 10, 4, 4
2135, forest, biomeswevegone:enchanted_tangle, MONSTER, minecraft:creeper, 10, 4, 4
2136, forest, biomeswevegone:enchanted_tangle, MONSTER, minecraft:slime, 10, 4, 4
2137, forest, biomeswevegone:enchanted_tangle, MONSTER, minecraft:enderman, 10, 1, 4
2138, forest, biomeswevegone:enchanted_tangle, MONSTER, minecraft:witch, 5, 1, 1
2139, forest, biomeswevegone:enchanted_tangle, MONSTER, alexsmobs:centipede_head, 5, 1, 1
2140, forest, biomeswevegone:enchanted_tangle, MONSTER, alexsmobs:farseer, 5, 1, 1
2141, forest, biomeswevegone:enchanted_tangle, MONSTER, alexsmobs:murmur, 5, 1, 1
2142, forest, biomeswevegone:enchanted_tangle, MONSTER, realmrpg_demons:chort, 1, 1, 3
2143, forest, biomeswevegone:enchanted_tangle, MONSTER, realmrpg_demons:demon, 8, 1, 3
2144, forest, biomeswevegone:enchanted_tangle, MONSTER, realmrpg_demons:demon_lord, 2, 1, 1
2145, forest, biomeswevegone:enchanted_tangle, MONSTER, the_awakening_of_the_elder_souls:golden_creeper, 1, 1, 1
2146, forest, biomeswevegone:enchanted_tangle, MONSTER, the_awakening_of_the_elder_souls:golden_witch, 1, 1, 1
2147, forest, biomeswevegone:enchanted_tangle, MONSTER, the_awakening_of_the_elder_souls:golden_zombie, 1, 1, 1
2148, forest, biomeswevegone:enchanted_tangle, MONSTER, iceandfire:troll, 10, 1, 3
2149, forest, biomeswevegone:enchanted_tangle, MONSTER, realmrpg_demons:imp, 10, 1, 3
2150, forest, biomeswevegone:enchanted_tangle, MONSTER, realmrpg_demons:imp_guard, 8, 1, 3
2151, forest, biomeswevegone:enchanted_tangle, MONSTER, mowziesmobs:grottol, 2, 1, 1
2152, forest, biomeswevegone:enchanted_tangle, MONSTER, irons_spellbooks:necromancer, 1, 1, 1
2153, forest, biomeswevegone:enchanted_tangle, MONSTER, eidolon:wraith, 1, 1, 3
2154, forest, biomeswevegone:enchanted_tangle, MONSTER, eidolon:zombie_brute, 1, 1, 3
2155, forest, biomeswevegone:enchanted_tangle, CREATURE, minecraft:sheep, 10, 4, 4
2156, forest, biomeswevegone:enchanted_tangle, CREATURE, minecraft:pig, 10, 4, 4
2157, forest, biomeswevegone:enchanted_tangle, CREATURE, minecraft:chicken, 10, 4, 4
2158, forest, biomeswevegone:enchanted_tangle, CREATURE, minecraft:cow, 10, 4, 4
2159, forest, biomeswevegone:enchanted_tangle, CREATURE, minecraft:ocelot, 10, 1, 1
2160, forest, biomeswevegone:enchanted_tangle, CREATURE, minecraft:parrot, 10, 1, 2
2161, forest, biomeswevegone:enchanted_tangle, CREATURE, minecraft:sheep, 10, 4, 4
2162, forest, biomeswevegone:enchanted_tangle, CREATURE, minecraft:pig, 10, 4, 4
2163, forest, biomeswevegone:enchanted_tangle, CREATURE, minecraft:chicken, 10, 4, 4
2164, forest, biomeswevegone:enchanted_tangle, CREATURE, minecraft:cow, 8, 4, 4
2165, forest, biomeswevegone:enchanted_tangle, CREATURE, minecraft:chicken, 10, 4, 4
2166, forest, biomeswevegone:enchanted_tangle, CREATURE, minecraft:parrot, 10, 1, 2
2167, forest, biomeswevegone:enchanted_tangle, CREATURE, minecraft:ocelot, 2, 1, 3
2168, forest, biomeswevegone:enchanted_tangle, CREATURE, minecraft:panda, 1, 1, 2
2169, forest, biomeswevegone:enchanted_tangle, CREATURE, valoria:goblin, 10, 1, 2
2170, forest, biomeswevegone:enchanted_tangle, CREATURE, alexsmobs:grizzly_bear, 5, 2, 3
2171, forest, biomeswevegone:enchanted_tangle, CREATURE, alexsmobs:raccoon, 5, 2, 4
2172, forest, biomeswevegone:enchanted_tangle, CREATURE, alexsmobs:crow, 5, 3, 5
2173, forest, biomeswevegone:enchanted_tangle, CREATURE, alexsmobs:tasmanian_devil, 5, 1, 2
2174, forest, biomeswevegone:enchanted_tangle, CREATURE, alexsmobs:skunk, 5, 1, 2
2175, forest, biomeswevegone:enchanted_tangle, CREATURE, alexsmobs:blue_jay, 5, 2, 4
2176, forest, biomeswevegone:enchanted_tangle, CREATURE, eidolon:raven, 1, 2, 4
2177, forest, biomeswevegone:enchanted_tangle, CREATURE, eidolon:slimy_slug, 1, 2, 5
2178, forest, biomeswevegone:enchanted_tangle, CREATURE, goblins_tyranny:wanderer_goblin, 1, 1, 1
2179, forest, biomeswevegone:enchanted_tangle, AMBIENT, minecraft:bat, 10, 8, 8
2180, forest, biomeswevegone:enchanted_tangle, AMBIENT, minecraft:bat, 10, 8, 8
2181, forest, biomeswevegone:enchanted_tangle, AMBIENT, alexsmobs:fly, 5, 2, 3
2182, forest, biomeswevegone:enchanted_tangle, AMBIENT, alexsmobs:cockroach, 5, 5, 5
2183, forest, biomeswevegone:enchanted_tangle, AMBIENT, goblins_tyranny:coal_cave_goblin, 1, 1, 1
2184, forest, biomeswevegone:enchanted_tangle, AMBIENT, goblins_tyranny:copper_cave_goblin, 1, 1, 1
2185, forest, biomeswevegone:enchanted_tangle, AMBIENT, goblins_tyranny:gold_cave_goblin, 1, 1, 1
2186, forest, biomeswevegone:enchanted_tangle, AMBIENT, goblins_tyranny:iron_cave_goblin, 1, 1, 1
2187, forest, biomeswevegone:enchanted_tangle, UNDERGROUND_WATER_CREATURE, minecraft:glow_squid, 10, 4, 6
2188, forest, biomeswevegone:enchanted_tangle, WATER_AMBIENT, alexsmobs:devils_hole_pupfish, 5, 5, 12
2189, the_end, minecraft:end_barrens, MONSTER, minecraft:enderman, 10, 4, 4
2190, the_end, minecraft:end_barrens, MONSTER, alexsmobs:farseer, 5, 1, 1
2191, the_end, minecraft:end_barrens, MONSTER, realmrpg_demons:chort, 1, 1, 3
2192, the_end, minecraft:end_barrens, MONSTER, realmrpg_demons:demon, 8, 1, 3
2193, the_end, minecraft:end_barrens, MONSTER, realmrpg_demons:demon_lord, 2, 1, 1
2194, the_end, minecraft:end_barrens, MONSTER, the_awakening_of_the_elder_souls:golden_creeper, 1, 1, 1
2195, the_end, minecraft:end_barrens, MONSTER, the_awakening_of_the_elder_souls:golden_witch, 1, 1, 1
2196, the_end, minecraft:end_barrens, MONSTER, the_awakening_of_the_elder_souls:golden_zombie, 1, 1, 1
2197, the_end, minecraft:end_barrens, MONSTER, realmrpg_demons:imp, 10, 1, 3
2198, the_end, minecraft:end_barrens, MONSTER, realmrpg_demons:imp_guard, 8, 1, 3
2199, the_end, minecraft:end_barrens, MONSTER, mowziesmobs:grottol, 2, 1, 1
2200, the_end, minecraft:end_barrens, CREATURE, alexsmobs:endergrade, 5, 2, 6
2201, the_end, minecraft:end_barrens, CREATURE, alexsmobs:spectre, 5, 1, 2
2202, the_end, minecraft:end_barrens, CREATURE, alexsmobs:cosmaw, 5, 1, 2
2203, the_end, minecraft:end_barrens, CREATURE, goblins_tyranny:wanderer_goblin, 1, 1, 1
2204, the_end, minecraft:end_barrens, AMBIENT, alexsmobs:cosmic_cod, 5, 9, 13
2205, the_end, minecraft:end_barrens, AMBIENT, goblins_tyranny:coal_cave_goblin, 1, 1, 1
2206, the_end, minecraft:end_barrens, AMBIENT, goblins_tyranny:copper_cave_goblin, 1, 1, 1
2207, the_end, minecraft:end_barrens, AMBIENT, goblins_tyranny:gold_cave_goblin, 1, 1, 1
2208, the_end, minecraft:end_barrens, AMBIENT, goblins_tyranny:iron_cave_goblin, 1, 1, 1
2209, the_end, minecraft:end_highlands, MONSTER, minecraft:enderman, 10, 4, 4
2210, the_end, minecraft:end_highlands, MONSTER, alexsmobs:farseer, 5, 1, 1
2211, the_end, minecraft:end_highlands, MONSTER, realmrpg_demons:chort, 1, 1, 3
2212, the_end, minecraft:end_highlands, MONSTER, legendary_monsters:chorusling, 3, 1, 1
2213, the_end, minecraft:end_highlands, MONSTER, realmrpg_demons:demon, 8, 1, 3
2214, the_end, minecraft:end_highlands, MONSTER, realmrpg_demons:demon_lord, 2, 1, 1
2215, the_end, minecraft:end_highlands, MONSTER, the_awakening_of_the_elder_souls:golden_creeper, 1, 1, 1
2216, the_end, minecraft:end_highlands, MONSTER, the_awakening_of_the_elder_souls:golden_witch, 1, 1, 1
2217, the_end, minecraft:end_highlands, MONSTER, the_awakening_of_the_elder_souls:golden_zombie, 1, 1, 1
2218, the_end, minecraft:end_highlands, MONSTER, realmrpg_demons:imp, 10, 1, 3
2219, the_end, minecraft:end_highlands, MONSTER, realmrpg_demons:imp_guard, 8, 1, 3
2220, the_end, minecraft:end_highlands, MONSTER, mowziesmobs:grottol, 2, 1, 1
2221, the_end, minecraft:end_highlands, CREATURE, alexsmobs:endergrade, 5, 2, 6
2222, the_end, minecraft:end_highlands, CREATURE, alexsmobs:spectre, 5, 1, 2
2223, the_end, minecraft:end_highlands, CREATURE, alexsmobs:cosmaw, 5, 1, 2
2224, the_end, minecraft:end_highlands, CREATURE, goblins_tyranny:wanderer_goblin, 1, 1, 1
2225, the_end, minecraft:end_highlands, AMBIENT, alexsmobs:cosmic_cod, 5, 9, 13
2226, the_end, minecraft:end_highlands, AMBIENT, goblins_tyranny:coal_cave_goblin, 1, 1, 1
2227, the_end, minecraft:end_highlands, AMBIENT, goblins_tyranny:copper_cave_goblin, 1, 1, 1
2228, the_end, minecraft:end_highlands, AMBIENT, goblins_tyranny:gold_cave_goblin, 1, 1, 1
2229, the_end, minecraft:end_highlands, AMBIENT, goblins_tyranny:iron_cave_goblin, 1, 1, 1
2230, the_end, minecraft:end_midlands, MONSTER, minecraft:enderman, 10, 4, 4
2231, the_end, minecraft:end_midlands, MONSTER, alexsmobs:farseer, 5, 1, 1
2232, the_end, minecraft:end_midlands, MONSTER, realmrpg_demons:chort, 1, 1, 3
2233, the_end, minecraft:end_midlands, MONSTER, legendary_monsters:chorusling, 3, 1, 1
2234, the_end, minecraft:end_midlands, MONSTER, realmrpg_demons:demon, 8, 1, 3
2235, the_end, minecraft:end_midlands, MONSTER, realmrpg_demons:demon_lord, 2, 1, 1
2236, the_end, minecraft:end_midlands, MONSTER, the_awakening_of_the_elder_souls:golden_creeper, 1, 1, 1
2237, the_end, minecraft:end_midlands, MONSTER, the_awakening_of_the_elder_souls:golden_witch, 1, 1, 1
2238, the_end, minecraft:end_midlands, MONSTER, the_awakening_of_the_elder_souls:golden_zombie, 1, 1, 1
2239, the_end, minecraft:end_midlands, MONSTER, realmrpg_demons:imp, 10, 1, 3
2240, the_end, minecraft:end_midlands, MONSTER, realmrpg_demons:imp_guard, 8, 1, 3
2241, the_end, minecraft:end_midlands, MONSTER, mowziesmobs:grottol, 2, 1, 1
2242, the_end, minecraft:end_midlands, CREATURE, alexsmobs:endergrade, 5, 2, 6
2243, the_end, minecraft:end_midlands, CREATURE, alexsmobs:spectre, 5, 1, 2
2244, the_end, minecraft:end_midlands, CREATURE, alexsmobs:enderiophage, 5, 2, 2
2245, the_end, minecraft:end_midlands, CREATURE, alexsmobs:cosmaw, 5, 1, 2
2246, the_end, minecraft:end_midlands, CREATURE, goblins_tyranny:wanderer_goblin, 1, 1, 1
2247, the_end, minecraft:end_midlands, AMBIENT, alexsmobs:cosmic_cod, 5, 9, 13
2248, the_end, minecraft:end_midlands, AMBIENT, goblins_tyranny:coal_cave_goblin, 1, 1, 1
2249, the_end, minecraft:end_midlands, AMBIENT, goblins_tyranny:copper_cave_goblin, 1, 1, 1
2250, the_end, minecraft:end_midlands, AMBIENT, goblins_tyranny:gold_cave_goblin, 1, 1, 1
2251, the_end, minecraft:end_midlands, AMBIENT, goblins_tyranny:iron_cave_goblin, 1, 1, 1
2252, badlands, minecraft:eroded_badlands, MONSTER, minecraft:spider, 10, 4, 4
2253, badlands, minecraft:eroded_badlands, MONSTER, minecraft:zombie, 10, 4, 4
2254, badlands, minecraft:eroded_badlands, MONSTER, minecraft:zombie_villager, 5, 1, 1
2255, badlands, minecraft:eroded_badlands, MONSTER, minecraft:skeleton, 10, 4, 4
2256, badlands, minecraft:eroded_badlands, MONSTER, minecraft:creeper, 10, 4, 4
2257, badlands, minecraft:eroded_badlands, MONSTER, minecraft:slime, 10, 4, 4
2258, badlands, minecraft:eroded_badlands, MONSTER, minecraft:enderman, 10, 1, 4
2259, badlands, minecraft:eroded_badlands, MONSTER, minecraft:witch, 5, 1, 1
2260, badlands, minecraft:eroded_badlands, MONSTER, alexsmobs:centipede_head, 5, 1, 1
2261, badlands, minecraft:eroded_badlands, MONSTER, alexsmobs:farseer, 5, 1, 1
2262, badlands, minecraft:eroded_badlands, MONSTER, alexsmobs:murmur, 5, 1, 1
2263, badlands, minecraft:eroded_badlands, MONSTER, realmrpg_demons:chort, 1, 1, 3
2264, badlands, minecraft:eroded_badlands, MONSTER, realmrpg_demons:demon, 8, 1, 3
2265, badlands, minecraft:eroded_badlands, MONSTER, realmrpg_demons:demon_lord, 2, 1, 1
2266, badlands, minecraft:eroded_badlands, MONSTER, mythicmobs:chupacabra, 5, 1, 1
2267, badlands, minecraft:eroded_badlands, MONSTER, the_awakening_of_the_elder_souls:golden_creeper, 1, 1, 1
2268, badlands, minecraft:eroded_badlands, MONSTER, the_awakening_of_the_elder_souls:golden_witch, 1, 1, 1
2269, badlands, minecraft:eroded_badlands, MONSTER, the_awakening_of_the_elder_souls:golden_zombie, 1, 1, 1
2270, badlands, minecraft:eroded_badlands, MONSTER, realmrpg_demons:imp, 10, 1, 3
2271, badlands, minecraft:eroded_badlands, MONSTER, realmrpg_demons:imp_guard, 8, 1, 3
2272, badlands, minecraft:eroded_badlands, MONSTER, mowziesmobs:grottol, 2, 1, 1
2273, badlands, minecraft:eroded_badlands, MONSTER, irons_spellbooks:necromancer, 1, 1, 1
2274, badlands, minecraft:eroded_badlands, MONSTER, eidolon:wraith, 1, 1, 3
2275, badlands, minecraft:eroded_badlands, MONSTER, eidolon:zombie_brute, 1, 1, 3
2276, badlands, minecraft:eroded_badlands, CREATURE, valoria:goblin, 10, 1, 2
2277, badlands, minecraft:eroded_badlands, CREATURE, alexsmobs:roadrunner, 5, 2, 2
2278, badlands, minecraft:eroded_badlands, CREATURE, alexsmobs:rattlesnake, 5, 1, 2
2279, badlands, minecraft:eroded_badlands, CREATURE, alexsmobs:emu, 5, 2, 5
2280, badlands, minecraft:eroded_badlands, CREATURE, alexsmobs:kangaroo, 5, 3, 5
2281, badlands, minecraft:eroded_badlands, CREATURE, mythicmobs:drake, 5, 1, 4
2282, badlands, minecraft:eroded_badlands, CREATURE, mythicmobs:kobold, 5, 3, 6
2283, badlands, minecraft:eroded_badlands, CREATURE, mythicmobs:kobold_warrior, 5, 1, 3
2284, badlands, minecraft:eroded_badlands, CREATURE, mythicmobs:mushroom_thing, 5, 3, 5
2285, badlands, minecraft:eroded_badlands, CREATURE, iceandfire:hippogryph, 1, 1, 1
2286, badlands, minecraft:eroded_badlands, CREATURE, goblins_tyranny:wanderer_goblin, 1, 1, 1
2287, badlands, minecraft:eroded_badlands, AMBIENT, minecraft:bat, 10, 8, 8
2288, badlands, minecraft:eroded_badlands, AMBIENT, alexsmobs:fly, 5, 2, 3
2289, badlands, minecraft:eroded_badlands, AMBIENT, alexsmobs:cockroach, 5, 5, 5
2290, badlands, minecraft:eroded_badlands, AMBIENT, goblins_tyranny:coal_cave_goblin, 1, 1, 1
2291, badlands, minecraft:eroded_badlands, AMBIENT, goblins_tyranny:copper_cave_goblin, 1, 1, 1
2292, badlands, minecraft:eroded_badlands, AMBIENT, goblins_tyranny:gold_cave_goblin, 1, 1, 1
2293, badlands, minecraft:eroded_badlands, AMBIENT, goblins_tyranny:iron_cave_goblin, 1, 1, 1
2294, badlands, minecraft:eroded_badlands, UNDERGROUND_WATER_CREATURE, minecraft:glow_squid, 10, 4, 6
2295, badlands, minecraft:eroded_badlands, WATER_AMBIENT, alexsmobs:devils_hole_pupfish, 5, 5, 12
2296, forest, biomeswevegone:eroded_borealis, MONSTER, minecraft:spider, 10, 4, 4
2297, forest, biomeswevegone:eroded_borealis, MONSTER, minecraft:zombie, 10, 4, 4
2298, forest, biomeswevegone:eroded_borealis, MONSTER, minecraft:zombie_villager, 5, 1, 1
2299, forest, biomeswevegone:eroded_borealis, MONSTER, minecraft:skeleton, 10, 4, 4
2300, forest, biomeswevegone:eroded_borealis, MONSTER, minecraft:creeper, 10, 4, 4
2301, forest, biomeswevegone:eroded_borealis, MONSTER, minecraft:slime, 10, 4, 4
2302, forest, biomeswevegone:eroded_borealis, MONSTER, minecraft:enderman, 10, 1, 4
2303, forest, biomeswevegone:eroded_borealis, MONSTER, minecraft:witch, 5, 1, 1
2304, forest, biomeswevegone:eroded_borealis, MONSTER, minecraft:stray, 10, 2, 3
2305, forest, biomeswevegone:eroded_borealis, MONSTER, alexsmobs:centipede_head, 5, 1, 1
2306, forest, biomeswevegone:eroded_borealis, MONSTER, alexsmobs:farseer, 5, 1, 1
2307, forest, biomeswevegone:eroded_borealis, MONSTER, alexsmobs:murmur, 5, 1, 1
2308, forest, biomeswevegone:eroded_borealis, MONSTER, realmrpg_demons:chort, 1, 1, 3
2309, forest, biomeswevegone:eroded_borealis, MONSTER, realmrpg_demons:demon, 8, 1, 3
2310, forest, biomeswevegone:eroded_borealis, MONSTER, realmrpg_demons:demon_lord, 2, 1, 1
2311, forest, biomeswevegone:eroded_borealis, MONSTER, the_awakening_of_the_elder_souls:golden_creeper, 1, 1, 1
2312, forest, biomeswevegone:eroded_borealis, MONSTER, the_awakening_of_the_elder_souls:golden_witch, 1, 1, 1
2313, forest, biomeswevegone:eroded_borealis, MONSTER, the_awakening_of_the_elder_souls:golden_zombie, 1, 1, 1
2314, forest, biomeswevegone:eroded_borealis, MONSTER, iceandfire:dread_lich, 5, 1, 1
2315, forest, biomeswevegone:eroded_borealis, MONSTER, iceandfire:troll, 10, 1, 3
2316, forest, biomeswevegone:eroded_borealis, MONSTER, realmrpg_demons:imp, 10, 1, 3
2317, forest, biomeswevegone:eroded_borealis, MONSTER, realmrpg_demons:imp_guard, 8, 1, 3
2318, forest, biomeswevegone:eroded_borealis, MONSTER, mowziesmobs:grottol, 2, 1, 1
2319, forest, biomeswevegone:eroded_borealis, MONSTER, irons_spellbooks:necromancer, 1, 1, 1
2320, forest, biomeswevegone:eroded_borealis, MONSTER, eidolon:wraith, 1, 1, 3
2321, forest, biomeswevegone:eroded_borealis, MONSTER, eidolon:zombie_brute, 1, 1, 3
2322, forest, biomeswevegone:eroded_borealis, CREATURE, minecraft:allay, 1, 1, 1
2323, forest, biomeswevegone:eroded_borealis, CREATURE, minecraft:rabbit, 10, 2, 3
2324, forest, biomeswevegone:eroded_borealis, CREATURE, minecraft:fox, 8, 2, 4
2325, forest, biomeswevegone:eroded_borealis, CREATURE, minecraft:wolf, 8, 3, 4
2326, forest, biomeswevegone:eroded_borealis, CREATURE, minecraft:polar_bear, 1, 1, 2
2327, forest, biomeswevegone:eroded_borealis, CREATURE, valoria:goblin, 10, 1, 2
2328, forest, biomeswevegone:eroded_borealis, CREATURE, alexsmobs:grizzly_bear, 5, 2, 3
2329, forest, biomeswevegone:eroded_borealis, CREATURE, alexsmobs:raccoon, 5, 2, 4
2330, forest, biomeswevegone:eroded_borealis, CREATURE, alexsmobs:snow_leopard, 5, 1, 2
2331, forest, biomeswevegone:eroded_borealis, CREATURE, alexsmobs:crow, 5, 3, 5
2332, forest, biomeswevegone:eroded_borealis, CREATURE, alexsmobs:blue_jay, 5, 2, 4
2333, forest, biomeswevegone:eroded_borealis, CREATURE, eidolon:slimy_slug, 1, 2, 3
2334, forest, biomeswevegone:eroded_borealis, CREATURE, eidolon:raven, 1, 2, 4
2335, forest, biomeswevegone:eroded_borealis, CREATURE, eidolon:slimy_slug, 1, 2, 5
2336, forest, biomeswevegone:eroded_borealis, CREATURE, goblins_tyranny:wanderer_goblin, 1, 1, 1
2337, forest, biomeswevegone:eroded_borealis, AMBIENT, minecraft:bat, 10, 8, 8
2338, forest, biomeswevegone:eroded_borealis, AMBIENT, alexsmobs:fly, 5, 2, 3
2339, forest, biomeswevegone:eroded_borealis, AMBIENT, alexsmobs:cockroach, 5, 5, 5
2340, forest, biomeswevegone:eroded_borealis, AMBIENT, goblins_tyranny:coal_cave_goblin, 1, 1, 1
2341, forest, biomeswevegone:eroded_borealis, AMBIENT, goblins_tyranny:copper_cave_goblin, 1, 1, 1
2342, forest, biomeswevegone:eroded_borealis, AMBIENT, goblins_tyranny:gold_cave_goblin, 1, 1, 1
2343, forest, biomeswevegone:eroded_borealis, AMBIENT, goblins_tyranny:iron_cave_goblin, 1, 1, 1
2344, forest, biomeswevegone:eroded_borealis, UNDERGROUND_WATER_CREATURE, minecraft:glow_squid, 10, 4, 6
2345, forest, biomeswevegone:eroded_borealis, WATER_AMBIENT, alexsmobs:devils_hole_pupfish, 5, 5, 12
2346, none, ancient_aether:festive_wyndcap_taiga, MONSTER, alexsmobs:farseer, 5, 1, 1
2347, none, ancient_aether:festive_wyndcap_taiga, MONSTER, realmrpg_demons:chort, 1, 1, 3
2348, none, ancient_aether:festive_wyndcap_taiga, MONSTER, realmrpg_demons:demon, 8, 1, 3
2349, none, ancient_aether:festive_wyndcap_taiga, MONSTER, realmrpg_demons:demon_lord, 2, 1, 1
2350, none, ancient_aether:festive_wyndcap_taiga, MONSTER, the_awakening_of_the_elder_souls:golden_creeper, 1, 1, 1
2351, none, ancient_aether:festive_wyndcap_taiga, MONSTER, the_awakening_of_the_elder_souls:golden_witch, 1, 1, 1
2352, none, ancient_aether:festive_wyndcap_taiga, MONSTER, the_awakening_of_the_elder_souls:golden_zombie, 1, 1, 1
2353, none, ancient_aether:festive_wyndcap_taiga, MONSTER, realmrpg_demons:imp, 10, 1, 3
2354, none, ancient_aether:festive_wyndcap_taiga, MONSTER, realmrpg_demons:imp_guard, 8, 1, 3
2355, none, ancient_aether:festive_wyndcap_taiga, MONSTER, mowziesmobs:grottol, 2, 1, 1
2356, none, ancient_aether:festive_wyndcap_taiga, CREATURE, aether:phyg, 10, 3, 4
2357, none, ancient_aether:festive_wyndcap_taiga, CREATURE, aether:sheepuff, 10, 3, 4
2358, none, ancient_aether:festive_wyndcap_taiga, CREATURE, aether:flying_cow, 10, 2, 5
2359, none, ancient_aether:festive_wyndcap_taiga, CREATURE, aether:aerbunny, 10, 3, 3
2360, none, ancient_aether:festive_wyndcap_taiga, CREATURE, aether:moa, 8, 1, 3
2361, none, ancient_aether:festive_wyndcap_taiga, CREATURE, ancient_aether:fluffalo, 10, 2, 5
2362, none, ancient_aether:festive_wyndcap_taiga, CREATURE, goblins_tyranny:wanderer_goblin, 1, 1, 1
2363, none, ancient_aether:festive_wyndcap_taiga, AMBIENT, goblins_tyranny:coal_cave_goblin, 1, 1, 1
2364, none, ancient_aether:festive_wyndcap_taiga, AMBIENT, goblins_tyranny:copper_cave_goblin, 1, 1, 1
2365, none, ancient_aether:festive_wyndcap_taiga, AMBIENT, goblins_tyranny:gold_cave_goblin, 1, 1, 1
2366, none, ancient_aether:festive_wyndcap_taiga, AMBIENT, goblins_tyranny:iron_cave_goblin, 1, 1, 1
2367, none, ancient_aether:festive_wyndcap_taiga, AETHER_SURFACE_MONSTER, aether:aechor_plant, 7, 1, 1
2368, none, ancient_aether:festive_wyndcap_taiga, AETHER_SURFACE_MONSTER, ancient_aether:festive_swet, 10, 1, 1
2369, none, ancient_aether:festive_wyndcap_taiga, AETHER_SURFACE_MONSTER, aether:whirlwind, 3, 1, 1
2370, none, ancient_aether:festive_wyndcap_taiga, AETHER_SURFACE_MONSTER, aether:evil_whirlwind, 1, 1, 1
2371, none, ancient_aether:festive_wyndcap_taiga, AETHER_DARKNESS_MONSTER, aether:cockatrice, 10, 1, 3
2372, none, ancient_aether:festive_wyndcap_taiga, AETHER_SKY_MONSTER, aether:zephyr, 10, 1, 1
2373, none, ancient_aether:festive_wyndcap_taiga, AETHER_AERWHALE, aether:aerwhale, 10, 1, 1
2374, none, biomeswevegone:firecracker_chaparral, MONSTER, minecraft:spider, 10, 4, 4
2375, none, biomeswevegone:firecracker_chaparral, MONSTER, minecraft:zombie, 10, 4, 4
2376, none, biomeswevegone:firecracker_chaparral, MONSTER, minecraft:zombie_villager, 5, 1, 1
2377, none, biomeswevegone:firecracker_chaparral, MONSTER, minecraft:skeleton, 10, 4, 4
2378, none, biomeswevegone:firecracker_chaparral, MONSTER, minecraft:creeper, 10, 4, 4
2379, none, biomeswevegone:firecracker_chaparral, MONSTER, minecraft:slime, 10, 4, 4
2380, none, biomeswevegone:firecracker_chaparral, MONSTER, minecraft:enderman, 10, 1, 4
2381, none, biomeswevegone:firecracker_chaparral, MONSTER, minecraft:witch, 5, 1, 1
2382, none, biomeswevegone:firecracker_chaparral, MONSTER, alexsmobs:centipede_head, 5, 1, 1
2383, none, biomeswevegone:firecracker_chaparral, MONSTER, alexsmobs:farseer, 5, 1, 1
2384, none, biomeswevegone:firecracker_chaparral, MONSTER, alexsmobs:murmur, 5, 1, 1
2385, none, biomeswevegone:firecracker_chaparral, MONSTER, realmrpg_demons:chort, 1, 1, 3
2386, none, biomeswevegone:firecracker_chaparral, MONSTER, realmrpg_demons:demon, 8, 1, 3
2387, none, biomeswevegone:firecracker_chaparral, MONSTER, realmrpg_demons:demon_lord, 2, 1, 1
2388, none, biomeswevegone:firecracker_chaparral, MONSTER, the_awakening_of_the_elder_souls:golden_creeper, 1, 1, 1
2389, none, biomeswevegone:firecracker_chaparral, MONSTER, the_awakening_of_the_elder_souls:golden_witch, 1, 1, 1
2390, none, biomeswevegone:firecracker_chaparral, MONSTER, the_awakening_of_the_elder_souls:golden_zombie, 1, 1, 1
2391, none, biomeswevegone:firecracker_chaparral, MONSTER, realmrpg_demons:imp, 10, 1, 3
2392, none, biomeswevegone:firecracker_chaparral, MONSTER, realmrpg_demons:imp_guard, 8, 1, 3
2393, none, biomeswevegone:firecracker_chaparral, MONSTER, mowziesmobs:grottol, 2, 1, 1
2394, none, biomeswevegone:firecracker_chaparral, MONSTER, irons_spellbooks:necromancer, 1, 1, 1
2395, none, biomeswevegone:firecracker_chaparral, MONSTER, eidolon:wraith, 1, 1, 3
2396, none, biomeswevegone:firecracker_chaparral, MONSTER, eidolon:zombie_brute, 1, 1, 3
2397, none, biomeswevegone:firecracker_chaparral, CREATURE, minecraft:sheep, 10, 4, 4
2398, none, biomeswevegone:firecracker_chaparral, CREATURE, minecraft:pig, 10, 4, 4
2399, none, biomeswevegone:firecracker_chaparral, CREATURE, minecraft:chicken, 10, 4, 4
2400, none, biomeswevegone:firecracker_chaparral, CREATURE, minecraft:cow, 8, 4, 4
2401, none, biomeswevegone:firecracker_chaparral, CREATURE, minecraft:horse, 5, 2, 6
2402, none, biomeswevegone:firecracker_chaparral, CREATURE, minecraft:donkey, 1, 1, 3
2403, none, biomeswevegone:firecracker_chaparral, CREATURE, valoria:goblin, 10, 1, 2
2404, none, biomeswevegone:firecracker_chaparral, CREATURE, alexsmobs:raccoon, 5, 2, 4
2405, none, biomeswevegone:firecracker_chaparral, CREATURE, alexsmobs:crow, 5, 3, 5
2406, none, biomeswevegone:firecracker_chaparral, CREATURE, alexsmobs:bison, 5, 6, 10
2407, none, biomeswevegone:firecracker_chaparral, CREATURE, goblins_tyranny:wanderer_goblin, 1, 1, 1
2408, none, biomeswevegone:firecracker_chaparral, AMBIENT, minecraft:bat, 10, 8, 8
2409, none, biomeswevegone:firecracker_chaparral, AMBIENT, alexsmobs:fly, 5, 2, 3
2410, none, biomeswevegone:firecracker_chaparral, AMBIENT, alexsmobs:cockroach, 5, 5, 5
2411, none, biomeswevegone:firecracker_chaparral, AMBIENT, goblins_tyranny:coal_cave_goblin, 1, 1, 1
2412, none, biomeswevegone:firecracker_chaparral, AMBIENT, goblins_tyranny:copper_cave_goblin, 1, 1, 1
2413, none, biomeswevegone:firecracker_chaparral, AMBIENT, goblins_tyranny:gold_cave_goblin, 1, 1, 1
2414, none, biomeswevegone:firecracker_chaparral, AMBIENT, goblins_tyranny:iron_cave_goblin, 1, 1, 1
2415, none, biomeswevegone:firecracker_chaparral, WATER_AMBIENT, alexsmobs:devils_hole_pupfish, 5, 5, 12
2416, none, the_awakening_of_the_elder_souls:flaming_hills, MONSTER, alexsmobs:farseer, 5, 1, 1
2417, none, the_awakening_of_the_elder_souls:flaming_hills, MONSTER, realmrpg_demons:chort, 1, 1, 3
2418, none, the_awakening_of_the_elder_souls:flaming_hills, MONSTER, realmrpg_demons:demon, 8, 1, 3
2419, none, the_awakening_of_the_elder_souls:flaming_hills, MONSTER, realmrpg_demons:demon_lord, 2, 1, 1
2420, none, the_awakening_of_the_elder_souls:flaming_hills, MONSTER, the_awakening_of_the_elder_souls:golden_creeper, 1, 1, 1
2421, none, the_awakening_of_the_elder_souls:flaming_hills, MONSTER, the_awakening_of_the_elder_souls:golden_witch, 1, 1, 1
2422, none, the_awakening_of_the_elder_souls:flaming_hills, MONSTER, the_awakening_of_the_elder_souls:golden_zombie, 1, 1, 1
2423, none, the_awakening_of_the_elder_souls:flaming_hills, MONSTER, realmrpg_demons:imp, 10, 1, 3
2424, none, the_awakening_of_the_elder_souls:flaming_hills, MONSTER, realmrpg_demons:imp_guard, 8, 1, 3
2425, none, the_awakening_of_the_elder_souls:flaming_hills, MONSTER, mowziesmobs:grottol, 2, 1, 1
2426, none, the_awakening_of_the_elder_souls:flaming_hills, CREATURE, the_awakening_of_the_elder_souls:sun_cow, 10, 1, 3
2427, none, the_awakening_of_the_elder_souls:flaming_hills, CREATURE, goblins_tyranny:wanderer_goblin, 1, 1, 1
2428, none, the_awakening_of_the_elder_souls:flaming_hills, AMBIENT, goblins_tyranny:coal_cave_goblin, 1, 1, 1
2429, none, the_awakening_of_the_elder_souls:flaming_hills, AMBIENT, goblins_tyranny:copper_cave_goblin, 1, 1, 1
2430, none, the_awakening_of_the_elder_souls:flaming_hills, AMBIENT, the_awakening_of_the_elder_souls:flaming_komodo, 1, 1, 1
2431, none, the_awakening_of_the_elder_souls:flaming_hills, AMBIENT, goblins_tyranny:gold_cave_goblin, 1, 1, 1
2432, none, the_awakening_of_the_elder_souls:flaming_hills, AMBIENT, goblins_tyranny:iron_cave_goblin, 1, 1, 1
2433, nether, betternether:flooded_deltas, MONSTER, minecraft:ghast, 10, 4, 4
2434, nether, betternether:flooded_deltas, MONSTER, minecraft:zombified_piglin, 10, 4, 4
2435, nether, betternether:flooded_deltas, MONSTER, minecraft:magma_cube, 2, 4, 4
2436, nether, betternether:flooded_deltas, MONSTER, betternether:skull, 2, 2, 4
2437, nether, betternether:flooded_deltas, MONSTER, minecraft:enderman, 1, 4, 4
2438, nether, betternether:flooded_deltas, MONSTER, minecraft:piglin, 10, 4, 4
2439, nether, betternether:flooded_deltas, MONSTER, minecraft:hoglin, 0, 1, 2
2440, nether, betternether:flooded_deltas, MONSTER, betternether:naga, 8, 3, 5
2441, nether, betternether:flooded_deltas, MONSTER, betternether:jungle_skeleton, 0, 2, 4
2442, nether, betternether:flooded_deltas, MONSTER, minecraft:piglin_brute, 0, 1, 1
2443, nether, betternether:flooded_deltas, MONSTER, alexsmobs:bone_serpent, 5, 1, 1
2444, nether, betternether:flooded_deltas, MONSTER, alexsmobs:farseer, 5, 1, 1
2445, nether, betternether:flooded_deltas, MONSTER, realmrpg_demons:chort, 1, 1, 3
2446, nether, betternether:flooded_deltas, MONSTER, realmrpg_demons:demon, 8, 1, 3
2447, nether, betternether:flooded_deltas, MONSTER, realmrpg_demons:demon_lord, 2, 1, 1
2448, nether, betternether:flooded_deltas, MONSTER, the_awakening_of_the_elder_souls:golden_creeper, 1, 1, 1
2449, nether, betternether:flooded_deltas, MONSTER, the_awakening_of_the_elder_souls:golden_witch, 1, 1, 1
2450, nether, betternether:flooded_deltas, MONSTER, the_awakening_of_the_elder_souls:golden_zombie, 1, 1, 1
2451, nether, betternether:flooded_deltas, MONSTER, realmrpg_demons:imp, 10, 1, 3
2452, nether, betternether:flooded_deltas, MONSTER, realmrpg_demons:imp_guard, 8, 1, 3
2453, nether, betternether:flooded_deltas, MONSTER, mowziesmobs:grottol, 2, 1, 1
2454, nether, betternether:flooded_deltas, MONSTER, soulsweapons:evil_forlorn, 10, 1, 1
2455, nether, betternether:flooded_deltas, MONSTER, soulsweapons:withered_demon, 10, 1, 1
2456, nether, betternether:flooded_deltas, CREATURE, minecraft:strider, 10, 1, 2
2457, nether, betternether:flooded_deltas, CREATURE, alexsmobs:laviathan, 5, 1, 1
2458, nether, betternether:flooded_deltas, CREATURE, goblins_tyranny:wanderer_goblin, 1, 1, 1
2459, nether, betternether:flooded_deltas, AMBIENT, betternether:firefly, 5, 1, 3
2460, nether, betternether:flooded_deltas, AMBIENT, betternether:hydrogen_jellyfish, 5, 2, 6
2461, nether, betternether:flooded_deltas, AMBIENT, betternether:flying_pig, 0, 2, 4
2462, nether, betternether:flooded_deltas, AMBIENT, goblins_tyranny:coal_cave_goblin, 1, 1, 1
2463, nether, betternether:flooded_deltas, AMBIENT, goblins_tyranny:copper_cave_goblin, 1, 1, 1
2464, nether, betternether:flooded_deltas, AMBIENT, goblins_tyranny:gold_cave_goblin, 1, 1, 1
2465, nether, betternether:flooded_deltas, AMBIENT, goblins_tyranny:iron_cave_goblin, 1, 1, 1
2466, forest, minecraft:flower_forest, MONSTER, minecraft:spider, 10, 4, 4
2467, forest, minecraft:flower_forest, MONSTER, minecraft:zombie, 10, 4, 4
2468, forest, minecraft:flower_forest, MONSTER, minecraft:zombie_villager, 5, 1, 1
2469, forest, minecraft:flower_forest, MONSTER, minecraft:skeleton, 10, 4, 4
2470, forest, minecraft:flower_forest, MONSTER, minecraft:creeper, 10, 4, 4
2471, forest, minecraft:flower_forest, MONSTER, minecraft:slime, 10, 4, 4
2472, forest, minecraft:flower_forest, MONSTER, minecraft:enderman, 10, 1, 4
2473, forest, minecraft:flower_forest, MONSTER, minecraft:witch, 5, 1, 1
2474, forest, minecraft:flower_forest, MONSTER, alexsmobs:centipede_head, 5, 1, 1
2475, forest, minecraft:flower_forest, MONSTER, alexsmobs:farseer, 5, 1, 1
2476, forest, minecraft:flower_forest, MONSTER, alexsmobs:murmur, 5, 1, 1
2477, forest, minecraft:flower_forest, MONSTER, realmrpg_demons:chort, 1, 1, 3
2478, forest, minecraft:flower_forest, MONSTER, realmrpg_demons:demon, 8, 1, 3
2479, forest, minecraft:flower_forest, MONSTER, realmrpg_demons:demon_lord, 2, 1, 1
2480, forest, minecraft:flower_forest, MONSTER, mythicmobs:chupacabra, 5, 1, 1
2481, forest, minecraft:flower_forest, MONSTER, the_awakening_of_the_elder_souls:golden_creeper, 1, 1, 1
2482, forest, minecraft:flower_forest, MONSTER, the_awakening_of_the_elder_souls:golden_witch, 1, 1, 1
2483, forest, minecraft:flower_forest, MONSTER, the_awakening_of_the_elder_souls:golden_zombie, 1, 1, 1
2484, forest, minecraft:flower_forest, MONSTER, iceandfire:troll, 10, 1, 3
2485, forest, minecraft:flower_forest, MONSTER, realmrpg_demons:imp, 10, 1, 3
2486, forest, minecraft:flower_forest, MONSTER, realmrpg_demons:imp_guard, 8, 1, 3
2487, forest, minecraft:flower_forest, MONSTER, mowziesmobs:grottol, 2, 1, 1
2488, forest, minecraft:flower_forest, MONSTER, irons_spellbooks:necromancer, 1, 1, 1
2489, forest, minecraft:flower_forest, MONSTER, eidolon:wraith, 1, 1, 3
2490, forest, minecraft:flower_forest, MONSTER, eidolon:zombie_brute, 1, 1, 3
2491, forest, minecraft:flower_forest, CREATURE, minecraft:sheep, 10, 4, 4
2492, forest, minecraft:flower_forest, CREATURE, minecraft:pig, 10, 4, 4
2493, forest, minecraft:flower_forest, CREATURE, minecraft:chicken, 10, 4, 4
2494, forest, minecraft:flower_forest, CREATURE, minecraft:cow, 8, 4, 4
2495, forest, minecraft:flower_forest, CREATURE, minecraft:rabbit, 4, 2, 3
2496, forest, minecraft:flower_forest, CREATURE, valoria:goblin, 10, 1, 2
2497, forest, minecraft:flower_forest, CREATURE, alexsmobs:grizzly_bear, 5, 2, 3
2498, forest, minecraft:flower_forest, CREATURE, alexsmobs:hummingbird, 5, 7, 7
2499, forest, minecraft:flower_forest, CREATURE, alexsmobs:raccoon, 5, 2, 4
2500, forest, minecraft:flower_forest, CREATURE, alexsmobs:crow, 5, 3, 5
2501, forest, minecraft:flower_forest, CREATURE, alexsmobs:tasmanian_devil, 5, 1, 2
2502, forest, minecraft:flower_forest, CREATURE, alexsmobs:skunk, 5, 1, 2
2503, forest, minecraft:flower_forest, CREATURE, alexsmobs:blue_jay, 5, 2, 4
2504, forest, minecraft:flower_forest, CREATURE, mythicmobs:drake, 5, 1, 4
2505, forest, minecraft:flower_forest, CREATURE, mythicmobs:kobold, 5, 3, 6
2506, forest, minecraft:flower_forest, CREATURE, mythicmobs:kobold_warrior, 5, 1, 3
2507, forest, minecraft:flower_forest, CREATURE, mythicmobs:mushroom_thing, 5, 3, 5
2508, forest, minecraft:flower_forest, CREATURE, eidolon:raven, 1, 2, 4
2509, forest, minecraft:flower_forest, CREATURE, eidolon:slimy_slug, 1, 2, 5
2510, forest, minecraft:flower_forest, CREATURE, goblins_tyranny:wanderer_goblin, 1, 1, 1
2511, forest, minecraft:flower_forest, AMBIENT, minecraft:bat, 10, 8, 8
2512, forest, minecraft:flower_forest, AMBIENT, alexsmobs:fly, 5, 2, 3
2513, forest, minecraft:flower_forest, AMBIENT, alexsmobs:cockroach, 5, 5, 5
2514, forest, minecraft:flower_forest, AMBIENT, goblins_tyranny:coal_cave_goblin, 1, 1, 1
2515, forest, minecraft:flower_forest, AMBIENT, goblins_tyranny:copper_cave_goblin, 1, 1, 1
2516, forest, minecraft:flower_forest, AMBIENT, goblins_tyranny:gold_cave_goblin, 1, 1, 1
2517, forest, minecraft:flower_forest, AMBIENT, goblins_tyranny:iron_cave_goblin, 1, 1, 1
2518, forest, minecraft:flower_forest, UNDERGROUND_WATER_CREATURE, minecraft:glow_squid, 10, 4, 6
2519, forest, minecraft:flower_forest, WATER_AMBIENT, alexsmobs:devils_hole_pupfish, 5, 5, 12
2520, the_end, betterend:foggy_mushroomland, MONSTER, betterend:end_slime, 10, 1, 2
2521, the_end, betterend:foggy_mushroomland, MONSTER, minecraft:enderman, 10, 1, 2
2522, the_end, betterend:foggy_mushroomland, MONSTER, alexsmobs:farseer, 5, 1, 1
2523, the_end, betterend:foggy_mushroomland, MONSTER, realmrpg_demons:chort, 1, 1, 3
2524, the_end, betterend:foggy_mushroomland, MONSTER, realmrpg_demons:demon, 8, 1, 3
2525, the_end, betterend:foggy_mushroomland, MONSTER, realmrpg_demons:demon_lord, 2, 1, 1
2526, the_end, betterend:foggy_mushroomland, MONSTER, the_awakening_of_the_elder_souls:golden_creeper, 1, 1, 1
2527, the_end, betterend:foggy_mushroomland, MONSTER, the_awakening_of_the_elder_souls:golden_witch, 1, 1, 1
2528, the_end, betterend:foggy_mushroomland, MONSTER, the_awakening_of_the_elder_souls:golden_zombie, 1, 1, 1
2529, the_end, betterend:foggy_mushroomland, MONSTER, realmrpg_demons:imp, 10, 1, 3
2530, the_end, betterend:foggy_mushroomland, MONSTER, realmrpg_demons:imp_guard, 8, 1, 3
2531, the_end, betterend:foggy_mushroomland, MONSTER, mowziesmobs:grottol, 2, 1, 1
2532, the_end, betterend:foggy_mushroomland, CREATURE, alexsmobs:endergrade, 5, 2, 6
2533, the_end, betterend:foggy_mushroomland, CREATURE, alexsmobs:spectre, 5, 1, 2
2534, the_end, betterend:foggy_mushroomland, CREATURE, alexsmobs:enderiophage, 5, 2, 2
2535, the_end, betterend:foggy_mushroomland, CREATURE, alexsmobs:cosmaw, 5, 1, 2
2536, the_end, betterend:foggy_mushroomland, CREATURE, goblins_tyranny:wanderer_goblin, 1, 1, 1
2537, the_end, betterend:foggy_mushroomland, AMBIENT, betterend:dragonfly, 10, 2, 5
2538, the_end, betterend:foggy_mushroomland, AMBIENT, alexsmobs:cosmic_cod, 5, 9, 13
2539, the_end, betterend:foggy_mushroomland, AMBIENT, goblins_tyranny:coal_cave_goblin, 1, 1, 1
2540, the_end, betterend:foggy_mushroomland, AMBIENT, goblins_tyranny:copper_cave_goblin, 1, 1, 1
2541, the_end, betterend:foggy_mushroomland, AMBIENT, goblins_tyranny:gold_cave_goblin, 1, 1, 1
2542, the_end, betterend:foggy_mushroomland, AMBIENT, goblins_tyranny:iron_cave_goblin, 1, 1, 1
2543, the_end, betterend:foggy_mushroomland, WATER_AMBIENT, betterend:end_fish, 10, 2, 5
2544, the_end, betterend:foggy_mushroomland, WATER_AMBIENT, betterend:cubozoa, 10, 3, 8
2545, forest, minecraft:forest, MONSTER, minecraft:spider, 10, 4, 4
2546, forest, minecraft:forest, MONSTER, minecraft:zombie, 10, 4, 4
2547, forest, minecraft:forest, MONSTER, minecraft:zombie_villager, 5, 1, 1
2548, forest, minecraft:forest, MONSTER, minecraft:skeleton, 10, 4, 4
2549, forest, minecraft:forest, MONSTER, minecraft:creeper, 10, 4, 4
2550, forest, minecraft:forest, MONSTER, minecraft:slime, 10, 4, 4
2551, forest, minecraft:forest, MONSTER, minecraft:enderman, 10, 1, 4
2552, forest, minecraft:forest, MONSTER, minecraft:witch, 5, 1, 1
2553, forest, minecraft:forest, MONSTER, alexsmobs:centipede_head, 5, 1, 1
2554, forest, minecraft:forest, MONSTER, alexsmobs:farseer, 5, 1, 1
2555, forest, minecraft:forest, MONSTER, alexsmobs:murmur, 5, 1, 1
2556, forest, minecraft:forest, MONSTER, realmrpg_demons:chort, 1, 1, 3
2557, forest, minecraft:forest, MONSTER, realmrpg_demons:demon, 8, 1, 3
2558, forest, minecraft:forest, MONSTER, realmrpg_demons:demon_lord, 2, 1, 1
2559, forest, minecraft:forest, MONSTER, mythicmobs:chupacabra, 5, 1, 1
2560, forest, minecraft:forest, MONSTER, the_awakening_of_the_elder_souls:golden_creeper, 1, 1, 1
2561, forest, minecraft:forest, MONSTER, the_awakening_of_the_elder_souls:golden_witch, 1, 1, 1
2562, forest, minecraft:forest, MONSTER, the_awakening_of_the_elder_souls:golden_zombie, 1, 1, 1
2563, forest, minecraft:forest, MONSTER, iceandfire:troll, 10, 1, 3
2564, forest, minecraft:forest, MONSTER, realmrpg_demons:imp, 10, 1, 3
2565, forest, minecraft:forest, MONSTER, realmrpg_demons:imp_guard, 8, 1, 3
2566, forest, minecraft:forest, MONSTER, mowziesmobs:grottol, 2, 1, 1
2567, forest, minecraft:forest, MONSTER, irons_spellbooks:necromancer, 1, 1, 1
2568, forest, minecraft:forest, MONSTER, soulsweapons:big_chungus, 10, 4, 8
2569, forest, minecraft:forest, MONSTER, eidolon:wraith, 1, 1, 3
2570, forest, minecraft:forest, MONSTER, eidolon:zombie_brute, 1, 1, 3
2571, forest, minecraft:forest, CREATURE, minecraft:sheep, 10, 4, 4
2572, forest, minecraft:forest, CREATURE, minecraft:pig, 10, 4, 4
2573, forest, minecraft:forest, CREATURE, minecraft:chicken, 10, 4, 4
2574, forest, minecraft:forest, CREATURE, minecraft:cow, 8, 4, 4
2575, forest, minecraft:forest, CREATURE, minecraft:wolf, 5, 4, 4
2576, forest, minecraft:forest, CREATURE, valoria:goblin, 10, 1, 2
2577, forest, minecraft:forest, CREATURE, alexsmobs:grizzly_bear, 5, 2, 3
2578, forest, minecraft:forest, CREATURE, alexsmobs:raccoon, 5, 2, 4
2579, forest, minecraft:forest, CREATURE, alexsmobs:crow, 5, 3, 5
2580, forest, minecraft:forest, CREATURE, alexsmobs:tasmanian_devil, 5, 1, 2
2581, forest, minecraft:forest, CREATURE, alexsmobs:skunk, 5, 1, 2
2582, forest, minecraft:forest, CREATURE, alexsmobs:blue_jay, 5, 2, 4
2583, forest, minecraft:forest, CREATURE, mythicmobs:drake, 5, 1, 4
2584, forest, minecraft:forest, CREATURE, mythicmobs:kobold, 5, 3, 6
2585, forest, minecraft:forest, CREATURE, mythicmobs:kobold_warrior, 5, 1, 3
2586, forest, minecraft:forest, CREATURE, mythicmobs:mushroom_thing, 5, 3, 5
2587, forest, minecraft:forest, CREATURE, eidolon:raven, 1, 2, 4
2588, forest, minecraft:forest, CREATURE, eidolon:slimy_slug, 1, 2, 5
2589, forest, minecraft:forest, CREATURE, goblins_tyranny:wanderer_goblin, 1, 1, 1
2590, forest, minecraft:forest, AMBIENT, minecraft:bat, 10, 8, 8
2591, forest, minecraft:forest, AMBIENT, alexsmobs:fly, 5, 2, 3
2592, forest, minecraft:forest, AMBIENT, alexsmobs:cockroach, 5, 5, 5
2593, forest, minecraft:forest, AMBIENT, goblins_tyranny:coal_cave_goblin, 1, 1, 1
2594, forest, minecraft:forest, AMBIENT, goblins_tyranny:copper_cave_goblin, 1, 1, 1
2595, forest, minecraft:forest, AMBIENT, goblins_tyranny:gold_cave_goblin, 1, 1, 1
2596, forest, minecraft:forest, AMBIENT, goblins_tyranny:iron_cave_goblin, 1, 1, 1
2597, forest, minecraft:forest, UNDERGROUND_WATER_CREATURE, minecraft:glow_squid, 10, 4, 6
2598, forest, minecraft:forest, WATER_AMBIENT, alexsmobs:devils_hole_pupfish, 5, 5, 12
2599, none, the_awakening_of_the_elder_souls:forgotten_eclipse, MONSTER, alexsmobs:farseer, 5, 1, 1
2600, none, the_awakening_of_the_elder_souls:forgotten_eclipse, MONSTER, realmrpg_demons:chort, 1, 1, 3
2601, none, the_awakening_of_the_elder_souls:forgotten_eclipse, MONSTER, realmrpg_demons:demon, 8, 1, 3
2602, none, the_awakening_of_the_elder_souls:forgotten_eclipse, MONSTER, realmrpg_demons:demon_lord, 2, 1, 1
2603, none, the_awakening_of_the_elder_souls:forgotten_eclipse, MONSTER, the_awakening_of_the_elder_souls:golden_creeper, 1, 1, 1
2604, none, the_awakening_of_the_elder_souls:forgotten_eclipse, MONSTER, the_awakening_of_the_elder_souls:golden_witch, 1, 1, 1
2605, none, the_awakening_of_the_elder_souls:forgotten_eclipse, MONSTER, the_awakening_of_the_elder_souls:golden_zombie, 1, 1, 1
2606, none, the_awakening_of_the_elder_souls:forgotten_eclipse, MONSTER, realmrpg_demons:imp, 10, 1, 3
2607, none, the_awakening_of_the_elder_souls:forgotten_eclipse, MONSTER, realmrpg_demons:imp_guard, 8, 1, 3
2608, none, the_awakening_of_the_elder_souls:forgotten_eclipse, MONSTER, mowziesmobs:grottol, 2, 1, 1
2609, none, the_awakening_of_the_elder_souls:forgotten_eclipse, CREATURE, goblins_tyranny:wanderer_goblin, 1, 1, 1
2610, none, the_awakening_of_the_elder_souls:forgotten_eclipse, AMBIENT, goblins_tyranny:coal_cave_goblin, 1, 1, 1
2611, none, the_awakening_of_the_elder_souls:forgotten_eclipse, AMBIENT, goblins_tyranny:copper_cave_goblin, 1, 1, 1
2612, none, the_awakening_of_the_elder_souls:forgotten_eclipse, AMBIENT, goblins_tyranny:gold_cave_goblin, 1, 1, 1
2613, none, the_awakening_of_the_elder_souls:forgotten_eclipse, AMBIENT, goblins_tyranny:iron_cave_goblin, 1, 1, 1
2614, forest, biomeswevegone:forgotten_forest, MONSTER, minecraft:cave_spider, 10, 2, 3
2615, forest, biomeswevegone:forgotten_forest, MONSTER, alexsmobs:centipede_head, 5, 1, 1
2616, forest, biomeswevegone:forgotten_forest, MONSTER, alexsmobs:farseer, 5, 1, 1
2617, forest, biomeswevegone:forgotten_forest, MONSTER, alexsmobs:murmur, 5, 1, 1
2618, forest, biomeswevegone:forgotten_forest, MONSTER, realmrpg_demons:chort, 1, 1, 3
2619, forest, biomeswevegone:forgotten_forest, MONSTER, realmrpg_demons:demon, 8, 1, 3
2620, forest, biomeswevegone:forgotten_forest, MONSTER, realmrpg_demons:demon_lord, 2, 1, 1
2621, forest, biomeswevegone:forgotten_forest, MONSTER, the_awakening_of_the_elder_souls:golden_creeper, 1, 1, 1
2622, forest, biomeswevegone:forgotten_forest, MONSTER, the_awakening_of_the_elder_souls:golden_witch, 1, 1, 1
2623, forest, biomeswevegone:forgotten_forest, MONSTER, the_awakening_of_the_elder_souls:golden_zombie, 1, 1, 1
2624, forest, biomeswevegone:forgotten_forest, MONSTER, iceandfire:troll, 10, 1, 3
2625, forest, biomeswevegone:forgotten_forest, MONSTER, realmrpg_demons:imp, 10, 1, 3
2626, forest, biomeswevegone:forgotten_forest, MONSTER, realmrpg_demons:imp_guard, 8, 1, 3
2627, forest, biomeswevegone:forgotten_forest, MONSTER, mowziesmobs:grottol, 2, 1, 1
2628, forest, biomeswevegone:forgotten_forest, MONSTER, irons_spellbooks:necromancer, 1, 1, 1
2629, forest, biomeswevegone:forgotten_forest, MONSTER, eidolon:wraith, 1, 1, 3
2630, forest, biomeswevegone:forgotten_forest, MONSTER, eidolon:zombie_brute, 1, 1, 3
2631, forest, biomeswevegone:forgotten_forest, CREATURE, minecraft:allay, 1, 1, 1
2632, forest, biomeswevegone:forgotten_forest, CREATURE, minecraft:rabbit, 4, 2, 3
2633, forest, biomeswevegone:forgotten_forest, CREATURE, minecraft:fox, 8, 2, 4
2634, forest, biomeswevegone:forgotten_forest, CREATURE, valoria:goblin, 10, 1, 2
2635, forest, biomeswevegone:forgotten_forest, CREATURE, alexsmobs:grizzly_bear, 5, 2, 3
2636, forest, biomeswevegone:forgotten_forest, CREATURE, alexsmobs:raccoon, 5, 2, 4
2637, forest, biomeswevegone:forgotten_forest, CREATURE, alexsmobs:crow, 5, 3, 5
2638, forest, biomeswevegone:forgotten_forest, CREATURE, alexsmobs:tasmanian_devil, 5, 1, 2
2639, forest, biomeswevegone:forgotten_forest, CREATURE, alexsmobs:skunk, 5, 1, 2
2640, forest, biomeswevegone:forgotten_forest, CREATURE, alexsmobs:blue_jay, 5, 2, 4
2641, forest, biomeswevegone:forgotten_forest, CREATURE, eidolon:raven, 1, 2, 4
2642, forest, biomeswevegone:forgotten_forest, CREATURE, eidolon:slimy_slug, 1, 2, 5
2643, forest, biomeswevegone:forgotten_forest, CREATURE, goblins_tyranny:wanderer_goblin, 1, 1, 1
2644, forest, biomeswevegone:forgotten_forest, AMBIENT, alexsmobs:fly, 5, 2, 3
2645, forest, biomeswevegone:forgotten_forest, AMBIENT, alexsmobs:cockroach, 5, 5, 5
2646, forest, biomeswevegone:forgotten_forest, AMBIENT, goblins_tyranny:coal_cave_goblin, 1, 1, 1
2647, forest, biomeswevegone:forgotten_forest, AMBIENT, goblins_tyranny:copper_cave_goblin, 1, 1, 1
2648, forest, biomeswevegone:forgotten_forest, AMBIENT, goblins_tyranny:gold_cave_goblin, 1, 1, 1
2649, forest, biomeswevegone:forgotten_forest, AMBIENT, goblins_tyranny:iron_cave_goblin, 1, 1, 1
2650, forest, biomeswevegone:forgotten_forest, WATER_AMBIENT, alexsmobs:devils_hole_pupfish, 5, 5, 12
2651, none, alexscaves:forlorn_hollows, MONSTER, alexscaves:underzealot, 10, 1, 1
2652, none, alexscaves:forlorn_hollows, MONSTER, alexscaves:corrodent, 10, 3, 4
2653, none, alexscaves:forlorn_hollows, MONSTER, alexscaves:vesper, 10, 2, 3
2654, none, alexscaves:forlorn_hollows, MONSTER, alexsmobs:centipede_head, 5, 1, 1
2655, none, alexscaves:forlorn_hollows, MONSTER, alexsmobs:farseer, 5, 1, 1
2656, none, alexscaves:forlorn_hollows, MONSTER, alexsmobs:murmur, 5, 1, 1
2657, none, alexscaves:forlorn_hollows, MONSTER, realmrpg_demons:chort, 1, 1, 3
2658, none, alexscaves:forlorn_hollows, MONSTER, realmrpg_demons:demon, 8, 1, 3
2659, none, alexscaves:forlorn_hollows, MONSTER, realmrpg_demons:demon_lord, 2, 1, 1
2660, none, alexscaves:forlorn_hollows, MONSTER, the_awakening_of_the_elder_souls:golden_creeper, 1, 1, 1
2661, none, alexscaves:forlorn_hollows, MONSTER, the_awakening_of_the_elder_souls:golden_witch, 1, 1, 1
2662, none, alexscaves:forlorn_hollows, MONSTER, the_awakening_of_the_elder_souls:golden_zombie, 1, 1, 1
2663, none, alexscaves:forlorn_hollows, MONSTER, realmrpg_demons:imp, 10, 1, 3
2664, none, alexscaves:forlorn_hollows, MONSTER, realmrpg_demons:imp_guard, 8, 1, 3
2665, none, alexscaves:forlorn_hollows, MONSTER, mowziesmobs:grottol, 2, 1, 1
2666, none, alexscaves:forlorn_hollows, MONSTER, irons_spellbooks:necromancer, 1, 1, 1
2667, none, alexscaves:forlorn_hollows, MONSTER, eidolon:wraith, 1, 1, 3
2668, none, alexscaves:forlorn_hollows, MONSTER, eidolon:zombie_brute, 1, 1, 3
2669, none, alexscaves:forlorn_hollows, CREATURE, valoria:goblin, 10, 1, 2
2670, none, alexscaves:forlorn_hollows, CREATURE, goblins_tyranny:wanderer_goblin, 1, 1, 1
2671, none, alexscaves:forlorn_hollows, AMBIENT, alexscaves:gloomoth, 10, 4, 4
2672, none, alexscaves:forlorn_hollows, AMBIENT, minecraft:bat, 10, 8, 8
2673, none, alexscaves:forlorn_hollows, AMBIENT, alexsmobs:fly, 5, 2, 3
2674, none, alexscaves:forlorn_hollows, AMBIENT, alexsmobs:cockroach, 5, 5, 5
2675, none, alexscaves:forlorn_hollows, AMBIENT, goblins_tyranny:coal_cave_goblin, 1, 1, 1
2676, none, alexscaves:forlorn_hollows, AMBIENT, goblins_tyranny:copper_cave_goblin, 1, 1, 1
2677, none, alexscaves:forlorn_hollows, AMBIENT, goblins_tyranny:gold_cave_goblin, 1, 1, 1
2678, none, alexscaves:forlorn_hollows, AMBIENT, goblins_tyranny:iron_cave_goblin, 1, 1, 1
2679, none, alexscaves:forlorn_hollows, WATER_AMBIENT, alexsmobs:devils_hole_pupfish, 5, 5, 12
2680, jungle, biomeswevegone:fragment_jungle, MONSTER, minecraft:spider, 10, 4, 4
2681, jungle, biomeswevegone:fragment_jungle, MONSTER, minecraft:zombie, 10, 4, 4
2682, jungle, biomeswevegone:fragment_jungle, MONSTER, minecraft:zombie_villager, 5, 1, 1
2683, jungle, biomeswevegone:fragment_jungle, MONSTER, minecraft:skeleton, 10, 4, 4
2684, jungle, biomeswevegone:fragment_jungle, MONSTER, minecraft:creeper, 10, 4, 4
2685, jungle, biomeswevegone:fragment_jungle, MONSTER, minecraft:slime, 10, 4, 4
2686, jungle, biomeswevegone:fragment_jungle, MONSTER, minecraft:enderman, 10, 1, 4
2687, jungle, biomeswevegone:fragment_jungle, MONSTER, minecraft:witch, 5, 1, 1
2688, jungle, biomeswevegone:fragment_jungle, MONSTER, alexsmobs:centipede_head, 5, 1, 1
2689, jungle, biomeswevegone:fragment_jungle, MONSTER, alexsmobs:farseer, 5, 1, 1
2690, jungle, biomeswevegone:fragment_jungle, MONSTER, alexsmobs:murmur, 5, 1, 1
2691, jungle, biomeswevegone:fragment_jungle, MONSTER, realmrpg_demons:chort, 1, 1, 3
2692, jungle, biomeswevegone:fragment_jungle, MONSTER, realmrpg_demons:demon, 8, 1, 3
2693, jungle, biomeswevegone:fragment_jungle, MONSTER, realmrpg_demons:demon_lord, 2, 1, 1
2694, jungle, biomeswevegone:fragment_jungle, MONSTER, the_awakening_of_the_elder_souls:golden_creeper, 1, 1, 1
2695, jungle, biomeswevegone:fragment_jungle, MONSTER, the_awakening_of_the_elder_souls:golden_witch, 1, 1, 1
2696, jungle, biomeswevegone:fragment_jungle, MONSTER, the_awakening_of_the_elder_souls:golden_zombie, 1, 1, 1
2697, jungle, biomeswevegone:fragment_jungle, MONSTER, realmrpg_demons:imp, 10, 1, 3
2698, jungle, biomeswevegone:fragment_jungle, MONSTER, realmrpg_demons:imp_guard, 8, 1, 3
2699, jungle, biomeswevegone:fragment_jungle, MONSTER, mowziesmobs:foliaath, 10, 1, 4
2700, jungle, biomeswevegone:fragment_jungle, MONSTER, mowziesmobs:grottol, 2, 1, 1
2701, jungle, biomeswevegone:fragment_jungle, MONSTER, irons_spellbooks:necromancer, 1, 1, 1
2702, jungle, biomeswevegone:fragment_jungle, MONSTER, eidolon:wraith, 1, 1, 3
2703, jungle, biomeswevegone:fragment_jungle, MONSTER, eidolon:zombie_brute, 1, 1, 3
2704, jungle, biomeswevegone:fragment_jungle, CREATURE, minecraft:sheep, 10, 4, 4
2705, jungle, biomeswevegone:fragment_jungle, CREATURE, minecraft:pig, 10, 4, 4
2706, jungle, biomeswevegone:fragment_jungle, CREATURE, minecraft:chicken, 10, 4, 4
2707, jungle, biomeswevegone:fragment_jungle, CREATURE, minecraft:cow, 8, 4, 4
2708, jungle, biomeswevegone:fragment_jungle, CREATURE, minecraft:parrot, 10, 1, 2
2709, jungle, biomeswevegone:fragment_jungle, CREATURE, minecraft:chicken, 10, 4, 4
2710, jungle, biomeswevegone:fragment_jungle, CREATURE, minecraft:ocelot, 2, 1, 1
2711, jungle, biomeswevegone:fragment_jungle, CREATURE, valoria:goblin, 10, 1, 2
2712, jungle, biomeswevegone:fragment_jungle, CREATURE, alexsmobs:hummingbird, 5, 7, 7
2713, jungle, biomeswevegone:fragment_jungle, CREATURE, alexsmobs:gorilla, 5, 7, 7
2714, jungle, biomeswevegone:fragment_jungle, CREATURE, alexsmobs:capuchin_monkey, 5, 9, 16
2715, jungle, biomeswevegone:fragment_jungle, CREATURE, alexsmobs:toucan, 5, 5, 5
2716, jungle, biomeswevegone:fragment_jungle, CREATURE, alexsmobs:anteater, 5, 1, 3
2717, jungle, biomeswevegone:fragment_jungle, CREATURE, iceandfire:amphithere, 10, 1, 3
2718, jungle, biomeswevegone:fragment_jungle, CREATURE, eidolon:slimy_slug, 1, 2, 3
2719, jungle, biomeswevegone:fragment_jungle, CREATURE, goblins_tyranny:wanderer_goblin, 1, 1, 1
2720, jungle, biomeswevegone:fragment_jungle, AMBIENT, minecraft:bat, 10, 8, 8
2721, jungle, biomeswevegone:fragment_jungle, AMBIENT, alexsmobs:fly, 5, 2, 3
2722, jungle, biomeswevegone:fragment_jungle, AMBIENT, alexsmobs:cockroach, 5, 5, 5
2723, jungle, biomeswevegone:fragment_jungle, AMBIENT, goblins_tyranny:coal_cave_goblin, 1, 1, 1
2724, jungle, biomeswevegone:fragment_jungle, AMBIENT, goblins_tyranny:copper_cave_goblin, 1, 1, 1
2725, jungle, biomeswevegone:fragment_jungle, AMBIENT, goblins_tyranny:gold_cave_goblin, 1, 1, 1
2726, jungle, biomeswevegone:fragment_jungle, AMBIENT, goblins_tyranny:iron_cave_goblin, 1, 1, 1
2727, jungle, biomeswevegone:fragment_jungle, WATER_AMBIENT, alexsmobs:devils_hole_pupfish, 5, 5, 12
2728, forest, biomeswevegone:frosted_coniferous_forest, MONSTER, minecraft:spider, 10, 4, 4
2729, forest, biomeswevegone:frosted_coniferous_forest, MONSTER, minecraft:husk, 10, 4, 4
2730, forest, biomeswevegone:frosted_coniferous_forest, MONSTER, minecraft:skeleton, 10, 4, 4
2731, forest, biomeswevegone:frosted_coniferous_forest, MONSTER, minecraft:zombie_villager, 10, 1, 1
2732, forest, biomeswevegone:frosted_coniferous_forest, MONSTER, minecraft:creeper, 10, 4, 4
2733, forest, biomeswevegone:frosted_coniferous_forest, MONSTER, minecraft:slime, 10, 4, 4
2734, forest, biomeswevegone:frosted_coniferous_forest, MONSTER, minecraft:enderman, 10, 1, 4
2735, forest, biomeswevegone:frosted_coniferous_forest, MONSTER, minecraft:witch, 5, 1, 1
2736, forest, biomeswevegone:frosted_coniferous_forest, MONSTER, alexsmobs:centipede_head, 5, 1, 1
2737, forest, biomeswevegone:frosted_coniferous_forest, MONSTER, alexsmobs:farseer, 5, 1, 1
2738, forest, biomeswevegone:frosted_coniferous_forest, MONSTER, alexsmobs:murmur, 5, 1, 1
2739, forest, biomeswevegone:frosted_coniferous_forest, MONSTER, realmrpg_demons:chort, 1, 1, 3
2740, forest, biomeswevegone:frosted_coniferous_forest, MONSTER, realmrpg_demons:demon, 8, 1, 3
2741, forest, biomeswevegone:frosted_coniferous_forest, MONSTER, realmrpg_demons:demon_lord, 2, 1, 1
2742, forest, biomeswevegone:frosted_coniferous_forest, MONSTER, the_awakening_of_the_elder_souls:golden_creeper, 1, 1, 1
2743, forest, biomeswevegone:frosted_coniferous_forest, MONSTER, the_awakening_of_the_elder_souls:golden_witch, 1, 1, 1
2744, forest, biomeswevegone:frosted_coniferous_forest, MONSTER, the_awakening_of_the_elder_souls:golden_zombie, 1, 1, 1
2745, forest, biomeswevegone:frosted_coniferous_forest, MONSTER, iceandfire:troll, 10, 1, 3
2746, forest, biomeswevegone:frosted_coniferous_forest, MONSTER, realmrpg_demons:imp, 10, 1, 3
2747, forest, biomeswevegone:frosted_coniferous_forest, MONSTER, realmrpg_demons:imp_guard, 8, 1, 3
2748, forest, biomeswevegone:frosted_coniferous_forest, MONSTER, mowziesmobs:grottol, 2, 1, 1
2749, forest, biomeswevegone:frosted_coniferous_forest, MONSTER, irons_spellbooks:necromancer, 1, 1, 1
2750, forest, biomeswevegone:frosted_coniferous_forest, MONSTER, eidolon:wraith, 1, 1, 3
2751, forest, biomeswevegone:frosted_coniferous_forest, MONSTER, eidolon:zombie_brute, 1, 1, 3
2752, forest, biomeswevegone:frosted_coniferous_forest, CREATURE, minecraft:sheep, 10, 4, 4
2753, forest, biomeswevegone:frosted_coniferous_forest, CREATURE, minecraft:pig, 10, 4, 4
2754, forest, biomeswevegone:frosted_coniferous_forest, CREATURE, minecraft:chicken, 10, 4, 4
2755, forest, biomeswevegone:frosted_coniferous_forest, CREATURE, minecraft:cow, 8, 4, 4
2756, forest, biomeswevegone:frosted_coniferous_forest, CREATURE, minecraft:wolf, 8, 4, 4
2757, forest, biomeswevegone:frosted_coniferous_forest, CREATURE, minecraft:rabbit, 4, 2, 3
2758, forest, biomeswevegone:frosted_coniferous_forest, CREATURE, minecraft:fox, 8, 2, 4
2759, forest, biomeswevegone:frosted_coniferous_forest, CREATURE, valoria:goblin, 10, 1, 2
2760, forest, biomeswevegone:frosted_coniferous_forest, CREATURE, alexsmobs:grizzly_bear, 5, 2, 3
2761, forest, biomeswevegone:frosted_coniferous_forest, CREATURE, alexsmobs:raccoon, 5, 2, 4
2762, forest, biomeswevegone:frosted_coniferous_forest, CREATURE, alexsmobs:crow, 5, 3, 5
2763, forest, biomeswevegone:frosted_coniferous_forest, CREATURE, alexsmobs:blue_jay, 5, 2, 4
2764, forest, biomeswevegone:frosted_coniferous_forest, CREATURE, eidolon:slimy_slug, 1, 2, 3
2765, forest, biomeswevegone:frosted_coniferous_forest, CREATURE, eidolon:raven, 1, 2, 4
2766, forest, biomeswevegone:frosted_coniferous_forest, CREATURE, eidolon:slimy_slug, 1, 2, 5
2767, forest, biomeswevegone:frosted_coniferous_forest, CREATURE, goblins_tyranny:wanderer_goblin, 1, 1, 1
2768, forest, biomeswevegone:frosted_coniferous_forest, AMBIENT, minecraft:bat, 10, 8, 8
2769, forest, biomeswevegone:frosted_coniferous_forest, AMBIENT, alexsmobs:fly, 5, 2, 3
2770, forest, biomeswevegone:frosted_coniferous_forest, AMBIENT, alexsmobs:cockroach, 5, 5, 5
2771, forest, biomeswevegone:frosted_coniferous_forest, AMBIENT, goblins_tyranny:coal_cave_goblin, 1, 1, 1
2772, forest, biomeswevegone:frosted_coniferous_forest, AMBIENT, goblins_tyranny:copper_cave_goblin, 1, 1, 1
2773, forest, biomeswevegone:frosted_coniferous_forest, AMBIENT, goblins_tyranny:gold_cave_goblin, 1, 1, 1
2774, forest, biomeswevegone:frosted_coniferous_forest, AMBIENT, goblins_tyranny:iron_cave_goblin, 1, 1, 1
2775, forest, biomeswevegone:frosted_coniferous_forest, WATER_AMBIENT, alexsmobs:devils_hole_pupfish, 5, 5, 12
2776, icy, biomeswevegone:frosted_taiga, MONSTER, minecraft:spider, 10, 4, 4
2777, icy, biomeswevegone:frosted_taiga, MONSTER, minecraft:zombie, 10, 4, 4
2778, icy, biomeswevegone:frosted_taiga, MONSTER, minecraft:zombie_villager, 5, 1, 1
2779, icy, biomeswevegone:frosted_taiga, MONSTER, minecraft:skeleton, 10, 4, 4
2780, icy, biomeswevegone:frosted_taiga, MONSTER, minecraft:creeper, 10, 4, 4
2781, icy, biomeswevegone:frosted_taiga, MONSTER, minecraft:slime, 10, 4, 4
2782, icy, biomeswevegone:frosted_taiga, MONSTER, minecraft:enderman, 10, 1, 4
2783, icy, biomeswevegone:frosted_taiga, MONSTER, minecraft:witch, 5, 1, 1
2784, icy, biomeswevegone:frosted_taiga, MONSTER, alexsmobs:centipede_head, 5, 1, 1
2785, icy, biomeswevegone:frosted_taiga, MONSTER, alexsmobs:farseer, 5, 1, 1
2786, icy, biomeswevegone:frosted_taiga, MONSTER, alexsmobs:murmur, 5, 1, 1
2787, icy, biomeswevegone:frosted_taiga, MONSTER, realmrpg_demons:chort, 1, 1, 3
2788, icy, biomeswevegone:frosted_taiga, MONSTER, realmrpg_demons:demon, 8, 1, 3
2789, icy, biomeswevegone:frosted_taiga, MONSTER, realmrpg_demons:demon_lord, 2, 1, 1
2790, icy, biomeswevegone:frosted_taiga, MONSTER, the_awakening_of_the_elder_souls:golden_creeper, 1, 1, 1
2791, icy, biomeswevegone:frosted_taiga, MONSTER, the_awakening_of_the_elder_souls:golden_witch, 1, 1, 1
2792, icy, biomeswevegone:frosted_taiga, MONSTER, the_awakening_of_the_elder_souls:golden_zombie, 1, 1, 1
2793, icy, biomeswevegone:frosted_taiga, MONSTER, realmrpg_demons:imp, 10, 1, 3
2794, icy, biomeswevegone:frosted_taiga, MONSTER, realmrpg_demons:imp_guard, 8, 1, 3
2795, icy, biomeswevegone:frosted_taiga, MONSTER, mowziesmobs:grottol, 2, 1, 1
2796, icy, biomeswevegone:frosted_taiga, MONSTER, irons_spellbooks:necromancer, 1, 1, 1
2797, icy, biomeswevegone:frosted_taiga, MONSTER, eidolon:wraith, 1, 1, 3
2798, icy, biomeswevegone:frosted_taiga, MONSTER, eidolon:zombie_brute, 1, 1, 3
2799, icy, biomeswevegone:frosted_taiga, CREATURE, minecraft:sheep, 10, 4, 4
2800, icy, biomeswevegone:frosted_taiga, CREATURE, minecraft:pig, 10, 4, 4
2801, icy, biomeswevegone:frosted_taiga, CREATURE, minecraft:chicken, 10, 4, 4
2802, icy, biomeswevegone:frosted_taiga, CREATURE, minecraft:cow, 8, 4, 4
2803, icy, biomeswevegone:frosted_taiga, CREATURE, minecraft:wolf, 8, 4, 4
2804, icy, biomeswevegone:frosted_taiga, CREATURE, minecraft:rabbit, 4, 2, 3
2805, icy, biomeswevegone:frosted_taiga, CREATURE, minecraft:fox, 8, 2, 4
2806, icy, biomeswevegone:frosted_taiga, CREATURE, valoria:goblin, 10, 1, 2
2807, icy, biomeswevegone:frosted_taiga, CREATURE, alexsmobs:grizzly_bear, 5, 2, 3
2808, icy, biomeswevegone:frosted_taiga, CREATURE, alexsmobs:raccoon, 5, 2, 4
2809, icy, biomeswevegone:frosted_taiga, CREATURE, alexsmobs:crow, 5, 3, 5
2810, icy, biomeswevegone:frosted_taiga, CREATURE, alexsmobs:blue_jay, 5, 2, 4
2811, icy, biomeswevegone:frosted_taiga, CREATURE, eidolon:slimy_slug, 1, 2, 3
2812, icy, biomeswevegone:frosted_taiga, CREATURE, goblins_tyranny:wanderer_goblin, 1, 1, 1
2813, icy, biomeswevegone:frosted_taiga, AMBIENT, minecraft:bat, 10, 8, 8
2814, icy, biomeswevegone:frosted_taiga, AMBIENT, alexsmobs:fly, 5, 2, 3
2815, icy, biomeswevegone:frosted_taiga, AMBIENT, alexsmobs:cockroach, 5, 5, 5
2816, icy, biomeswevegone:frosted_taiga, AMBIENT, goblins_tyranny:coal_cave_goblin, 1, 1, 1
2817, icy, biomeswevegone:frosted_taiga, AMBIENT, goblins_tyranny:copper_cave_goblin, 1, 1, 1
2818, icy, biomeswevegone:frosted_taiga, AMBIENT, goblins_tyranny:gold_cave_goblin, 1, 1, 1
2819, icy, biomeswevegone:frosted_taiga, AMBIENT, goblins_tyranny:iron_cave_goblin, 1, 1, 1
2820, icy, biomeswevegone:frosted_taiga, WATER_AMBIENT, alexsmobs:devils_hole_pupfish, 5, 5, 12
2821, none, ancient_aether:frozen_caverns, MONSTER, alexsmobs:farseer, 5, 1, 1
2822, none, ancient_aether:frozen_caverns, MONSTER, realmrpg_demons:chort, 1, 1, 3
2823, none, ancient_aether:frozen_caverns, MONSTER, realmrpg_demons:demon, 8, 1, 3
2824, none, ancient_aether:frozen_caverns, MONSTER, realmrpg_demons:demon_lord, 2, 1, 1
2825, none, ancient_aether:frozen_caverns, MONSTER, the_awakening_of_the_elder_souls:golden_creeper, 1, 1, 1
2826, none, ancient_aether:frozen_caverns, MONSTER, the_awakening_of_the_elder_souls:golden_witch, 1, 1, 1
2827, none, ancient_aether:frozen_caverns, MONSTER, the_awakening_of_the_elder_souls:golden_zombie, 1, 1, 1
2828, none, ancient_aether:frozen_caverns, MONSTER, realmrpg_demons:imp, 10, 1, 3
2829, none, ancient_aether:frozen_caverns, MONSTER, realmrpg_demons:imp_guard, 8, 1, 3
2830, none, ancient_aether:frozen_caverns, MONSTER, mowziesmobs:grottol, 2, 1, 1
2831, none, ancient_aether:frozen_caverns, CREATURE, goblins_tyranny:wanderer_goblin, 1, 1, 1
2832, none, ancient_aether:frozen_caverns, AMBIENT, goblins_tyranny:coal_cave_goblin, 1, 1, 1
2833, none, ancient_aether:frozen_caverns, AMBIENT, goblins_tyranny:copper_cave_goblin, 1, 1, 1
2834, none, ancient_aether:frozen_caverns, AMBIENT, goblins_tyranny:gold_cave_goblin, 1, 1, 1
2835, none, ancient_aether:frozen_caverns, AMBIENT, goblins_tyranny:iron_cave_goblin, 1, 1, 1
2836, none, ancient_aether:frozen_caverns, AETHER_DARKNESS_MONSTER, aether:cockatrice, 10, 1, 3
2837, none, ancient_aether:frozen_caverns, AETHER_SKY_MONSTER, aether:zephyr, 10, 1, 1
2838, none, ancient_aether:frozen_caverns, AETHER_AERWHALE, aether:aerwhale, 10, 1, 1
2839, ocean, minecraft:frozen_ocean, MONSTER, minecraft:spider, 10, 4, 4
2840, ocean, minecraft:frozen_ocean, MONSTER, minecraft:zombie, 10, 4, 4
2841, ocean, minecraft:frozen_ocean, MONSTER, minecraft:zombie_villager, 5, 1, 1
2842, ocean, minecraft:frozen_ocean, MONSTER, minecraft:skeleton, 10, 4, 4
2843, ocean, minecraft:frozen_ocean, MONSTER, minecraft:creeper, 10, 4, 4
2844, ocean, minecraft:frozen_ocean, MONSTER, minecraft:slime, 10, 4, 4
2845, ocean, minecraft:frozen_ocean, MONSTER, minecraft:enderman, 10, 1, 4
2846, ocean, minecraft:frozen_ocean, MONSTER, minecraft:witch, 5, 1, 1
2847, ocean, minecraft:frozen_ocean, MONSTER, minecraft:drowned, 5, 1, 1
2848, ocean, minecraft:frozen_ocean, MONSTER, alexsmobs:farseer, 5, 1, 1
2849, ocean, minecraft:frozen_ocean, MONSTER, realmrpg_demons:chort, 1, 1, 3
2850, ocean, minecraft:frozen_ocean, MONSTER, realmrpg_demons:demon, 8, 1, 3
2851, ocean, minecraft:frozen_ocean, MONSTER, realmrpg_demons:demon_lord, 2, 1, 1
2852, ocean, minecraft:frozen_ocean, MONSTER, mythicmobs:chupacabra, 5, 1, 1
2853, ocean, minecraft:frozen_ocean, MONSTER, the_awakening_of_the_elder_souls:golden_creeper, 1, 1, 1
2854, ocean, minecraft:frozen_ocean, MONSTER, the_awakening_of_the_elder_souls:golden_witch, 1, 1, 1
2855, ocean, minecraft:frozen_ocean, MONSTER, the_awakening_of_the_elder_souls:golden_zombie, 1, 1, 1
2856, ocean, minecraft:frozen_ocean, MONSTER, iceandfire:troll, 10, 1, 3
2857, ocean, minecraft:frozen_ocean, MONSTER, realmrpg_demons:imp, 10, 1, 3
2858, ocean, minecraft:frozen_ocean, MONSTER, realmrpg_demons:imp_guard, 8, 1, 3
2859, ocean, minecraft:frozen_ocean, MONSTER, mowziesmobs:grottol, 2, 1, 1
2860, ocean, minecraft:frozen_ocean, MONSTER, irons_spellbooks:necromancer, 1, 1, 1
2861, ocean, minecraft:frozen_ocean, MONSTER, eidolon:wraith, 1, 1, 3
2862, ocean, minecraft:frozen_ocean, MONSTER, eidolon:zombie_brute, 1, 1, 3
2863, ocean, minecraft:frozen_ocean, CREATURE, minecraft:polar_bear, 1, 1, 2
2864, ocean, minecraft:frozen_ocean, CREATURE, valoria:goblin, 10, 1, 2
2865, ocean, minecraft:frozen_ocean, CREATURE, alexsmobs:seal, 5, 3, 8
2866, ocean, minecraft:frozen_ocean, CREATURE, alexsmobs:snow_leopard, 5, 1, 2
2867, ocean, minecraft:frozen_ocean, CREATURE, mythicmobs:drake, 5, 1, 4
2868, ocean, minecraft:frozen_ocean, CREATURE, mythicmobs:kobold, 5, 3, 6
2869, ocean, minecraft:frozen_ocean, CREATURE, mythicmobs:kobold_warrior, 5, 1, 3
2870, ocean, minecraft:frozen_ocean, CREATURE, mythicmobs:mushroom_thing, 5, 3, 5
2871, ocean, minecraft:frozen_ocean, CREATURE, eidolon:slimy_slug, 1, 2, 3
2872, ocean, minecraft:frozen_ocean, CREATURE, goblins_tyranny:wanderer_goblin, 1, 1, 1
2873, ocean, minecraft:frozen_ocean, AMBIENT, minecraft:bat, 10, 8, 8
2874, ocean, minecraft:frozen_ocean, AMBIENT, alexsmobs:fly, 5, 2, 3
2875, ocean, minecraft:frozen_ocean, AMBIENT, goblins_tyranny:coal_cave_goblin, 1, 1, 1
2876, ocean, minecraft:frozen_ocean, AMBIENT, goblins_tyranny:copper_cave_goblin, 1, 1, 1
2877, ocean, minecraft:frozen_ocean, AMBIENT, goblins_tyranny:gold_cave_goblin, 1, 1, 1
2878, ocean, minecraft:frozen_ocean, AMBIENT, goblins_tyranny:iron_cave_goblin, 1, 1, 1
2879, ocean, minecraft:frozen_ocean, UNDERGROUND_WATER_CREATURE, minecraft:glow_squid, 10, 4, 6
2880, ocean, minecraft:frozen_ocean, WATER_CREATURE, minecraft:squid, 1, 1, 4
2881, ocean, minecraft:frozen_ocean, WATER_CREATURE, alexsmobs:orca, 5, 3, 4
2882, ocean, minecraft:frozen_ocean, WATER_CREATURE, alexsmobs:cachalot_whale, 5, 1, 2
2883, ocean, minecraft:frozen_ocean, WATER_AMBIENT, minecraft:salmon, 10, 1, 5
2884, ocean, minecraft:frozen_ocean, WATER_AMBIENT, alexsmobs:comb_jelly, 5, 2, 3
2885, ocean, minecraft:frozen_ocean, WATER_AMBIENT, alexsmobs:devils_hole_pupfish, 5, 5, 12
2886, extreme_hills, minecraft:frozen_peaks, MONSTER, minecraft:spider, 10, 4, 4
2887, extreme_hills, minecraft:frozen_peaks, MONSTER, minecraft:zombie, 10, 4, 4
2888, extreme_hills, minecraft:frozen_peaks, MONSTER, minecraft:zombie_villager, 5, 1, 1
2889, extreme_hills, minecraft:frozen_peaks, MONSTER, minecraft:skeleton, 10, 4, 4
2890, extreme_hills, minecraft:frozen_peaks, MONSTER, minecraft:creeper, 10, 4, 4
2891, extreme_hills, minecraft:frozen_peaks, MONSTER, minecraft:slime, 10, 4, 4
2892, extreme_hills, minecraft:frozen_peaks, MONSTER, minecraft:enderman, 10, 1, 4
2893, extreme_hills, minecraft:frozen_peaks, MONSTER, minecraft:witch, 5, 1, 1
2894, extreme_hills, minecraft:frozen_peaks, MONSTER, alexsmobs:centipede_head, 5, 1, 1
2895, extreme_hills, minecraft:frozen_peaks, MONSTER, alexsmobs:farseer, 5, 1, 1
2896, extreme_hills, minecraft:frozen_peaks, MONSTER, alexsmobs:murmur, 5, 1, 1
2897, extreme_hills, minecraft:frozen_peaks, MONSTER, realmrpg_demons:chort, 1, 1, 3
2898, extreme_hills, minecraft:frozen_peaks, MONSTER, realmrpg_demons:demon, 8, 1, 3
2899, extreme_hills, minecraft:frozen_peaks, MONSTER, realmrpg_demons:demon_lord, 2, 1, 1
2900, extreme_hills, minecraft:frozen_peaks, MONSTER, mythicmobs:chupacabra, 5, 1, 1
2901, extreme_hills, minecraft:frozen_peaks, MONSTER, the_awakening_of_the_elder_souls:golden_creeper, 1, 1, 1
2902, extreme_hills, minecraft:frozen_peaks, MONSTER, the_awakening_of_the_elder_souls:golden_witch, 1, 1, 1
2903, extreme_hills, minecraft:frozen_peaks, MONSTER, the_awakening_of_the_elder_souls:golden_zombie, 1, 1, 1
2904, extreme_hills, minecraft:frozen_peaks, MONSTER, iceandfire:dread_lich, 5, 1, 1
2905, extreme_hills, minecraft:frozen_peaks, MONSTER, iceandfire:troll, 10, 1, 3
2906, extreme_hills, minecraft:frozen_peaks, MONSTER, realmrpg_demons:imp, 10, 1, 3
2907, extreme_hills, minecraft:frozen_peaks, MONSTER, realmrpg_demons:imp_guard, 8, 1, 3
2908, extreme_hills, minecraft:frozen_peaks, MONSTER, mowziesmobs:grottol, 2, 1, 1
2909, extreme_hills, minecraft:frozen_peaks, MONSTER, irons_spellbooks:necromancer, 1, 1, 1
2910, extreme_hills, minecraft:frozen_peaks, MONSTER, eidolon:wraith, 1, 1, 3
2911, extreme_hills, minecraft:frozen_peaks, MONSTER, eidolon:zombie_brute, 1, 1, 3
2912, extreme_hills, minecraft:frozen_peaks, CREATURE, minecraft:goat, 5, 1, 3
2913, extreme_hills, minecraft:frozen_peaks, CREATURE, valoria:goblin, 10, 1, 2
2914, extreme_hills, minecraft:frozen_peaks, CREATURE, alexsmobs:sunbird, 5, 1, 1
2915, extreme_hills, minecraft:frozen_peaks, CREATURE, alexsmobs:snow_leopard, 5, 1, 2
2916, extreme_hills, minecraft:frozen_peaks, CREATURE, alexsmobs:froststalker, 5, 5, 7
2917, extreme_hills, minecraft:frozen_peaks, CREATURE, mythicmobs:drake, 5, 1, 4
2918, extreme_hills, minecraft:frozen_peaks, CREATURE, mythicmobs:kobold, 5, 3, 6
2919, extreme_hills, minecraft:frozen_peaks, CREATURE, mythicmobs:kobold_warrior, 5, 1, 3
2920, extreme_hills, minecraft:frozen_peaks, CREATURE, mythicmobs:mushroom_thing, 5, 3, 5
2921, extreme_hills, minecraft:frozen_peaks, CREATURE, iceandfire:hippogryph, 1, 1, 1
2922, extreme_hills, minecraft:frozen_peaks, CREATURE, eidolon:slimy_slug, 1, 2, 3
2923, extreme_hills, minecraft:frozen_peaks, CREATURE, goblins_tyranny:wanderer_goblin, 1, 1, 1
2924, extreme_hills, minecraft:frozen_peaks, AMBIENT, minecraft:bat, 10, 8, 8
2925, extreme_hills, minecraft:frozen_peaks, AMBIENT, alexsmobs:fly, 5, 2, 3
2926, extreme_hills, minecraft:frozen_peaks, AMBIENT, alexsmobs:cockroach, 5, 5, 5
2927, extreme_hills, minecraft:frozen_peaks, AMBIENT, goblins_tyranny:coal_cave_goblin, 1, 1, 1
2928, extreme_hills, minecraft:frozen_peaks, AMBIENT, goblins_tyranny:copper_cave_goblin, 1, 1, 1
2929, extreme_hills, minecraft:frozen_peaks, AMBIENT, goblins_tyranny:gold_cave_goblin, 1, 1, 1
2930, extreme_hills, minecraft:frozen_peaks, AMBIENT, goblins_tyranny:iron_cave_goblin, 1, 1, 1
2931, extreme_hills, minecraft:frozen_peaks, UNDERGROUND_WATER_CREATURE, minecraft:glow_squid, 10, 4, 6
2932, extreme_hills, minecraft:frozen_peaks, WATER_AMBIENT, alexsmobs:devils_hole_pupfish, 5, 5, 12
2933, river, minecraft:frozen_river, MONSTER, minecraft:spider, 10, 4, 4
2934, river, minecraft:frozen_river, MONSTER, minecraft:zombie, 10, 4, 4
2935, river, minecraft:frozen_river, MONSTER, minecraft:zombie_villager, 5, 1, 1
2936, river, minecraft:frozen_river, MONSTER, minecraft:skeleton, 10, 4, 4
2937, river, minecraft:frozen_river, MONSTER, minecraft:creeper, 10, 4, 4
2938, river, minecraft:frozen_river, MONSTER, minecraft:slime, 10, 4, 4
2939, river, minecraft:frozen_river, MONSTER, minecraft:enderman, 10, 1, 4
2940, river, minecraft:frozen_river, MONSTER, minecraft:witch, 5, 1, 1
2941, river, minecraft:frozen_river, MONSTER, minecraft:drowned, 1, 1, 1
2942, river, minecraft:frozen_river, MONSTER, alexsmobs:centipede_head, 5, 1, 1
2943, river, minecraft:frozen_river, MONSTER, alexsmobs:farseer, 5, 1, 1
2944, river, minecraft:frozen_river, MONSTER, alexsmobs:murmur, 5, 1, 1
2945, river, minecraft:frozen_river, MONSTER, realmrpg_demons:chort, 1, 1, 3
2946, river, minecraft:frozen_river, MONSTER, realmrpg_demons:demon, 8, 1, 3
2947, river, minecraft:frozen_river, MONSTER, realmrpg_demons:demon_lord, 2, 1, 1
2948, river, minecraft:frozen_river, MONSTER, mythicmobs:chupacabra, 5, 1, 1
2949, river, minecraft:frozen_river, MONSTER, the_awakening_of_the_elder_souls:golden_creeper, 1, 1, 1
2950, river, minecraft:frozen_river, MONSTER, the_awakening_of_the_elder_souls:golden_witch, 1, 1, 1
2951, river, minecraft:frozen_river, MONSTER, the_awakening_of_the_elder_souls:golden_zombie, 1, 1, 1
2952, river, minecraft:frozen_river, MONSTER, iceandfire:troll, 10, 1, 3
2953, river, minecraft:frozen_river, MONSTER, realmrpg_demons:imp, 10, 1, 3
2954, river, minecraft:frozen_river, MONSTER, realmrpg_demons:imp_guard, 8, 1, 3
2955, river, minecraft:frozen_river, MONSTER, mowziesmobs:grottol, 2, 1, 1
2956, river, minecraft:frozen_river, MONSTER, irons_spellbooks:necromancer, 1, 1, 1
2957, river, minecraft:frozen_river, MONSTER, eidolon:wraith, 1, 1, 3
2958, river, minecraft:frozen_river, MONSTER, eidolon:zombie_brute, 1, 1, 3
2959, river, minecraft:frozen_river, CREATURE, valoria:goblin, 10, 1, 2
2960, river, minecraft:frozen_river, CREATURE, alexsmobs:snow_leopard, 5, 1, 2
2961, river, minecraft:frozen_river, CREATURE, mythicmobs:drake, 5, 1, 4
2962, river, minecraft:frozen_river, CREATURE, mythicmobs:kobold, 5, 3, 6
2963, river, minecraft:frozen_river, CREATURE, mythicmobs:kobold_warrior, 5, 1, 3
2964, river, minecraft:frozen_river, CREATURE, mythicmobs:mushroom_thing, 5, 3, 5
2965, river, minecraft:frozen_river, CREATURE, eidolon:slimy_slug, 1, 2, 3
2966, river, minecraft:frozen_river, CREATURE, goblins_tyranny:wanderer_goblin, 1, 1, 1
2967, river, minecraft:frozen_river, AMBIENT, minecraft:bat, 10, 8, 8
2968, river, minecraft:frozen_river, AMBIENT, alexsmobs:fly, 5, 2, 3
2969, river, minecraft:frozen_river, AMBIENT, alexsmobs:cockroach, 5, 5, 5
2970, river, minecraft:frozen_river, AMBIENT, goblins_tyranny:coal_cave_goblin, 1, 1, 1
2971, river, minecraft:frozen_river, AMBIENT, goblins_tyranny:copper_cave_goblin, 1, 1, 1
2972, river, minecraft:frozen_river, AMBIENT, goblins_tyranny:gold_cave_goblin, 1, 1, 1
2973, river, minecraft:frozen_river, AMBIENT, goblins_tyranny:iron_cave_goblin, 1, 1, 1
2974, river, minecraft:frozen_river, UNDERGROUND_WATER_CREATURE, minecraft:glow_squid, 10, 4, 6
2975, river, minecraft:frozen_river, WATER_CREATURE, minecraft:squid, 2, 1, 4
2976, river, minecraft:frozen_river, WATER_AMBIENT, minecraft:salmon, 5, 1, 5
2977, river, minecraft:frozen_river, WATER_AMBIENT, alexsmobs:devils_hole_pupfish, 5, 5, 12
2978, none, quark:glimmering_weald, MONSTER, minecraft:spider, 10, 4, 4
2979, none, quark:glimmering_weald, MONSTER, minecraft:zombie, 10, 4, 4
2980, none, quark:glimmering_weald, MONSTER, minecraft:zombie_villager, 5, 1, 1
2981, none, quark:glimmering_weald, MONSTER, minecraft:skeleton, 10, 4, 4
2982, none, quark:glimmering_weald, MONSTER, minecraft:creeper, 10, 4, 4
2983, none, quark:glimmering_weald, MONSTER, minecraft:slime, 10, 4, 4
2984, none, quark:glimmering_weald, MONSTER, minecraft:enderman, 10, 1, 4
2985, none, quark:glimmering_weald, MONSTER, minecraft:witch, 5, 1, 1
2986, none, quark:glimmering_weald, MONSTER, alexsmobs:farseer, 5, 1, 1
2987, none, quark:glimmering_weald, MONSTER, realmrpg_demons:chort, 1, 1, 3
2988, none, quark:glimmering_weald, MONSTER, realmrpg_demons:demon, 8, 1, 3
2989, none, quark:glimmering_weald, MONSTER, realmrpg_demons:demon_lord, 2, 1, 1
2990, none, quark:glimmering_weald, MONSTER, the_awakening_of_the_elder_souls:golden_creeper, 1, 1, 1
2991, none, quark:glimmering_weald, MONSTER, the_awakening_of_the_elder_souls:golden_witch, 1, 1, 1
2992, none, quark:glimmering_weald, MONSTER, the_awakening_of_the_elder_souls:golden_zombie, 1, 1, 1
2993, none, quark:glimmering_weald, MONSTER, realmrpg_demons:imp, 10, 1, 3
2994, none, quark:glimmering_weald, MONSTER, realmrpg_demons:imp_guard, 8, 1, 3
2995, none, quark:glimmering_weald, MONSTER, irons_spellbooks:necromancer, 1, 1, 1
2996, none, quark:glimmering_weald, CREATURE, quark:stoneling, 10, 1, 4
2997, none, quark:glimmering_weald, CREATURE, valoria:goblin, 10, 1, 2
2998, none, quark:glimmering_weald, CREATURE, alexsmobs:mungus, 5, 3, 5
2999, none, quark:glimmering_weald, CREATURE, alexsmobs:bunfungus, 5, 1, 1
3000, none, quark:glimmering_weald, CREATURE, goblins_tyranny:wanderer_goblin, 1, 1, 1
3001, none, quark:glimmering_weald, AMBIENT, minecraft:bat, 10, 8, 8
3002, none, quark:glimmering_weald, AMBIENT, alexsmobs:fly, 5, 2, 3
3003, none, quark:glimmering_weald, AMBIENT, goblins_tyranny:coal_cave_goblin, 1, 1, 1
3004, none, quark:glimmering_weald, AMBIENT, goblins_tyranny:copper_cave_goblin, 1, 1, 1
3005, none, quark:glimmering_weald, AMBIENT, goblins_tyranny:gold_cave_goblin, 1, 1, 1
3006, none, quark:glimmering_weald, AMBIENT, goblins_tyranny:iron_cave_goblin, 1, 1, 1
3007, none, quark:glimmering_weald, UNDERGROUND_WATER_CREATURE, minecraft:glow_squid, 10, 4, 6
3008, none, quark:glimmering_weald, UNDERGROUND_WATER_CREATURE, minecraft:glow_squid, 10, 4, 6
3009, none, quark:glimmering_weald, WATER_AMBIENT, alexsmobs:devils_hole_pupfish, 5, 5, 12
3010, the_end, betterend:glowing_grasslands, MONSTER, minecraft:enderman, 10, 1, 2
3011, the_end, betterend:glowing_grasslands, MONSTER, alexsmobs:farseer, 5, 1, 1
3012, the_end, betterend:glowing_grasslands, MONSTER, realmrpg_demons:chort, 1, 1, 3
3013, the_end, betterend:glowing_grasslands, MONSTER, realmrpg_demons:demon, 8, 1, 3
3014, the_end, betterend:glowing_grasslands, MONSTER, realmrpg_demons:demon_lord, 2, 1, 1
3015, the_end, betterend:glowing_grasslands, MONSTER, the_awakening_of_the_elder_souls:golden_creeper, 1, 1, 1
3016, the_end, betterend:glowing_grasslands, MONSTER, the_awakening_of_the_elder_souls:golden_witch, 1, 1, 1
3017, the_end, betterend:glowing_grasslands, MONSTER, the_awakening_of_the_elder_souls:golden_zombie, 1, 1, 1
3018, the_end, betterend:glowing_grasslands, MONSTER, realmrpg_demons:imp, 10, 1, 3
3019, the_end, betterend:glowing_grasslands, MONSTER, realmrpg_demons:imp_guard, 8, 1, 3
3020, the_end, betterend:glowing_grasslands, MONSTER, mowziesmobs:grottol, 2, 1, 1
3021, the_end, betterend:glowing_grasslands, CREATURE, alexsmobs:endergrade, 5, 2, 6
3022, the_end, betterend:glowing_grasslands, CREATURE, alexsmobs:spectre, 5, 1, 2
3023, the_end, betterend:glowing_grasslands, CREATURE, alexsmobs:enderiophage, 5, 2, 2
3024, the_end, betterend:glowing_grasslands, CREATURE, alexsmobs:cosmaw, 5, 1, 2
3025, the_end, betterend:glowing_grasslands, CREATURE, goblins_tyranny:wanderer_goblin, 1, 1, 1
3026, the_end, betterend:glowing_grasslands, AMBIENT, alexsmobs:cosmic_cod, 5, 9, 13
3027, the_end, betterend:glowing_grasslands, AMBIENT, goblins_tyranny:coal_cave_goblin, 1, 1, 1
3028, the_end, betterend:glowing_grasslands, AMBIENT, goblins_tyranny:copper_cave_goblin, 1, 1, 1
3029, the_end, betterend:glowing_grasslands, AMBIENT, goblins_tyranny:gold_cave_goblin, 1, 1, 1
3030, the_end, betterend:glowing_grasslands, AMBIENT, goblins_tyranny:iron_cave_goblin, 1, 1, 1
3031, nether, betternether:gravel_desert, MONSTER, minecraft:ghast, 10, 4, 4
3032, nether, betternether:gravel_desert, MONSTER, minecraft:zombified_piglin, 10, 4, 4
3033, nether, betternether:gravel_desert, MONSTER, minecraft:magma_cube, 2, 4, 4
3034, nether, betternether:gravel_desert, MONSTER, betternether:skull, 2, 2, 4
3035, nether, betternether:gravel_desert, MONSTER, minecraft:enderman, 1, 4, 4
3036, nether, betternether:gravel_desert, MONSTER, minecraft:piglin, 10, 4, 4
3037, nether, betternether:gravel_desert, MONSTER, minecraft:hoglin, 0, 1, 2
3038, nether, betternether:gravel_desert, MONSTER, betternether:naga, 10, 3, 5
3039, nether, betternether:gravel_desert, MONSTER, betternether:jungle_skeleton, 0, 2, 4
3040, nether, betternether:gravel_desert, MONSTER, minecraft:piglin_brute, 0, 1, 1
3041, nether, betternether:gravel_desert, MONSTER, alexsmobs:bone_serpent, 5, 1, 1
3042, nether, betternether:gravel_desert, MONSTER, alexsmobs:farseer, 5, 1, 1
3043, nether, betternether:gravel_desert, MONSTER, realmrpg_demons:chort, 1, 1, 3
3044, nether, betternether:gravel_desert, MONSTER, realmrpg_demons:demon, 8, 1, 3
3045, nether, betternether:gravel_desert, MONSTER, realmrpg_demons:demon_lord, 2, 1, 1
3046, nether, betternether:gravel_desert, MONSTER, the_awakening_of_the_elder_souls:golden_creeper, 1, 1, 1
3047, nether, betternether:gravel_desert, MONSTER, the_awakening_of_the_elder_souls:golden_witch, 1, 1, 1
3048, nether, betternether:gravel_desert, MONSTER, the_awakening_of_the_elder_souls:golden_zombie, 1, 1, 1
3049, nether, betternether:gravel_desert, MONSTER, realmrpg_demons:imp, 10, 1, 3
3050, nether, betternether:gravel_desert, MONSTER, realmrpg_demons:imp_guard, 8, 1, 3
3051, nether, betternether:gravel_desert, MONSTER, mowziesmobs:grottol, 2, 1, 1
3052, nether, betternether:gravel_desert, MONSTER, soulsweapons:evil_forlorn, 10, 1, 1
3053, nether, betternether:gravel_desert, MONSTER, soulsweapons:withered_demon, 10, 1, 1
3054, nether, betternether:gravel_desert, CREATURE, minecraft:strider, 10, 1, 2
3055, nether, betternether:gravel_desert, CREATURE, alexsmobs:laviathan, 5, 1, 1
3056, nether, betternether:gravel_desert, CREATURE, goblins_tyranny:wanderer_goblin, 1, 1, 1
3057, nether, betternether:gravel_desert, AMBIENT, betternether:firefly, 5, 1, 3
3058, nether, betternether:gravel_desert, AMBIENT, betternether:hydrogen_jellyfish, 5, 2, 6
3059, nether, betternether:gravel_desert, AMBIENT, betternether:flying_pig, 0, 2, 4
3060, nether, betternether:gravel_desert, AMBIENT, goblins_tyranny:coal_cave_goblin, 1, 1, 1
3061, nether, betternether:gravel_desert, AMBIENT, goblins_tyranny:copper_cave_goblin, 1, 1, 1
3062, nether, betternether:gravel_desert, AMBIENT, goblins_tyranny:gold_cave_goblin, 1, 1, 1
3063, nether, betternether:gravel_desert, AMBIENT, goblins_tyranny:iron_cave_goblin, 1, 1, 1
3064, forest, minecraft:grove, MONSTER, minecraft:spider, 10, 4, 4
3065, forest, minecraft:grove, MONSTER, minecraft:zombie, 10, 4, 4
3066, forest, minecraft:grove, MONSTER, minecraft:zombie_villager, 5, 1, 1
3067, forest, minecraft:grove, MONSTER, minecraft:skeleton, 10, 4, 4
3068, forest, minecraft:grove, MONSTER, minecraft:creeper, 10, 4, 4
3069, forest, minecraft:grove, MONSTER, minecraft:slime, 10, 4, 4
3070, forest, minecraft:grove, MONSTER, minecraft:enderman, 10, 1, 4
3071, forest, minecraft:grove, MONSTER, minecraft:witch, 5, 1, 1
3072, forest, minecraft:grove, MONSTER, alexsmobs:centipede_head, 5, 1, 1
3073, forest, minecraft:grove, MONSTER, alexsmobs:farseer, 5, 1, 1
3074, forest, minecraft:grove, MONSTER, alexsmobs:murmur, 5, 1, 1
3075, forest, minecraft:grove, MONSTER, realmrpg_demons:chort, 1, 1, 3
3076, forest, minecraft:grove, MONSTER, realmrpg_demons:demon, 8, 1, 3
3077, forest, minecraft:grove, MONSTER, realmrpg_demons:demon_lord, 2, 1, 1
3078, forest, minecraft:grove, MONSTER, mythicmobs:chupacabra, 5, 1, 1
3079, forest, minecraft:grove, MONSTER, the_awakening_of_the_elder_souls:golden_creeper, 1, 1, 1
3080, forest, minecraft:grove, MONSTER, the_awakening_of_the_elder_souls:golden_witch, 1, 1, 1
3081, forest, minecraft:grove, MONSTER, the_awakening_of_the_elder_souls:golden_zombie, 1, 1, 1
3082, forest, minecraft:grove, MONSTER, iceandfire:dread_lich, 5, 1, 1
3083, forest, minecraft:grove, MONSTER, iceandfire:troll, 10, 1, 3
3084, forest, minecraft:grove, MONSTER, realmrpg_demons:imp, 10, 1, 3
3085, forest, minecraft:grove, MONSTER, realmrpg_demons:imp_guard, 8, 1, 3
3086, forest, minecraft:grove, MONSTER, mowziesmobs:grottol, 2, 1, 1
3087, forest, minecraft:grove, MONSTER, irons_spellbooks:necromancer, 1, 1, 1
3088, forest, minecraft:grove, MONSTER, eidolon:wraith, 1, 1, 3
3089, forest, minecraft:grove, MONSTER, eidolon:zombie_brute, 1, 1, 3
3090, forest, minecraft:grove, CREATURE, minecraft:sheep, 10, 4, 4
3091, forest, minecraft:grove, CREATURE, minecraft:pig, 10, 4, 4
3092, forest, minecraft:grove, CREATURE, minecraft:chicken, 10, 4, 4
3093, forest, minecraft:grove, CREATURE, minecraft:cow, 8, 4, 4
3094, forest, minecraft:grove, CREATURE, minecraft:wolf, 8, 4, 4
3095, forest, minecraft:grove, CREATURE, minecraft:rabbit, 4, 2, 3
3096, forest, minecraft:grove, CREATURE, minecraft:fox, 8, 2, 4
3097, forest, minecraft:grove, CREATURE, valoria:goblin, 10, 1, 2
3098, forest, minecraft:grove, CREATURE, alexsmobs:grizzly_bear, 5, 2, 3
3099, forest, minecraft:grove, CREATURE, alexsmobs:raccoon, 5, 2, 4
3100, forest, minecraft:grove, CREATURE, alexsmobs:snow_leopard, 5, 1, 2
3101, forest, minecraft:grove, CREATURE, alexsmobs:crow, 5, 3, 5
3102, forest, minecraft:grove, CREATURE, alexsmobs:bald_eagle, 5, 2, 4
3103, forest, minecraft:grove, CREATURE, alexsmobs:blue_jay, 5, 2, 4
3104, forest, minecraft:grove, CREATURE, mythicmobs:drake, 5, 1, 4
3105, forest, minecraft:grove, CREATURE, mythicmobs:kobold, 5, 3, 6
3106, forest, minecraft:grove, CREATURE, mythicmobs:kobold_warrior, 5, 1, 3
3107, forest, minecraft:grove, CREATURE, mythicmobs:mushroom_thing, 5, 3, 5
3108, forest, minecraft:grove, CREATURE, iceandfire:hippogryph, 1, 1, 1
3109, forest, minecraft:grove, CREATURE, eidolon:slimy_slug, 1, 2, 3
3110, forest, minecraft:grove, CREATURE, eidolon:raven, 1, 2, 4
3111, forest, minecraft:grove, CREATURE, eidolon:slimy_slug, 1, 2, 5
3112, forest, minecraft:grove, CREATURE, goblins_tyranny:wanderer_goblin, 1, 1, 1
3113, forest, minecraft:grove, AMBIENT, minecraft:bat, 10, 8, 8
3114, forest, minecraft:grove, AMBIENT, alexsmobs:fly, 5, 2, 3
3115, forest, minecraft:grove, AMBIENT, alexsmobs:cockroach, 5, 5, 5
3116, forest, minecraft:grove, AMBIENT, goblins_tyranny:coal_cave_goblin, 1, 1, 1
3117, forest, minecraft:grove, AMBIENT, goblins_tyranny:copper_cave_goblin, 1, 1, 1
3118, forest, minecraft:grove, AMBIENT, goblins_tyranny:gold_cave_goblin, 1, 1, 1
3119, forest, minecraft:grove, AMBIENT, goblins_tyranny:iron_cave_goblin, 1, 1, 1
3120, forest, minecraft:grove, UNDERGROUND_WATER_CREATURE, minecraft:glow_squid, 10, 4, 6
3121, forest, minecraft:grove, WATER_AMBIENT, alexsmobs:devils_hole_pupfish, 5, 5, 12
3122, the_end, eldritch_end:hasturian_wastes, MONSTER, eldritch_end:dendler, 1, 1, 3
3123, the_end, eldritch_end:hasturian_wastes, MONSTER, alexsmobs:farseer, 5, 1, 1
3124, the_end, eldritch_end:hasturian_wastes, MONSTER, realmrpg_demons:chort, 1, 1, 3
3125, the_end, eldritch_end:hasturian_wastes, MONSTER, realmrpg_demons:demon, 8, 1, 3
3126, the_end, eldritch_end:hasturian_wastes, MONSTER, realmrpg_demons:demon_lord, 2, 1, 1
3127, the_end, eldritch_end:hasturian_wastes, MONSTER, the_awakening_of_the_elder_souls:golden_creeper, 1, 1, 1
3128, the_end, eldritch_end:hasturian_wastes, MONSTER, the_awakening_of_the_elder_souls:golden_witch, 1, 1, 1
3129, the_end, eldritch_end:hasturian_wastes, MONSTER, the_awakening_of_the_elder_souls:golden_zombie, 1, 1, 1
3130, the_end, eldritch_end:hasturian_wastes, MONSTER, realmrpg_demons:imp, 10, 1, 3
3131, the_end, eldritch_end:hasturian_wastes, MONSTER, realmrpg_demons:imp_guard, 8, 1, 3
3132, the_end, eldritch_end:hasturian_wastes, MONSTER, mowziesmobs:grottol, 2, 1, 1
3133, the_end, eldritch_end:hasturian_wastes, CREATURE, alexsmobs:endergrade, 5, 2, 6
3134, the_end, eldritch_end:hasturian_wastes, CREATURE, alexsmobs:spectre, 5, 1, 2
3135, the_end, eldritch_end:hasturian_wastes, CREATURE, alexsmobs:enderiophage, 5, 2, 2
3136, the_end, eldritch_end:hasturian_wastes, CREATURE, alexsmobs:cosmaw, 5, 1, 2
3137, the_end, eldritch_end:hasturian_wastes, CREATURE, goblins_tyranny:wanderer_goblin, 1, 1, 1
3138, the_end, eldritch_end:hasturian_wastes, AMBIENT, alexsmobs:cosmic_cod, 5, 9, 13
3139, the_end, eldritch_end:hasturian_wastes, AMBIENT, goblins_tyranny:coal_cave_goblin, 1, 1, 1
3140, the_end, eldritch_end:hasturian_wastes, AMBIENT, goblins_tyranny:copper_cave_goblin, 1, 1, 1
3141, the_end, eldritch_end:hasturian_wastes, AMBIENT, goblins_tyranny:gold_cave_goblin, 1, 1, 1
3142, the_end, eldritch_end:hasturian_wastes, AMBIENT, goblins_tyranny:iron_cave_goblin, 1, 1, 1
3143, none, ancient_aether:holystone_caverns, MONSTER, alexsmobs:farseer, 5, 1, 1
3144, none, ancient_aether:holystone_caverns, MONSTER, realmrpg_demons:chort, 1, 1, 3
3145, none, ancient_aether:holystone_caverns, MONSTER, realmrpg_demons:demon, 8, 1, 3
3146, none, ancient_aether:holystone_caverns, MONSTER, realmrpg_demons:demon_lord, 2, 1, 1
3147, none, ancient_aether:holystone_caverns, MONSTER, the_awakening_of_the_elder_souls:golden_creeper, 1, 1, 1
3148, none, ancient_aether:holystone_caverns, MONSTER, the_awakening_of_the_elder_souls:golden_witch, 1, 1, 1
3149, none, ancient_aether:holystone_caverns, MONSTER, the_awakening_of_the_elder_souls:golden_zombie, 1, 1, 1
3150, none, ancient_aether:holystone_caverns, MONSTER, realmrpg_demons:imp, 10, 1, 3
3151, none, ancient_aether:holystone_caverns, MONSTER, realmrpg_demons:imp_guard, 8, 1, 3
3152, none, ancient_aether:holystone_caverns, MONSTER, mowziesmobs:grottol, 2, 1, 1
3153, none, ancient_aether:holystone_caverns, CREATURE, goblins_tyranny:wanderer_goblin, 1, 1, 1
3154, none, ancient_aether:holystone_caverns, AMBIENT, goblins_tyranny:coal_cave_goblin, 1, 1, 1
3155, none, ancient_aether:holystone_caverns, AMBIENT, goblins_tyranny:copper_cave_goblin, 1, 1, 1
3156, none, ancient_aether:holystone_caverns, AMBIENT, goblins_tyranny:gold_cave_goblin, 1, 1, 1
3157, none, ancient_aether:holystone_caverns, AMBIENT, goblins_tyranny:iron_cave_goblin, 1, 1, 1
3158, none, ancient_aether:holystone_caverns, AETHER_DARKNESS_MONSTER, aether:cockatrice, 10, 1, 3
3159, none, ancient_aether:holystone_caverns, AETHER_SKY_MONSTER, aether:zephyr, 10, 1, 1
3160, none, ancient_aether:holystone_caverns, AETHER_AERWHALE, aether:aerwhale, 10, 1, 1
3161, forest, biomeswevegone:howling_peaks, MONSTER, minecraft:spider, 10, 4, 4
3162, forest, biomeswevegone:howling_peaks, MONSTER, minecraft:zombie, 10, 4, 4
3163, forest, biomeswevegone:howling_peaks, MONSTER, minecraft:zombie_villager, 5, 1, 1
3164, forest, biomeswevegone:howling_peaks, MONSTER, minecraft:skeleton, 10, 4, 4
3165, forest, biomeswevegone:howling_peaks, MONSTER, minecraft:creeper, 10, 4, 4
3166, forest, biomeswevegone:howling_peaks, MONSTER, minecraft:slime, 10, 4, 4
3167, forest, biomeswevegone:howling_peaks, MONSTER, minecraft:enderman, 10, 1, 4
3168, forest, biomeswevegone:howling_peaks, MONSTER, minecraft:witch, 5, 1, 1
3169, forest, biomeswevegone:howling_peaks, MONSTER, minecraft:stray, 10, 4, 4
3170, forest, biomeswevegone:howling_peaks, MONSTER, alexsmobs:centipede_head, 5, 1, 1
3171, forest, biomeswevegone:howling_peaks, MONSTER, alexsmobs:farseer, 5, 1, 1
3172, forest, biomeswevegone:howling_peaks, MONSTER, alexsmobs:murmur, 5, 1, 1
3173, forest, biomeswevegone:howling_peaks, MONSTER, realmrpg_demons:chort, 1, 1, 3
3174, forest, biomeswevegone:howling_peaks, MONSTER, realmrpg_demons:demon, 8, 1, 3
3175, forest, biomeswevegone:howling_peaks, MONSTER, realmrpg_demons:demon_lord, 2, 1, 1
3176, forest, biomeswevegone:howling_peaks, MONSTER, the_awakening_of_the_elder_souls:golden_creeper, 1, 1, 1
3177, forest, biomeswevegone:howling_peaks, MONSTER, the_awakening_of_the_elder_souls:golden_witch, 1, 1, 1
3178, forest, biomeswevegone:howling_peaks, MONSTER, the_awakening_of_the_elder_souls:golden_zombie, 1, 1, 1
3179, forest, biomeswevegone:howling_peaks, MONSTER, iceandfire:dread_lich, 5, 1, 1
3180, forest, biomeswevegone:howling_peaks, MONSTER, iceandfire:troll, 10, 1, 3
3181, forest, biomeswevegone:howling_peaks, MONSTER, realmrpg_demons:imp, 10, 1, 3
3182, forest, biomeswevegone:howling_peaks, MONSTER, realmrpg_demons:imp_guard, 8, 1, 3
3183, forest, biomeswevegone:howling_peaks, MONSTER, mowziesmobs:grottol, 2, 1, 1
3184, forest, biomeswevegone:howling_peaks, MONSTER, irons_spellbooks:necromancer, 1, 1, 1
3185, forest, biomeswevegone:howling_peaks, MONSTER, eidolon:wraith, 1, 1, 3
3186, forest, biomeswevegone:howling_peaks, MONSTER, eidolon:zombie_brute, 1, 1, 3
3187, forest, biomeswevegone:howling_peaks, CREATURE, minecraft:sheep, 10, 4, 4
3188, forest, biomeswevegone:howling_peaks, CREATURE, minecraft:pig, 10, 4, 4
3189, forest, biomeswevegone:howling_peaks, CREATURE, minecraft:chicken, 10, 4, 4
3190, forest, biomeswevegone:howling_peaks, CREATURE, minecraft:cow, 8, 4, 4
3191, forest, biomeswevegone:howling_peaks, CREATURE, minecraft:wolf, 8, 4, 4
3192, forest, biomeswevegone:howling_peaks, CREATURE, minecraft:rabbit, 10, 2, 3
3193, forest, biomeswevegone:howling_peaks, CREATURE, minecraft:fox, 8, 2, 4
3194, forest, biomeswevegone:howling_peaks, CREATURE, valoria:goblin, 10, 1, 2
3195, forest, biomeswevegone:howling_peaks, CREATURE, alexsmobs:grizzly_bear, 5, 2, 3
3196, forest, biomeswevegone:howling_peaks, CREATURE, alexsmobs:sunbird, 5, 1, 1
3197, forest, biomeswevegone:howling_peaks, CREATURE, alexsmobs:raccoon, 5, 2, 4
3198, forest, biomeswevegone:howling_peaks, CREATURE, alexsmobs:snow_leopard, 5, 1, 2
3199, forest, biomeswevegone:howling_peaks, CREATURE, alexsmobs:crow, 5, 3, 5
3200, forest, biomeswevegone:howling_peaks, CREATURE, alexsmobs:tasmanian_devil, 5, 1, 2
3201, forest, biomeswevegone:howling_peaks, CREATURE, alexsmobs:skunk, 5, 1, 2
3202, forest, biomeswevegone:howling_peaks, CREATURE, alexsmobs:blue_jay, 5, 2, 4
3203, forest, biomeswevegone:howling_peaks, CREATURE, iceandfire:hippogryph, 1, 1, 1
3204, forest, biomeswevegone:howling_peaks, CREATURE, eidolon:raven, 1, 2, 4
3205, forest, biomeswevegone:howling_peaks, CREATURE, eidolon:slimy_slug, 1, 2, 5
3206, forest, biomeswevegone:howling_peaks, CREATURE, goblins_tyranny:wanderer_goblin, 1, 1, 1
3207, forest, biomeswevegone:howling_peaks, AMBIENT, minecraft:bat, 10, 8, 8
3208, forest, biomeswevegone:howling_peaks, AMBIENT, alexsmobs:fly, 5, 2, 3
3209, forest, biomeswevegone:howling_peaks, AMBIENT, alexsmobs:cockroach, 5, 5, 5
3210, forest, biomeswevegone:howling_peaks, AMBIENT, goblins_tyranny:coal_cave_goblin, 1, 1, 1
3211, forest, biomeswevegone:howling_peaks, AMBIENT, goblins_tyranny:copper_cave_goblin, 1, 1, 1
3212, forest, biomeswevegone:howling_peaks, AMBIENT, goblins_tyranny:gold_cave_goblin, 1, 1, 1
3213, forest, biomeswevegone:howling_peaks, AMBIENT, goblins_tyranny:iron_cave_goblin, 1, 1, 1
3214, forest, biomeswevegone:howling_peaks, UNDERGROUND_WATER_CREATURE, minecraft:glow_squid, 10, 4, 6
3215, forest, biomeswevegone:howling_peaks, WATER_AMBIENT, alexsmobs:devils_hole_pupfish, 5, 5, 12
3216, none, minecraft:ice_spikes, MONSTER, minecraft:spider, 10, 4, 4
3217, none, minecraft:ice_spikes, MONSTER, minecraft:zombie, 10, 4, 4
3218, none, minecraft:ice_spikes, MONSTER, minecraft:zombie_villager, 5, 1, 1
3219, none, minecraft:ice_spikes, MONSTER, minecraft:skeleton, 10, 4, 4
3220, none, minecraft:ice_spikes, MONSTER, minecraft:creeper, 10, 4, 4
3221, none, minecraft:ice_spikes, MONSTER, minecraft:slime, 10, 4, 4
3222, none, minecraft:ice_spikes, MONSTER, minecraft:enderman, 10, 1, 4
3223, none, minecraft:ice_spikes, MONSTER, minecraft:witch, 5, 1, 1
3224, none, minecraft:ice_spikes, MONSTER, minecraft:stray, 10, 4, 4
3225, none, minecraft:ice_spikes, MONSTER, alexsmobs:centipede_head, 5, 1, 1
3226, none, minecraft:ice_spikes, MONSTER, alexsmobs:farseer, 5, 1, 1
3227, none, minecraft:ice_spikes, MONSTER, alexsmobs:murmur, 5, 1, 1
3228, none, minecraft:ice_spikes, MONSTER, realmrpg_demons:chort, 1, 1, 3
3229, none, minecraft:ice_spikes, MONSTER, realmrpg_demons:demon, 8, 1, 3
3230, none, minecraft:ice_spikes, MONSTER, realmrpg_demons:demon_lord, 2, 1, 1
3231, none, minecraft:ice_spikes, MONSTER, mythicmobs:chupacabra, 5, 1, 1
3232, none, minecraft:ice_spikes, MONSTER, the_awakening_of_the_elder_souls:golden_creeper, 1, 1, 1
3233, none, minecraft:ice_spikes, MONSTER, the_awakening_of_the_elder_souls:golden_witch, 1, 1, 1
3234, none, minecraft:ice_spikes, MONSTER, the_awakening_of_the_elder_souls:golden_zombie, 1, 1, 1
3235, none, minecraft:ice_spikes, MONSTER, iceandfire:dread_lich, 5, 1, 1
3236, none, minecraft:ice_spikes, MONSTER, iceandfire:troll, 10, 1, 3
3237, none, minecraft:ice_spikes, MONSTER, realmrpg_demons:imp, 10, 1, 3
3238, none, minecraft:ice_spikes, MONSTER, realmrpg_demons:imp_guard, 8, 1, 3
3239, none, minecraft:ice_spikes, MONSTER, mowziesmobs:grottol, 2, 1, 1
3240, none, minecraft:ice_spikes, MONSTER, irons_spellbooks:necromancer, 1, 1, 1
3241, none, minecraft:ice_spikes, MONSTER, eidolon:wraith, 1, 1, 3
3242, none, minecraft:ice_spikes, MONSTER, eidolon:zombie_brute, 1, 1, 3
3243, none, minecraft:ice_spikes, CREATURE, minecraft:rabbit, 10, 2, 3
3244, none, minecraft:ice_spikes, CREATURE, minecraft:polar_bear, 1, 1, 2
3245, none, minecraft:ice_spikes, CREATURE, valoria:goblin, 10, 1, 2
3246, none, minecraft:ice_spikes, CREATURE, alexsmobs:snow_leopard, 5, 1, 2
3247, none, minecraft:ice_spikes, CREATURE, alexsmobs:froststalker, 5, 5, 7
3248, none, minecraft:ice_spikes, CREATURE, alexsmobs:tusklin, 5, 3, 5
3249, none, minecraft:ice_spikes, CREATURE, mythicmobs:drake, 5, 1, 4
3250, none, minecraft:ice_spikes, CREATURE, mythicmobs:kobold, 5, 3, 6
3251, none, minecraft:ice_spikes, CREATURE, mythicmobs:kobold_warrior, 5, 1, 3
3252, none, minecraft:ice_spikes, CREATURE, mythicmobs:mushroom_thing, 5, 3, 5
3253, none, minecraft:ice_spikes, CREATURE, eidolon:slimy_slug, 1, 2, 3
3254, none, minecraft:ice_spikes, CREATURE, goblins_tyranny:wanderer_goblin, 1, 1, 1
3255, none, minecraft:ice_spikes, AMBIENT, minecraft:bat, 10, 8, 8
3256, none, minecraft:ice_spikes, AMBIENT, alexsmobs:fly, 5, 2, 3
3257, none, minecraft:ice_spikes, AMBIENT, alexsmobs:cockroach, 5, 5, 5
3258, none, minecraft:ice_spikes, AMBIENT, goblins_tyranny:coal_cave_goblin, 1, 1, 1
3259, none, minecraft:ice_spikes, AMBIENT, goblins_tyranny:copper_cave_goblin, 1, 1, 1
3260, none, minecraft:ice_spikes, AMBIENT, goblins_tyranny:gold_cave_goblin, 1, 1, 1
3261, none, minecraft:ice_spikes, AMBIENT, goblins_tyranny:iron_cave_goblin, 1, 1, 1
3262, none, minecraft:ice_spikes, UNDERGROUND_WATER_CREATURE, minecraft:glow_squid, 10, 4, 6
3263, none, minecraft:ice_spikes, WATER_AMBIENT, alexsmobs:devils_hole_pupfish, 5, 5, 12
3264, the_end, betterend:ice_starfield, MONSTER, minecraft:enderman, 10, 1, 4
3265, the_end, betterend:ice_starfield, MONSTER, alexsmobs:farseer, 5, 1, 1
3266, the_end, betterend:ice_starfield, MONSTER, realmrpg_demons:chort, 1, 1, 3
3267, the_end, betterend:ice_starfield, MONSTER, realmrpg_demons:demon, 8, 1, 3
3268, the_end, betterend:ice_starfield, MONSTER, realmrpg_demons:demon_lord, 2, 1, 1
3269, the_end, betterend:ice_starfield, MONSTER, the_awakening_of_the_elder_souls:golden_creeper, 1, 1, 1
3270, the_end, betterend:ice_starfield, MONSTER, the_awakening_of_the_elder_souls:golden_witch, 1, 1, 1
3271, the_end, betterend:ice_starfield, MONSTER, the_awakening_of_the_elder_souls:golden_zombie, 1, 1, 1
3272, the_end, betterend:ice_starfield, MONSTER, realmrpg_demons:imp, 10, 1, 3
3273, the_end, betterend:ice_starfield, MONSTER, realmrpg_demons:imp_guard, 8, 1, 3
3274, the_end, betterend:ice_starfield, MONSTER, mowziesmobs:grottol, 2, 1, 1
3275, the_end, betterend:ice_starfield, CREATURE, alexsmobs:endergrade, 5, 2, 6
3276, the_end, betterend:ice_starfield, CREATURE, alexsmobs:spectre, 5, 1, 2
3277, the_end, betterend:ice_starfield, CREATURE, alexsmobs:enderiophage, 5, 2, 2
3278, the_end, betterend:ice_starfield, CREATURE, alexsmobs:cosmaw, 5, 1, 2
3279, the_end, betterend:ice_starfield, CREATURE, goblins_tyranny:wanderer_goblin, 1, 1, 1
3280, the_end, betterend:ice_starfield, AMBIENT, alexsmobs:cosmic_cod, 5, 9, 13
3281, the_end, betterend:ice_starfield, AMBIENT, goblins_tyranny:coal_cave_goblin, 1, 1, 1
3282, the_end, betterend:ice_starfield, AMBIENT, goblins_tyranny:copper_cave_goblin, 1, 1, 1
3283, the_end, betterend:ice_starfield, AMBIENT, goblins_tyranny:gold_cave_goblin, 1, 1, 1
3284, the_end, betterend:ice_starfield, AMBIENT, goblins_tyranny:iron_cave_goblin, 1, 1, 1
3285, none, minecells:insufferable_crypt, MONSTER, alexsmobs:farseer, 5, 1, 1
3286, none, minecells:insufferable_crypt, MONSTER, realmrpg_demons:chort, 1, 1, 3
3287, none, minecells:insufferable_crypt, MONSTER, realmrpg_demons:demon, 8, 1, 3
3288, none, minecells:insufferable_crypt, MONSTER, realmrpg_demons:demon_lord, 2, 1, 1
3289, none, minecells:insufferable_crypt, MONSTER, the_awakening_of_the_elder_souls:golden_creeper, 1, 1, 1
3290, none, minecells:insufferable_crypt, MONSTER, the_awakening_of_the_elder_souls:golden_witch, 1, 1, 1
3291, none, minecells:insufferable_crypt, MONSTER, the_awakening_of_the_elder_souls:golden_zombie, 1, 1, 1
3292, none, minecells:insufferable_crypt, MONSTER, realmrpg_demons:imp, 10, 1, 3
3293, none, minecells:insufferable_crypt, MONSTER, realmrpg_demons:imp_guard, 8, 1, 3
3294, none, minecells:insufferable_crypt, MONSTER, mowziesmobs:grottol, 2, 1, 1
3295, none, minecells:insufferable_crypt, CREATURE, goblins_tyranny:wanderer_goblin, 1, 1, 1
3296, none, minecells:insufferable_crypt, AMBIENT, goblins_tyranny:coal_cave_goblin, 1, 1, 1
3297, none, minecells:insufferable_crypt, AMBIENT, goblins_tyranny:copper_cave_goblin, 1, 1, 1
3298, none, minecells:insufferable_crypt, AMBIENT, goblins_tyranny:gold_cave_goblin, 1, 1, 1
3299, none, minecells:insufferable_crypt, AMBIENT, goblins_tyranny:iron_cave_goblin, 1, 1, 1
3300, savanna, biomeswevegone:ironwood_gour, MONSTER, minecraft:spider, 10, 4, 4
3301, savanna, biomeswevegone:ironwood_gour, MONSTER, minecraft:husk, 10, 4, 4
3302, savanna, biomeswevegone:ironwood_gour, MONSTER, minecraft:zombie_villager, 5, 1, 1
3303, savanna, biomeswevegone:ironwood_gour, MONSTER, minecraft:skeleton, 10, 4, 4
3304, savanna, biomeswevegone:ironwood_gour, MONSTER, minecraft:creeper, 10, 4, 4
3305, savanna, biomeswevegone:ironwood_gour, MONSTER, minecraft:slime, 10, 4, 4
3306, savanna, biomeswevegone:ironwood_gour, MONSTER, minecraft:enderman, 10, 1, 4
3307, savanna, biomeswevegone:ironwood_gour, MONSTER, minecraft:witch, 5, 1, 1
3308, savanna, biomeswevegone:ironwood_gour, MONSTER, alexsmobs:centipede_head, 5, 1, 1
3309, savanna, biomeswevegone:ironwood_gour, MONSTER, alexsmobs:farseer, 5, 1, 1
3310, savanna, biomeswevegone:ironwood_gour, MONSTER, alexsmobs:murmur, 5, 1, 1
3311, savanna, biomeswevegone:ironwood_gour, MONSTER, realmrpg_demons:chort, 1, 1, 3
3312, savanna, biomeswevegone:ironwood_gour, MONSTER, realmrpg_demons:demon, 8, 1, 3
3313, savanna, biomeswevegone:ironwood_gour, MONSTER, realmrpg_demons:demon_lord, 2, 1, 1
3314, savanna, biomeswevegone:ironwood_gour, MONSTER, the_awakening_of_the_elder_souls:golden_creeper, 1, 1, 1
3315, savanna, biomeswevegone:ironwood_gour, MONSTER, the_awakening_of_the_elder_souls:golden_witch, 1, 1, 1
3316, savanna, biomeswevegone:ironwood_gour, MONSTER, the_awakening_of_the_elder_souls:golden_zombie, 1, 1, 1
3317, savanna, biomeswevegone:ironwood_gour, MONSTER, realmrpg_demons:imp, 10, 1, 3
3318, savanna, biomeswevegone:ironwood_gour, MONSTER, realmrpg_demons:imp_guard, 8, 1, 3
3319, savanna, biomeswevegone:ironwood_gour, MONSTER, mowziesmobs:umvuthana_raptor, 5, 1, 1
3320, savanna, biomeswevegone:ironwood_gour, MONSTER, mowziesmobs:grottol, 2, 1, 1
3321, savanna, biomeswevegone:ironwood_gour, MONSTER, irons_spellbooks:necromancer, 1, 1, 1
3322, savanna, biomeswevegone:ironwood_gour, MONSTER, eidolon:wraith, 1, 1, 3
3323, savanna, biomeswevegone:ironwood_gour, MONSTER, eidolon:zombie_brute, 1, 1, 3
3324, savanna, biomeswevegone:ironwood_gour, CREATURE, minecraft:rabbit, 4, 2, 3
3325, savanna, biomeswevegone:ironwood_gour, CREATURE, valoria:goblin, 10, 1, 2
3326, savanna, biomeswevegone:ironwood_gour, CREATURE, alexsmobs:gazelle, 5, 7, 7
3327, savanna, biomeswevegone:ironwood_gour, CREATURE, alexsmobs:elephant, 5, 3, 5
3328, savanna, biomeswevegone:ironwood_gour, CREATURE, alexsmobs:emu, 5, 2, 5
3329, savanna, biomeswevegone:ironwood_gour, CREATURE, alexsmobs:kangaroo, 5, 3, 5
3330, savanna, biomeswevegone:ironwood_gour, CREATURE, alexsmobs:maned_wolf, 5, 1, 1
3331, savanna, biomeswevegone:ironwood_gour, CREATURE, alexsmobs:rhinoceros, 5, 3, 5
3332, savanna, biomeswevegone:ironwood_gour, CREATURE, iceandfire:cockatrice, 10, 1, 2
3333, savanna, biomeswevegone:ironwood_gour, CREATURE, goblins_tyranny:wanderer_goblin, 1, 1, 1
3334, savanna, biomeswevegone:ironwood_gour, AMBIENT, minecraft:bat, 10, 8, 8
3335, savanna, biomeswevegone:ironwood_gour, AMBIENT, alexsmobs:fly, 5, 2, 3
3336, savanna, biomeswevegone:ironwood_gour, AMBIENT, alexsmobs:cockroach, 5, 5, 5
3337, savanna, biomeswevegone:ironwood_gour, AMBIENT, goblins_tyranny:coal_cave_goblin, 1, 1, 1
3338, savanna, biomeswevegone:ironwood_gour, AMBIENT, goblins_tyranny:copper_cave_goblin, 1, 1, 1
3339, savanna, biomeswevegone:ironwood_gour, AMBIENT, goblins_tyranny:gold_cave_goblin, 1, 1, 1
3340, savanna, biomeswevegone:ironwood_gour, AMBIENT, goblins_tyranny:iron_cave_goblin, 1, 1, 1
3341, savanna, biomeswevegone:ironwood_gour, WATER_AMBIENT, alexsmobs:devils_hole_pupfish, 5, 5, 12
3342, jungle, biomeswevegone:jacaranda_jungle, MONSTER, minecraft:spider, 10, 4, 4
3343, jungle, biomeswevegone:jacaranda_jungle, MONSTER, minecraft:zombie, 10, 4, 4
3344, jungle, biomeswevegone:jacaranda_jungle, MONSTER, minecraft:zombie_villager, 5, 1, 1
3345, jungle, biomeswevegone:jacaranda_jungle, MONSTER, minecraft:skeleton, 10, 4, 4
3346, jungle, biomeswevegone:jacaranda_jungle, MONSTER, minecraft:creeper, 10, 4, 4
3347, jungle, biomeswevegone:jacaranda_jungle, MONSTER, minecraft:slime, 10, 4, 4
3348, jungle, biomeswevegone:jacaranda_jungle, MONSTER, minecraft:enderman, 10, 1, 4
3349, jungle, biomeswevegone:jacaranda_jungle, MONSTER, minecraft:witch, 5, 1, 1
3350, jungle, biomeswevegone:jacaranda_jungle, MONSTER, alexsmobs:centipede_head, 5, 1, 1
3351, jungle, biomeswevegone:jacaranda_jungle, MONSTER, alexsmobs:farseer, 5, 1, 1
3352, jungle, biomeswevegone:jacaranda_jungle, MONSTER, alexsmobs:murmur, 5, 1, 1
3353, jungle, biomeswevegone:jacaranda_jungle, MONSTER, realmrpg_demons:chort, 1, 1, 3
3354, jungle, biomeswevegone:jacaranda_jungle, MONSTER, realmrpg_demons:demon, 8, 1, 3
3355, jungle, biomeswevegone:jacaranda_jungle, MONSTER, realmrpg_demons:demon_lord, 2, 1, 1
3356, jungle, biomeswevegone:jacaranda_jungle, MONSTER, the_awakening_of_the_elder_souls:golden_creeper, 1, 1, 1
3357, jungle, biomeswevegone:jacaranda_jungle, MONSTER, the_awakening_of_the_elder_souls:golden_witch, 1, 1, 1
3358, jungle, biomeswevegone:jacaranda_jungle, MONSTER, the_awakening_of_the_elder_souls:golden_zombie, 1, 1, 1
3359, jungle, biomeswevegone:jacaranda_jungle, MONSTER, realmrpg_demons:imp, 10, 1, 3
3360, jungle, biomeswevegone:jacaranda_jungle, MONSTER, realmrpg_demons:imp_guard, 8, 1, 3
3361, jungle, biomeswevegone:jacaranda_jungle, MONSTER, mowziesmobs:foliaath, 10, 1, 4
3362, jungle, biomeswevegone:jacaranda_jungle, MONSTER, mowziesmobs:grottol, 2, 1, 1
3363, jungle, biomeswevegone:jacaranda_jungle, MONSTER, irons_spellbooks:necromancer, 1, 1, 1
3364, jungle, biomeswevegone:jacaranda_jungle, MONSTER, eidolon:wraith, 1, 1, 3
3365, jungle, biomeswevegone:jacaranda_jungle, MONSTER, eidolon:zombie_brute, 1, 1, 3
3366, jungle, biomeswevegone:jacaranda_jungle, CREATURE, minecraft:sheep, 10, 4, 4
3367, jungle, biomeswevegone:jacaranda_jungle, CREATURE, minecraft:pig, 10, 4, 4
3368, jungle, biomeswevegone:jacaranda_jungle, CREATURE, minecraft:chicken, 10, 4, 4
3369, jungle, biomeswevegone:jacaranda_jungle, CREATURE, minecraft:cow, 8, 4, 4
3370, jungle, biomeswevegone:jacaranda_jungle, CREATURE, minecraft:wolf, 5, 4, 4
3371, jungle, biomeswevegone:jacaranda_jungle, CREATURE, valoria:goblin, 10, 1, 2
3372, jungle, biomeswevegone:jacaranda_jungle, CREATURE, alexsmobs:hummingbird, 5, 7, 7
3373, jungle, biomeswevegone:jacaranda_jungle, CREATURE, alexsmobs:gorilla, 5, 7, 7
3374, jungle, biomeswevegone:jacaranda_jungle, CREATURE, alexsmobs:capuchin_monkey, 5, 9, 16
3375, jungle, biomeswevegone:jacaranda_jungle, CREATURE, alexsmobs:toucan, 5, 5, 5
3376, jungle, biomeswevegone:jacaranda_jungle, CREATURE, alexsmobs:anteater, 5, 1, 3
3377, jungle, biomeswevegone:jacaranda_jungle, CREATURE, iceandfire:amphithere, 10, 1, 3
3378, jungle, biomeswevegone:jacaranda_jungle, CREATURE, eidolon:slimy_slug, 1, 2, 3
3379, jungle, biomeswevegone:jacaranda_jungle, CREATURE, goblins_tyranny:wanderer_goblin, 1, 1, 1
3380, jungle, biomeswevegone:jacaranda_jungle, AMBIENT, minecraft:bat, 10, 8, 8
3381, jungle, biomeswevegone:jacaranda_jungle, AMBIENT, alexsmobs:fly, 5, 2, 3
3382, jungle, biomeswevegone:jacaranda_jungle, AMBIENT, alexsmobs:cockroach, 5, 5, 5
3383, jungle, biomeswevegone:jacaranda_jungle, AMBIENT, goblins_tyranny:coal_cave_goblin, 1, 1, 1
3384, jungle, biomeswevegone:jacaranda_jungle, AMBIENT, goblins_tyranny:copper_cave_goblin, 1, 1, 1
3385, jungle, biomeswevegone:jacaranda_jungle, AMBIENT, goblins_tyranny:gold_cave_goblin, 1, 1, 1
3386, jungle, biomeswevegone:jacaranda_jungle, AMBIENT, goblins_tyranny:iron_cave_goblin, 1, 1, 1
3387, jungle, biomeswevegone:jacaranda_jungle, WATER_AMBIENT, alexsmobs:devils_hole_pupfish, 5, 5, 12
3388, the_end, betterend:jade_cave, MONSTER, alexsmobs:farseer, 5, 1, 1
3389, the_end, betterend:jade_cave, MONSTER, realmrpg_demons:chort, 1, 1, 3
3390, the_end, betterend:jade_cave, MONSTER, realmrpg_demons:demon, 8, 1, 3
3391, the_end, betterend:jade_cave, MONSTER, realmrpg_demons:demon_lord, 2, 1, 1
3392, the_end, betterend:jade_cave, MONSTER, the_awakening_of_the_elder_souls:golden_creeper, 1, 1, 1
3393, the_end, betterend:jade_cave, MONSTER, the_awakening_of_the_elder_souls:golden_witch, 1, 1, 1
3394, the_end, betterend:jade_cave, MONSTER, the_awakening_of_the_elder_souls:golden_zombie, 1, 1, 1
3395, the_end, betterend:jade_cave, MONSTER, realmrpg_demons:imp, 10, 1, 3
3396, the_end, betterend:jade_cave, MONSTER, realmrpg_demons:imp_guard, 8, 1, 3
3397, the_end, betterend:jade_cave, MONSTER, mowziesmobs:grottol, 2, 1, 1
3398, the_end, betterend:jade_cave, CREATURE, alexsmobs:endergrade, 5, 2, 6
3399, the_end, betterend:jade_cave, CREATURE, alexsmobs:spectre, 5, 1, 2
3400, the_end, betterend:jade_cave, CREATURE, alexsmobs:enderiophage, 5, 2, 2
3401, the_end, betterend:jade_cave, CREATURE, alexsmobs:cosmaw, 5, 1, 2
3402, the_end, betterend:jade_cave, CREATURE, goblins_tyranny:wanderer_goblin, 1, 1, 1
3403, the_end, betterend:jade_cave, AMBIENT, alexsmobs:cosmic_cod, 5, 9, 13
3404, the_end, betterend:jade_cave, AMBIENT, goblins_tyranny:coal_cave_goblin, 1, 1, 1
3405, the_end, betterend:jade_cave, AMBIENT, goblins_tyranny:copper_cave_goblin, 1, 1, 1
3406, the_end, betterend:jade_cave, AMBIENT, goblins_tyranny:gold_cave_goblin, 1, 1, 1
3407, the_end, betterend:jade_cave, AMBIENT, goblins_tyranny:iron_cave_goblin, 1, 1, 1
3408, extreme_hills, minecraft:jagged_peaks, MONSTER, minecraft:spider, 10, 4, 4
3409, extreme_hills, minecraft:jagged_peaks, MONSTER, minecraft:zombie, 10, 4, 4
3410, extreme_hills, minecraft:jagged_peaks, MONSTER, minecraft:zombie_villager, 5, 1, 1
3411, extreme_hills, minecraft:jagged_peaks, MONSTER, minecraft:skeleton, 10, 4, 4
3412, extreme_hills, minecraft:jagged_peaks, MONSTER, minecraft:creeper, 10, 4, 4
3413, extreme_hills, minecraft:jagged_peaks, MONSTER, minecraft:slime, 10, 4, 4
3414, extreme_hills, minecraft:jagged_peaks, MONSTER, minecraft:enderman, 10, 1, 4
3415, extreme_hills, minecraft:jagged_peaks, MONSTER, minecraft:witch, 5, 1, 1
3416, extreme_hills, minecraft:jagged_peaks, MONSTER, alexsmobs:centipede_head, 5, 1, 1
3417, extreme_hills, minecraft:jagged_peaks, MONSTER, alexsmobs:farseer, 5, 1, 1
3418, extreme_hills, minecraft:jagged_peaks, MONSTER, alexsmobs:murmur, 5, 1, 1
3419, extreme_hills, minecraft:jagged_peaks, MONSTER, realmrpg_demons:chort, 1, 1, 3
3420, extreme_hills, minecraft:jagged_peaks, MONSTER, realmrpg_demons:demon, 8, 1, 3
3421, extreme_hills, minecraft:jagged_peaks, MONSTER, realmrpg_demons:demon_lord, 2, 1, 1
3422, extreme_hills, minecraft:jagged_peaks, MONSTER, mythicmobs:chupacabra, 5, 1, 1
3423, extreme_hills, minecraft:jagged_peaks, MONSTER, the_awakening_of_the_elder_souls:golden_creeper, 1, 1, 1
3424, extreme_hills, minecraft:jagged_peaks, MONSTER, the_awakening_of_the_elder_souls:golden_witch, 1, 1, 1
3425, extreme_hills, minecraft:jagged_peaks, MONSTER, the_awakening_of_the_elder_souls:golden_zombie, 1, 1, 1
3426, extreme_hills, minecraft:jagged_peaks, MONSTER, iceandfire:dread_lich, 5, 1, 1
3427, extreme_hills, minecraft:jagged_peaks, MONSTER, iceandfire:troll, 10, 1, 3
3428, extreme_hills, minecraft:jagged_peaks, MONSTER, realmrpg_demons:imp, 10, 1, 3
3429, extreme_hills, minecraft:jagged_peaks, MONSTER, realmrpg_demons:imp_guard, 8, 1, 3
3430, extreme_hills, minecraft:jagged_peaks, MONSTER, mowziesmobs:grottol, 2, 1, 1
3431, extreme_hills, minecraft:jagged_peaks, MONSTER, irons_spellbooks:necromancer, 1, 1, 1
3432, extreme_hills, minecraft:jagged_peaks, MONSTER, eidolon:wraith, 1, 1, 3
3433, extreme_hills, minecraft:jagged_peaks, MONSTER, eidolon:zombie_brute, 1, 1, 3
3434, extreme_hills, minecraft:jagged_peaks, CREATURE, minecraft:goat, 5, 1, 3
3435, extreme_hills, minecraft:jagged_peaks, CREATURE, valoria:goblin, 10, 1, 2
3436, extreme_hills, minecraft:jagged_peaks, CREATURE, alexsmobs:sunbird, 5, 1, 1
3437, extreme_hills, minecraft:jagged_peaks, CREATURE, alexsmobs:snow_leopard, 5, 1, 2
3438, extreme_hills, minecraft:jagged_peaks, CREATURE, mythicmobs:drake, 5, 1, 4
3439, extreme_hills, minecraft:jagged_peaks, CREATURE, mythicmobs:kobold, 5, 3, 6
3440, extreme_hills, minecraft:jagged_peaks, CREATURE, mythicmobs:kobold_warrior, 5, 1, 3
3441, extreme_hills, minecraft:jagged_peaks, CREATURE, mythicmobs:mushroom_thing, 5, 3, 5
3442, extreme_hills, minecraft:jagged_peaks, CREATURE, iceandfire:hippogryph, 1, 1, 1
3443, extreme_hills, minecraft:jagged_peaks, CREATURE, eidolon:slimy_slug, 1, 2, 3
3444, extreme_hills, minecraft:jagged_peaks, CREATURE, goblins_tyranny:wanderer_goblin, 1, 1, 1
3445, extreme_hills, minecraft:jagged_peaks, AMBIENT, minecraft:bat, 10, 8, 8
3446, extreme_hills, minecraft:jagged_peaks, AMBIENT, alexsmobs:fly, 5, 2, 3
3447, extreme_hills, minecraft:jagged_peaks, AMBIENT, alexsmobs:cockroach, 5, 5, 5
3448, extreme_hills, minecraft:jagged_peaks, AMBIENT, goblins_tyranny:coal_cave_goblin, 1, 1, 1
3449, extreme_hills, minecraft:jagged_peaks, AMBIENT, goblins_tyranny:copper_cave_goblin, 1, 1, 1
3450, extreme_hills, minecraft:jagged_peaks, AMBIENT, goblins_tyranny:gold_cave_goblin, 1, 1, 1
3451, extreme_hills, minecraft:jagged_peaks, AMBIENT, goblins_tyranny:iron_cave_goblin, 1, 1, 1
3452, extreme_hills, minecraft:jagged_peaks, UNDERGROUND_WATER_CREATURE, minecraft:glow_squid, 10, 4, 6
3453, extreme_hills, minecraft:jagged_peaks, WATER_AMBIENT, alexsmobs:devils_hole_pupfish, 5, 5, 12
3454, jungle, minecraft:jungle, MONSTER, minecraft:spider, 10, 4, 4
3455, jungle, minecraft:jungle, MONSTER, minecraft:zombie, 10, 4, 4
3456, jungle, minecraft:jungle, MONSTER, minecraft:zombie_villager, 5, 1, 1
3457, jungle, minecraft:jungle, MONSTER, minecraft:skeleton, 10, 4, 4
3458, jungle, minecraft:jungle, MONSTER, minecraft:creeper, 10, 4, 4
3459, jungle, minecraft:jungle, MONSTER, minecraft:slime, 10, 4, 4
3460, jungle, minecraft:jungle, MONSTER, minecraft:enderman, 10, 1, 4
3461, jungle, minecraft:jungle, MONSTER, minecraft:witch, 5, 1, 1
3462, jungle, minecraft:jungle, MONSTER, minecraft:ocelot, 2, 1, 3
3463, jungle, minecraft:jungle, MONSTER, alexsmobs:centipede_head, 5, 1, 1
3464, jungle, minecraft:jungle, MONSTER, alexsmobs:farseer, 5, 1, 1
3465, jungle, minecraft:jungle, MONSTER, alexsmobs:murmur, 5, 1, 1
3466, jungle, minecraft:jungle, MONSTER, realmrpg_demons:chort, 1, 1, 3
3467, jungle, minecraft:jungle, MONSTER, realmrpg_demons:demon, 8, 1, 3
3468, jungle, minecraft:jungle, MONSTER, realmrpg_demons:demon_lord, 2, 1, 1
3469, jungle, minecraft:jungle, MONSTER, mythicmobs:chupacabra, 5, 1, 1
3470, jungle, minecraft:jungle, MONSTER, the_awakening_of_the_elder_souls:golden_creeper, 1, 1, 1
3471, jungle, minecraft:jungle, MONSTER, the_awakening_of_the_elder_souls:golden_witch, 1, 1, 1
3472, jungle, minecraft:jungle, MONSTER, the_awakening_of_the_elder_souls:golden_zombie, 1, 1, 1
3473, jungle, minecraft:jungle, MONSTER, realmrpg_demons:imp, 10, 1, 3
3474, jungle, minecraft:jungle, MONSTER, realmrpg_demons:imp_guard, 8, 1, 3
3475, jungle, minecraft:jungle, MONSTER, mowziesmobs:foliaath, 10, 1, 4
3476, jungle, minecraft:jungle, MONSTER, mowziesmobs:grottol, 2, 1, 1
3477, jungle, minecraft:jungle, MONSTER, irons_spellbooks:necromancer, 1, 1, 1
3478, jungle, minecraft:jungle, MONSTER, eidolon:wraith, 1, 1, 3
3479, jungle, minecraft:jungle, MONSTER, eidolon:zombie_brute, 1, 1, 3
3480, jungle, minecraft:jungle, CREATURE, minecraft:sheep, 10, 4, 4
3481, jungle, minecraft:jungle, CREATURE, minecraft:pig, 10, 4, 4
3482, jungle, minecraft:jungle, CREATURE, minecraft:chicken, 10, 4, 4
3483, jungle, minecraft:jungle, CREATURE, minecraft:cow, 8, 4, 4
3484, jungle, minecraft:jungle, CREATURE, minecraft:chicken, 10, 4, 4
3485, jungle, minecraft:jungle, CREATURE, minecraft:parrot, 10, 1, 2
3486, jungle, minecraft:jungle, CREATURE, minecraft:panda, 1, 1, 2
3487, jungle, minecraft:jungle, CREATURE, valoria:goblin, 10, 1, 2
3488, jungle, minecraft:jungle, CREATURE, alexsmobs:hummingbird, 5, 7, 7
3489, jungle, minecraft:jungle, CREATURE, alexsmobs:gorilla, 5, 7, 7
3490, jungle, minecraft:jungle, CREATURE, alexsmobs:capuchin_monkey, 5, 9, 16
3491, jungle, minecraft:jungle, CREATURE, alexsmobs:toucan, 5, 5, 5
3492, jungle, minecraft:jungle, CREATURE, alexsmobs:anteater, 5, 1, 3
3493, jungle, minecraft:jungle, CREATURE, mythicmobs:drake, 5, 1, 4
3494, jungle, minecraft:jungle, CREATURE, mythicmobs:kobold, 5, 3, 6
3495, jungle, minecraft:jungle, CREATURE, mythicmobs:kobold_warrior, 5, 1, 3
3496, jungle, minecraft:jungle, CREATURE, mythicmobs:mushroom_thing, 5, 3, 5
3497, jungle, minecraft:jungle, CREATURE, iceandfire:amphithere, 10, 1, 3
3498, jungle, minecraft:jungle, CREATURE, eidolon:slimy_slug, 1, 2, 3
3499, jungle, minecraft:jungle, CREATURE, eidolon:slimy_slug, 1, 2, 5
3500, jungle, minecraft:jungle, CREATURE, goblins_tyranny:wanderer_goblin, 1, 1, 1
3501, jungle, minecraft:jungle, AMBIENT, minecraft:bat, 10, 8, 8
3502, jungle, minecraft:jungle, AMBIENT, alexsmobs:fly, 5, 2, 3
3503, jungle, minecraft:jungle, AMBIENT, alexsmobs:cockroach, 5, 5, 5
3504, jungle, minecraft:jungle, AMBIENT, goblins_tyranny:coal_cave_goblin, 1, 1, 1
3505, jungle, minecraft:jungle, AMBIENT, goblins_tyranny:copper_cave_goblin, 1, 1, 1
3506, jungle, minecraft:jungle, AMBIENT, goblins_tyranny:gold_cave_goblin, 1, 1, 1
3507, jungle, minecraft:jungle, AMBIENT, goblins_tyranny:iron_cave_goblin, 1, 1, 1
3508, jungle, minecraft:jungle, UNDERGROUND_WATER_CREATURE, minecraft:glow_squid, 10, 4, 6
3509, jungle, minecraft:jungle, WATER_AMBIENT, alexsmobs:devils_hole_pupfish, 5, 5, 12
3510, the_end, betterend:lantern_woods, MONSTER, minecraft:enderman, 10, 1, 2
3511, the_end, betterend:lantern_woods, MONSTER, alexsmobs:farseer, 5, 1, 1
3512, the_end, betterend:lantern_woods, MONSTER, realmrpg_demons:chort, 1, 1, 3
3513, the_end, betterend:lantern_woods, MONSTER, realmrpg_demons:demon, 8, 1, 3
3514, the_end, betterend:lantern_woods, MONSTER, realmrpg_demons:demon_lord, 2, 1, 1
3515, the_end, betterend:lantern_woods, MONSTER, the_awakening_of_the_elder_souls:golden_creeper, 1, 1, 1
3516, the_end, betterend:lantern_woods, MONSTER, the_awakening_of_the_elder_souls:golden_witch, 1, 1, 1
3517, the_end, betterend:lantern_woods, MONSTER, the_awakening_of_the_elder_souls:golden_zombie, 1, 1, 1
3518, the_end, betterend:lantern_woods, MONSTER, realmrpg_demons:imp, 10, 1, 3
3519, the_end, betterend:lantern_woods, MONSTER, realmrpg_demons:imp_guard, 8, 1, 3
3520, the_end, betterend:lantern_woods, MONSTER, mowziesmobs:grottol, 2, 1, 1
3521, the_end, betterend:lantern_woods, CREATURE, alexsmobs:endergrade, 5, 2, 6
3522, the_end, betterend:lantern_woods, CREATURE, alexsmobs:spectre, 5, 1, 2
3523, the_end, betterend:lantern_woods, CREATURE, alexsmobs:enderiophage, 5, 2, 2
3524, the_end, betterend:lantern_woods, CREATURE, alexsmobs:cosmaw, 5, 1, 2
3525, the_end, betterend:lantern_woods, CREATURE, goblins_tyranny:wanderer_goblin, 1, 1, 1
3526, the_end, betterend:lantern_woods, AMBIENT, alexsmobs:cosmic_cod, 5, 9, 13
3527, the_end, betterend:lantern_woods, AMBIENT, goblins_tyranny:coal_cave_goblin, 1, 1, 1
3528, the_end, betterend:lantern_woods, AMBIENT, goblins_tyranny:copper_cave_goblin, 1, 1, 1
3529, the_end, betterend:lantern_woods, AMBIENT, goblins_tyranny:gold_cave_goblin, 1, 1, 1
3530, the_end, betterend:lantern_woods, AMBIENT, goblins_tyranny:iron_cave_goblin, 1, 1, 1
3531, ocean, minecraft:lukewarm_ocean, MONSTER, minecraft:spider, 10, 4, 4
3532, ocean, minecraft:lukewarm_ocean, MONSTER, minecraft:zombie, 10, 4, 4
3533, ocean, minecraft:lukewarm_ocean, MONSTER, minecraft:zombie_villager, 5, 1, 1
3534, ocean, minecraft:lukewarm_ocean, MONSTER, minecraft:skeleton, 10, 4, 4
3535, ocean, minecraft:lukewarm_ocean, MONSTER, minecraft:creeper, 10, 4, 4
3536, ocean, minecraft:lukewarm_ocean, MONSTER, minecraft:slime, 10, 4, 4
3537, ocean, minecraft:lukewarm_ocean, MONSTER, minecraft:enderman, 10, 1, 4
3538, ocean, minecraft:lukewarm_ocean, MONSTER, minecraft:witch, 5, 1, 1
3539, ocean, minecraft:lukewarm_ocean, MONSTER, minecraft:drowned, 5, 1, 1
3540, ocean, minecraft:lukewarm_ocean, MONSTER, alexsmobs:farseer, 5, 1, 1
3541, ocean, minecraft:lukewarm_ocean, MONSTER, cataclysm:deepling, 1, 1, 1
3542, ocean, minecraft:lukewarm_ocean, MONSTER, cataclysm:deepling_angler, 1, 1, 1
3543, ocean, minecraft:lukewarm_ocean, MONSTER, cataclysm:deepling_brute, 1, 1, 1
3544, ocean, minecraft:lukewarm_ocean, MONSTER, cataclysm:deepling_priest, 1, 1, 1
3545, ocean, minecraft:lukewarm_ocean, MONSTER, cataclysm:deepling_warlock, 1, 1, 1
3546, ocean, minecraft:lukewarm_ocean, MONSTER, cataclysm:coral_golem, 1, 1, 1
3547, ocean, minecraft:lukewarm_ocean, MONSTER, realmrpg_demons:chort, 1, 1, 3
3548, ocean, minecraft:lukewarm_ocean, MONSTER, realmrpg_demons:demon, 8, 1, 3
3549, ocean, minecraft:lukewarm_ocean, MONSTER, realmrpg_demons:demon_lord, 2, 1, 1
3550, ocean, minecraft:lukewarm_ocean, MONSTER, mythicmobs:chupacabra, 5, 1, 1
3551, ocean, minecraft:lukewarm_ocean, MONSTER, the_awakening_of_the_elder_souls:golden_creeper, 1, 1, 1
3552, ocean, minecraft:lukewarm_ocean, MONSTER, the_awakening_of_the_elder_souls:golden_witch, 1, 1, 1
3553, ocean, minecraft:lukewarm_ocean, MONSTER, the_awakening_of_the_elder_souls:golden_zombie, 1, 1, 1
3554, ocean, minecraft:lukewarm_ocean, MONSTER, realmrpg_demons:imp, 10, 1, 3
3555, ocean, minecraft:lukewarm_ocean, MONSTER, realmrpg_demons:imp_guard, 8, 1, 3
3556, ocean, minecraft:lukewarm_ocean, MONSTER, mowziesmobs:grottol, 2, 1, 1
3557, ocean, minecraft:lukewarm_ocean, MONSTER, irons_spellbooks:necromancer, 1, 1, 1
3558, ocean, minecraft:lukewarm_ocean, MONSTER, eidolon:wraith, 1, 1, 3
3559, ocean, minecraft:lukewarm_ocean, MONSTER, eidolon:zombie_brute, 1, 1, 3
3560, ocean, minecraft:lukewarm_ocean, CREATURE, valoria:goblin, 10, 1, 2
3561, ocean, minecraft:lukewarm_ocean, CREATURE, mythicmobs:drake, 5, 1, 4
3562, ocean, minecraft:lukewarm_ocean, CREATURE, mythicmobs:kobold, 5, 3, 6
3563, ocean, minecraft:lukewarm_ocean, CREATURE, mythicmobs:kobold_warrior, 5, 1, 3
3564, ocean, minecraft:lukewarm_ocean, CREATURE, mythicmobs:mushroom_thing, 5, 3, 5
3565, ocean, minecraft:lukewarm_ocean, CREATURE, goblins_tyranny:wanderer_goblin, 1, 1, 1
3566, ocean, minecraft:lukewarm_ocean, AMBIENT, minecraft:bat, 10, 8, 8
3567, ocean, minecraft:lukewarm_ocean, AMBIENT, alexsmobs:fly, 5, 2, 3
3568, ocean, minecraft:lukewarm_ocean, AMBIENT, goblins_tyranny:coal_cave_goblin, 1, 1, 1
3569, ocean, minecraft:lukewarm_ocean, AMBIENT, goblins_tyranny:copper_cave_goblin, 1, 1, 1
3570, ocean, minecraft:lukewarm_ocean, AMBIENT, goblins_tyranny:gold_cave_goblin, 1, 1, 1
3571, ocean, minecraft:lukewarm_ocean, AMBIENT, goblins_tyranny:iron_cave_goblin, 1, 1, 1
3572, ocean, minecraft:lukewarm_ocean, UNDERGROUND_WATER_CREATURE, minecraft:glow_squid, 10, 4, 6
3573, ocean, minecraft:lukewarm_ocean, WATER_CREATURE, minecraft:squid, 10, 1, 2
3574, ocean, minecraft:lukewarm_ocean, WATER_CREATURE, minecraft:dolphin, 2, 1, 2
3575, ocean, minecraft:lukewarm_ocean, WATER_CREATURE, alexsmobs:cachalot_whale, 5, 1, 2
3576, ocean, minecraft:lukewarm_ocean, WATER_AMBIENT, minecraft:cod, 10, 3, 6
3577, ocean, minecraft:lukewarm_ocean, WATER_AMBIENT, minecraft:pufferfish, 5, 1, 3
3578, ocean, minecraft:lukewarm_ocean, WATER_AMBIENT, minecraft:tropical_fish, 10, 8, 8
3579, ocean, minecraft:lukewarm_ocean, WATER_AMBIENT, alexsmobs:devils_hole_pupfish, 5, 5, 12
3580, ocean, minecraft:lukewarm_ocean, WATER_AMBIENT, alexsmobs:flying_fish, 5, 3, 6
3581, none, the_awakening_of_the_elder_souls:lunar_crystal_enclosure, MONSTER, alexsmobs:farseer, 5, 1, 1
3582, none, the_awakening_of_the_elder_souls:lunar_crystal_enclosure, MONSTER, realmrpg_demons:chort, 1, 1, 3
3583, none, the_awakening_of_the_elder_souls:lunar_crystal_enclosure, MONSTER, realmrpg_demons:demon, 8, 1, 3
3584, none, the_awakening_of_the_elder_souls:lunar_crystal_enclosure, MONSTER, realmrpg_demons:demon_lord, 2, 1, 1
3585, none, the_awakening_of_the_elder_souls:lunar_crystal_enclosure, MONSTER, the_awakening_of_the_elder_souls:golden_creeper, 1, 1, 1
3586, none, the_awakening_of_the_elder_souls:lunar_crystal_enclosure, MONSTER, the_awakening_of_the_elder_souls:golden_witch, 1, 1, 1
3587, none, the_awakening_of_the_elder_souls:lunar_crystal_enclosure, MONSTER, the_awakening_of_the_elder_souls:golden_zombie, 1, 1, 1
3588, none, the_awakening_of_the_elder_souls:lunar_crystal_enclosure, MONSTER, realmrpg_demons:imp, 10, 1, 3
3589, none, the_awakening_of_the_elder_souls:lunar_crystal_enclosure, MONSTER, realmrpg_demons:imp_guard, 8, 1, 3
3590, none, the_awakening_of_the_elder_souls:lunar_crystal_enclosure, MONSTER, mowziesmobs:grottol, 2, 1, 1
3591, none, the_awakening_of_the_elder_souls:lunar_crystal_enclosure, CREATURE, the_awakening_of_the_elder_souls:deer_spectrum, 10, 1, 1
3592, none, the_awakening_of_the_elder_souls:lunar_crystal_enclosure, CREATURE, goblins_tyranny:wanderer_goblin, 1, 1, 1
3593, none, the_awakening_of_the_elder_souls:lunar_crystal_enclosure, AMBIENT, goblins_tyranny:coal_cave_goblin, 1, 1, 1
3594, none, the_awakening_of_the_elder_souls:lunar_crystal_enclosure, AMBIENT, goblins_tyranny:copper_cave_goblin, 1, 1, 1
3595, none, the_awakening_of_the_elder_souls:lunar_crystal_enclosure, AMBIENT, goblins_tyranny:gold_cave_goblin, 1, 1, 1
3596, none, the_awakening_of_the_elder_souls:lunar_crystal_enclosure, AMBIENT, goblins_tyranny:iron_cave_goblin, 1, 1, 1
3597, the_end, betterend:lush_aurora_cave, MONSTER, alexsmobs:farseer, 5, 1, 1
3598, the_end, betterend:lush_aurora_cave, MONSTER, realmrpg_demons:chort, 1, 1, 3
3599, the_end, betterend:lush_aurora_cave, MONSTER, realmrpg_demons:demon, 8, 1, 3
3600, the_end, betterend:lush_aurora_cave, MONSTER, realmrpg_demons:demon_lord, 2, 1, 1
3601, the_end, betterend:lush_aurora_cave, MONSTER, the_awakening_of_the_elder_souls:golden_creeper, 1, 1, 1
3602, the_end, betterend:lush_aurora_cave, MONSTER, the_awakening_of_the_elder_souls:golden_witch, 1, 1, 1
3603, the_end, betterend:lush_aurora_cave, MONSTER, the_awakening_of_the_elder_souls:golden_zombie, 1, 1, 1
3604, the_end, betterend:lush_aurora_cave, MONSTER, realmrpg_demons:imp, 10, 1, 3
3605, the_end, betterend:lush_aurora_cave, MONSTER, realmrpg_demons:imp_guard, 8, 1, 3
3606, the_end, betterend:lush_aurora_cave, MONSTER, mowziesmobs:grottol, 2, 1, 1
3607, the_end, betterend:lush_aurora_cave, CREATURE, alexsmobs:endergrade, 5, 2, 6
3608, the_end, betterend:lush_aurora_cave, CREATURE, alexsmobs:spectre, 5, 1, 2
3609, the_end, betterend:lush_aurora_cave, CREATURE, alexsmobs:enderiophage, 5, 2, 2
3610, the_end, betterend:lush_aurora_cave, CREATURE, alexsmobs:cosmaw, 5, 1, 2
3611, the_end, betterend:lush_aurora_cave, CREATURE, goblins_tyranny:wanderer_goblin, 1, 1, 1
3612, the_end, betterend:lush_aurora_cave, AMBIENT, alexsmobs:cosmic_cod, 5, 9, 13
3613, the_end, betterend:lush_aurora_cave, AMBIENT, goblins_tyranny:coal_cave_goblin, 1, 1, 1
3614, the_end, betterend:lush_aurora_cave, AMBIENT, goblins_tyranny:copper_cave_goblin, 1, 1, 1
3615, the_end, betterend:lush_aurora_cave, AMBIENT, goblins_tyranny:gold_cave_goblin, 1, 1, 1
3616, the_end, betterend:lush_aurora_cave, AMBIENT, goblins_tyranny:iron_cave_goblin, 1, 1, 1
3617, none, minecraft:lush_caves, MONSTER, minecraft:spider, 10, 4, 4
3618, none, minecraft:lush_caves, MONSTER, minecraft:zombie, 10, 4, 4
3619, none, minecraft:lush_caves, MONSTER, minecraft:zombie_villager, 5, 1, 1
3620, none, minecraft:lush_caves, MONSTER, minecraft:skeleton, 10, 4, 4
3621, none, minecraft:lush_caves, MONSTER, minecraft:creeper, 10, 4, 4
3622, none, minecraft:lush_caves, MONSTER, minecraft:slime, 10, 4, 4
3623, none, minecraft:lush_caves, MONSTER, minecraft:enderman, 10, 1, 4
3624, none, minecraft:lush_caves, MONSTER, minecraft:witch, 5, 1, 1
3625, none, minecraft:lush_caves, MONSTER, alexsmobs:centipede_head, 5, 1, 1
3626, none, minecraft:lush_caves, MONSTER, alexsmobs:farseer, 5, 1, 1
3627, none, minecraft:lush_caves, MONSTER, alexsmobs:murmur, 5, 1, 1
3628, none, minecraft:lush_caves, MONSTER, cataclysm:amethyst_crab, 1, 1, 1
3629, none, minecraft:lush_caves, MONSTER, realmrpg_demons:chort, 1, 1, 3
3630, none, minecraft:lush_caves, MONSTER, realmrpg_demons:demon, 8, 1, 3
3631, none, minecraft:lush_caves, MONSTER, realmrpg_demons:demon_lord, 2, 1, 1
3632, none, minecraft:lush_caves, MONSTER, mythicmobs:chupacabra, 5, 1, 1
3633, none, minecraft:lush_caves, MONSTER, the_awakening_of_the_elder_souls:golden_creeper, 1, 1, 1
3634, none, minecraft:lush_caves, MONSTER, the_awakening_of_the_elder_souls:golden_witch, 1, 1, 1
3635, none, minecraft:lush_caves, MONSTER, the_awakening_of_the_elder_souls:golden_zombie, 1, 1, 1
3636, none, minecraft:lush_caves, MONSTER, realmrpg_demons:imp, 10, 1, 3
3637, none, minecraft:lush_caves, MONSTER, realmrpg_demons:imp_guard, 8, 1, 3
3638, none, minecraft:lush_caves, MONSTER, mowziesmobs:grottol, 2, 1, 1
3639, none, minecraft:lush_caves, MONSTER, irons_spellbooks:necromancer, 1, 1, 1
3640, none, minecraft:lush_caves, MONSTER, eidolon:wraith, 1, 1, 3
3641, none, minecraft:lush_caves, MONSTER, eidolon:zombie_brute, 1, 1, 3
3642, none, minecraft:lush_caves, CREATURE, valoria:goblin, 10, 1, 2
3643, none, minecraft:lush_caves, CREATURE, mythicmobs:drake, 5, 1, 4
3644, none, minecraft:lush_caves, CREATURE, mythicmobs:kobold, 5, 3, 6
3645, none, minecraft:lush_caves, CREATURE, mythicmobs:kobold_warrior, 5, 1, 3
3646, none, minecraft:lush_caves, CREATURE, mythicmobs:mushroom_thing, 5, 3, 5
3647, none, minecraft:lush_caves, CREATURE, eidolon:slimy_slug, 1, 2, 3
3648, none, minecraft:lush_caves, CREATURE, eidolon:slimy_slug, 1, 2, 5
3649, none, minecraft:lush_caves, CREATURE, goblins_tyranny:wanderer_goblin, 1, 1, 1
3650, none, minecraft:lush_caves, AMBIENT, minecraft:bat, 10, 8, 8
3651, none, minecraft:lush_caves, AMBIENT, alexsmobs:fly, 5, 2, 3
3652, none, minecraft:lush_caves, AMBIENT, alexsmobs:cockroach, 5, 5, 5
3653, none, minecraft:lush_caves, AMBIENT, alexsmobs:flutter, 5, 2, 4
3654, none, minecraft:lush_caves, AMBIENT, goblins_tyranny:coal_cave_goblin, 1, 1, 1
3655, none, minecraft:lush_caves, AMBIENT, goblins_tyranny:copper_cave_goblin, 1, 1, 1
3656, none, minecraft:lush_caves, AMBIENT, goblins_tyranny:gold_cave_goblin, 1, 1, 1
3657, none, minecraft:lush_caves, AMBIENT, goblins_tyranny:iron_cave_goblin, 1, 1, 1
3658, none, minecraft:lush_caves, AXOLOTLS, minecraft:axolotl, 10, 4, 6
3659, none, minecraft:lush_caves, UNDERGROUND_WATER_CREATURE, minecraft:glow_squid, 10, 4, 6
3660, none, minecraft:lush_caves, WATER_AMBIENT, minecraft:tropical_fish, 10, 8, 8
3661, none, minecraft:lush_caves, WATER_AMBIENT, alexsmobs:devils_hole_pupfish, 5, 5, 12
3662, the_end, betterend:lush_smaragdant_cave, MONSTER, alexsmobs:farseer, 5, 1, 1
3663, the_end, betterend:lush_smaragdant_cave, MONSTER, realmrpg_demons:chort, 1, 1, 3
3664, the_end, betterend:lush_smaragdant_cave, MONSTER, realmrpg_demons:demon, 8, 1, 3
3665, the_end, betterend:lush_smaragdant_cave, MONSTER, realmrpg_demons:demon_lord, 2, 1, 1
3666, the_end, betterend:lush_smaragdant_cave, MONSTER, the_awakening_of_the_elder_souls:golden_creeper, 1, 1, 1
3667, the_end, betterend:lush_smaragdant_cave, MONSTER, the_awakening_of_the_elder_souls:golden_witch, 1, 1, 1
3668, the_end, betterend:lush_smaragdant_cave, MONSTER, the_awakening_of_the_elder_souls:golden_zombie, 1, 1, 1
3669, the_end, betterend:lush_smaragdant_cave, MONSTER, realmrpg_demons:imp, 10, 1, 3
3670, the_end, betterend:lush_smaragdant_cave, MONSTER, realmrpg_demons:imp_guard, 8, 1, 3
3671, the_end, betterend:lush_smaragdant_cave, MONSTER, mowziesmobs:grottol, 2, 1, 1
3672, the_end, betterend:lush_smaragdant_cave, CREATURE, alexsmobs:endergrade, 5, 2, 6
3673, the_end, betterend:lush_smaragdant_cave, CREATURE, alexsmobs:spectre, 5, 1, 2
3674, the_end, betterend:lush_smaragdant_cave, CREATURE, alexsmobs:enderiophage, 5, 2, 2
3675, the_end, betterend:lush_smaragdant_cave, CREATURE, alexsmobs:cosmaw, 5, 1, 2
3676, the_end, betterend:lush_smaragdant_cave, CREATURE, goblins_tyranny:wanderer_goblin, 1, 1, 1
3677, the_end, betterend:lush_smaragdant_cave, AMBIENT, alexsmobs:cosmic_cod, 5, 9, 13
3678, the_end, betterend:lush_smaragdant_cave, AMBIENT, goblins_tyranny:coal_cave_goblin, 1, 1, 1
3679, the_end, betterend:lush_smaragdant_cave, AMBIENT, goblins_tyranny:copper_cave_goblin, 1, 1, 1
3680, the_end, betterend:lush_smaragdant_cave, AMBIENT, goblins_tyranny:gold_cave_goblin, 1, 1, 1
3681, the_end, betterend:lush_smaragdant_cave, AMBIENT, goblins_tyranny:iron_cave_goblin, 1, 1, 1
3682, ocean, biomeswevegone:lush_stacks, MONSTER, minecraft:drowned, 5, 1, 1
3683, ocean, biomeswevegone:lush_stacks, MONSTER, minecraft:spider, 10, 4, 4
3684, ocean, biomeswevegone:lush_stacks, MONSTER, minecraft:zombie, 10, 4, 4
3685, ocean, biomeswevegone:lush_stacks, MONSTER, minecraft:zombie_villager, 5, 1, 1
3686, ocean, biomeswevegone:lush_stacks, MONSTER, minecraft:skeleton, 10, 4, 4
3687, ocean, biomeswevegone:lush_stacks, MONSTER, minecraft:creeper, 10, 4, 4
3688, ocean, biomeswevegone:lush_stacks, MONSTER, minecraft:slime, 10, 4, 4
3689, ocean, biomeswevegone:lush_stacks, MONSTER, minecraft:enderman, 10, 1, 4
3690, ocean, biomeswevegone:lush_stacks, MONSTER, minecraft:witch, 5, 1, 1
3691, ocean, biomeswevegone:lush_stacks, MONSTER, alexsmobs:farseer, 5, 1, 1
3692, ocean, biomeswevegone:lush_stacks, MONSTER, realmrpg_demons:chort, 1, 1, 3
3693, ocean, biomeswevegone:lush_stacks, MONSTER, realmrpg_demons:demon, 8, 1, 3
3694, ocean, biomeswevegone:lush_stacks, MONSTER, realmrpg_demons:demon_lord, 2, 1, 1
3695, ocean, biomeswevegone:lush_stacks, MONSTER, the_awakening_of_the_elder_souls:golden_creeper, 1, 1, 1
3696, ocean, biomeswevegone:lush_stacks, MONSTER, the_awakening_of_the_elder_souls:golden_witch, 1, 1, 1
3697, ocean, biomeswevegone:lush_stacks, MONSTER, the_awakening_of_the_elder_souls:golden_zombie, 1, 1, 1
3698, ocean, biomeswevegone:lush_stacks, MONSTER, realmrpg_demons:imp, 10, 1, 3
3699, ocean, biomeswevegone:lush_stacks, MONSTER, realmrpg_demons:imp_guard, 8, 1, 3
3700, ocean, biomeswevegone:lush_stacks, MONSTER, mowziesmobs:grottol, 2, 1, 1
3701, ocean, biomeswevegone:lush_stacks, MONSTER, irons_spellbooks:necromancer, 1, 1, 1
3702, ocean, biomeswevegone:lush_stacks, MONSTER, eidolon:wraith, 1, 1, 3
3703, ocean, biomeswevegone:lush_stacks, MONSTER, eidolon:zombie_brute, 1, 1, 3
3704, ocean, biomeswevegone:lush_stacks, CREATURE, valoria:goblin, 10, 1, 2
3705, ocean, biomeswevegone:lush_stacks, CREATURE, goblins_tyranny:wanderer_goblin, 1, 1, 1
3706, ocean, biomeswevegone:lush_stacks, AMBIENT, biomeswevegone:man_o_war, 10, 50, 50
3707, ocean, biomeswevegone:lush_stacks, AMBIENT, minecraft:bat, 10, 8, 8
3708, ocean, biomeswevegone:lush_stacks, AMBIENT, alexsmobs:fly, 5, 2, 3
3709, ocean, biomeswevegone:lush_stacks, AMBIENT, goblins_tyranny:coal_cave_goblin, 1, 1, 1
3710, ocean, biomeswevegone:lush_stacks, AMBIENT, goblins_tyranny:copper_cave_goblin, 1, 1, 1
3711, ocean, biomeswevegone:lush_stacks, AMBIENT, goblins_tyranny:gold_cave_goblin, 1, 1, 1
3712, ocean, biomeswevegone:lush_stacks, AMBIENT, goblins_tyranny:iron_cave_goblin, 1, 1, 1
3713, ocean, biomeswevegone:lush_stacks, UNDERGROUND_WATER_CREATURE, minecraft:glow_squid, 10, 4, 6
3714, ocean, biomeswevegone:lush_stacks, WATER_CREATURE, minecraft:squid, 10, 4, 4
3715, ocean, biomeswevegone:lush_stacks, WATER_CREATURE, minecraft:dolphin, 2, 1, 2
3716, ocean, biomeswevegone:lush_stacks, WATER_AMBIENT, minecraft:tropical_fish, 10, 8, 8
3717, ocean, biomeswevegone:lush_stacks, WATER_AMBIENT, alexsmobs:devils_hole_pupfish, 5, 5, 12
3718, ocean, biomeswevegone:lush_stacks, WATER_AMBIENT, alexsmobs:flying_fish, 5, 3, 6
3719, nether, betternether:magma_land, MONSTER, minecraft:ghast, 10, 4, 4
3720, nether, betternether:magma_land, MONSTER, minecraft:zombified_piglin, 10, 4, 4
3721, nether, betternether:magma_land, MONSTER, minecraft:magma_cube, 2, 4, 4
3722, nether, betternether:magma_land, MONSTER, betternether:skull, 2, 2, 4
3723, nether, betternether:magma_land, MONSTER, minecraft:enderman, 1, 4, 4
3724, nether, betternether:magma_land, MONSTER, minecraft:piglin, 10, 4, 4
3725, nether, betternether:magma_land, MONSTER, minecraft:hoglin, 0, 1, 2
3726, nether, betternether:magma_land, MONSTER, betternether:naga, 8, 3, 5
3727, nether, betternether:magma_land, MONSTER, betternether:jungle_skeleton, 0, 2, 4
3728, nether, betternether:magma_land, MONSTER, minecraft:piglin_brute, 0, 1, 1
3729, nether, betternether:magma_land, MONSTER, alexsmobs:bone_serpent, 5, 1, 1
3730, nether, betternether:magma_land, MONSTER, alexsmobs:farseer, 5, 1, 1
3731, nether, betternether:magma_land, MONSTER, realmrpg_demons:chort, 1, 1, 3
3732, nether, betternether:magma_land, MONSTER, realmrpg_demons:demon, 8, 1, 3
3733, nether, betternether:magma_land, MONSTER, realmrpg_demons:demon_lord, 2, 1, 1
3734, nether, betternether:magma_land, MONSTER, the_awakening_of_the_elder_souls:golden_creeper, 1, 1, 1
3735, nether, betternether:magma_land, MONSTER, the_awakening_of_the_elder_souls:golden_witch, 1, 1, 1
3736, nether, betternether:magma_land, MONSTER, the_awakening_of_the_elder_souls:golden_zombie, 1, 1, 1
3737, nether, betternether:magma_land, MONSTER, realmrpg_demons:imp, 10, 1, 3
3738, nether, betternether:magma_land, MONSTER, realmrpg_demons:imp_guard, 8, 1, 3
3739, nether, betternether:magma_land, MONSTER, mowziesmobs:grottol, 2, 1, 1
3740, nether, betternether:magma_land, MONSTER, soulsweapons:evil_forlorn, 10, 1, 1
3741, nether, betternether:magma_land, MONSTER, soulsweapons:withered_demon, 10, 1, 1
3742, nether, betternether:magma_land, CREATURE, minecraft:strider, 10, 1, 2
3743, nether, betternether:magma_land, CREATURE, alexsmobs:laviathan, 5, 1, 1
3744, nether, betternether:magma_land, CREATURE, goblins_tyranny:wanderer_goblin, 1, 1, 1
3745, nether, betternether:magma_land, AMBIENT, betternether:firefly, 5, 1, 3
3746, nether, betternether:magma_land, AMBIENT, betternether:hydrogen_jellyfish, 5, 2, 6
3747, nether, betternether:magma_land, AMBIENT, betternether:flying_pig, 0, 2, 4
3748, nether, betternether:magma_land, AMBIENT, goblins_tyranny:coal_cave_goblin, 1, 1, 1
3749, nether, betternether:magma_land, AMBIENT, goblins_tyranny:copper_cave_goblin, 1, 1, 1
3750, nether, betternether:magma_land, AMBIENT, goblins_tyranny:gold_cave_goblin, 1, 1, 1
3751, nether, betternether:magma_land, AMBIENT, goblins_tyranny:iron_cave_goblin, 1, 1, 1
3752, none, alexscaves:magnetic_caves, MONSTER, alexscaves:magnetron, 10, 1, 1
3753, none, alexscaves:magnetic_caves, MONSTER, alexscaves:teletor, 10, 1, 1
3754, none, alexscaves:magnetic_caves, MONSTER, alexscaves:boundroid, 10, 1, 2
3755, none, alexscaves:magnetic_caves, MONSTER, alexscaves:ferrouslime, 10, 1, 2
3756, none, alexscaves:magnetic_caves, MONSTER, minecraft:spider, 10, 4, 4
3757, none, alexscaves:magnetic_caves, MONSTER, minecraft:zombie, 10, 4, 4
3758, none, alexscaves:magnetic_caves, MONSTER, minecraft:zombie_villager, 5, 1, 1
3759, none, alexscaves:magnetic_caves, MONSTER, minecraft:skeleton, 10, 4, 4
3760, none, alexscaves:magnetic_caves, MONSTER, minecraft:creeper, 10, 4, 4
3761, none, alexscaves:magnetic_caves, MONSTER, minecraft:slime, 10, 4, 4
3762, none, alexscaves:magnetic_caves, MONSTER, minecraft:enderman, 10, 1, 4
3763, none, alexscaves:magnetic_caves, MONSTER, minecraft:witch, 5, 1, 1
3764, none, alexscaves:magnetic_caves, MONSTER, minecraft:drowned, 10, 4, 4
3765, none, alexscaves:magnetic_caves, MONSTER, alexsmobs:centipede_head, 5, 1, 1
3766, none, alexscaves:magnetic_caves, MONSTER, alexsmobs:farseer, 5, 1, 1
3767, none, alexscaves:magnetic_caves, MONSTER, alexsmobs:murmur, 5, 1, 1
3768, none, alexscaves:magnetic_caves, MONSTER, realmrpg_demons:chort, 1, 1, 3
3769, none, alexscaves:magnetic_caves, MONSTER, realmrpg_demons:demon, 8, 1, 3
3770, none, alexscaves:magnetic_caves, MONSTER, realmrpg_demons:demon_lord, 2, 1, 1
3771, none, alexscaves:magnetic_caves, MONSTER, the_awakening_of_the_elder_souls:golden_creeper, 1, 1, 1
3772, none, alexscaves:magnetic_caves, MONSTER, the_awakening_of_the_elder_souls:golden_witch, 1, 1, 1
3773, none, alexscaves:magnetic_caves, MONSTER, the_awakening_of_the_elder_souls:golden_zombie, 1, 1, 1
3774, none, alexscaves:magnetic_caves, MONSTER, realmrpg_demons:imp, 10, 1, 3
3775, none, alexscaves:magnetic_caves, MONSTER, realmrpg_demons:imp_guard, 8, 1, 3
3776, none, alexscaves:magnetic_caves, MONSTER, mowziesmobs:grottol, 2, 1, 1
3777, none, alexscaves:magnetic_caves, MONSTER, irons_spellbooks:necromancer, 1, 1, 1
3778, none, alexscaves:magnetic_caves, MONSTER, eidolon:wraith, 1, 1, 3
3779, none, alexscaves:magnetic_caves, MONSTER, eidolon:zombie_brute, 1, 1, 3
3780, none, alexscaves:magnetic_caves, CREATURE, valoria:goblin, 10, 1, 2
3781, none, alexscaves:magnetic_caves, CREATURE, goblins_tyranny:wanderer_goblin, 1, 1, 1
3782, none, alexscaves:magnetic_caves, AMBIENT, alexscaves:notor, 10, 1, 4
3783, none, alexscaves:magnetic_caves, AMBIENT, minecraft:bat, 10, 8, 8
3784, none, alexscaves:magnetic_caves, AMBIENT, alexsmobs:fly, 5, 2, 3
3785, none, alexscaves:magnetic_caves, AMBIENT, alexsmobs:cockroach, 5, 5, 5
3786, none, alexscaves:magnetic_caves, AMBIENT, goblins_tyranny:coal_cave_goblin, 1, 1, 1
3787, none, alexscaves:magnetic_caves, AMBIENT, goblins_tyranny:copper_cave_goblin, 1, 1, 1
3788, none, alexscaves:magnetic_caves, AMBIENT, goblins_tyranny:gold_cave_goblin, 1, 1, 1
3789, none, alexscaves:magnetic_caves, AMBIENT, goblins_tyranny:iron_cave_goblin, 1, 1, 1
3790, none, alexscaves:magnetic_caves, UNDERGROUND_WATER_CREATURE, minecraft:glow_squid, 10, 4, 6
3791, none, alexscaves:magnetic_caves, WATER_AMBIENT, alexsmobs:devils_hole_pupfish, 5, 5, 12
3792, swamp, minecraft:mangrove_swamp, MONSTER, minecraft:spider, 10, 4, 4
3793, swamp, minecraft:mangrove_swamp, MONSTER, minecraft:zombie, 10, 4, 4
3794, swamp, minecraft:mangrove_swamp, MONSTER, minecraft:zombie_villager, 5, 1, 1
3795, swamp, minecraft:mangrove_swamp, MONSTER, minecraft:skeleton, 10, 4, 4
3796, swamp, minecraft:mangrove_swamp, MONSTER, minecraft:creeper, 10, 4, 4
3797, swamp, minecraft:mangrove_swamp, MONSTER, minecraft:slime, 10, 4, 4
3798, swamp, minecraft:mangrove_swamp, MONSTER, minecraft:enderman, 10, 1, 4
3799, swamp, minecraft:mangrove_swamp, MONSTER, minecraft:witch, 5, 1, 1
3800, swamp, minecraft:mangrove_swamp, MONSTER, minecraft:slime, 1, 1, 1
3801, swamp, minecraft:mangrove_swamp, MONSTER, alexsmobs:centipede_head, 5, 1, 1
3802, swamp, minecraft:mangrove_swamp, MONSTER, alexsmobs:farseer, 5, 1, 1
3803, swamp, minecraft:mangrove_swamp, MONSTER, alexsmobs:murmur, 5, 1, 1
3804, swamp, minecraft:mangrove_swamp, MONSTER, realmrpg_demons:chort, 1, 1, 3
3805, swamp, minecraft:mangrove_swamp, MONSTER, realmrpg_demons:demon, 8, 1, 3
3806, swamp, minecraft:mangrove_swamp, MONSTER, realmrpg_demons:demon_lord, 2, 1, 1
3807, swamp, minecraft:mangrove_swamp, MONSTER, mythicmobs:chupacabra, 5, 1, 1
3808, swamp, minecraft:mangrove_swamp, MONSTER, the_awakening_of_the_elder_souls:golden_creeper, 1, 1, 1
3809, swamp, minecraft:mangrove_swamp, MONSTER, the_awakening_of_the_elder_souls:golden_witch, 1, 1, 1
3810, swamp, minecraft:mangrove_swamp, MONSTER, the_awakening_of_the_elder_souls:golden_zombie, 1, 1, 1
3811, swamp, minecraft:mangrove_swamp, MONSTER, realmrpg_demons:imp, 10, 1, 3
3812, swamp, minecraft:mangrove_swamp, MONSTER, realmrpg_demons:imp_guard, 8, 1, 3
3813, swamp, minecraft:mangrove_swamp, MONSTER, mowziesmobs:grottol, 2, 1, 1
3814, swamp, minecraft:mangrove_swamp, MONSTER, irons_spellbooks:necromancer, 1, 1, 1
3815, swamp, minecraft:mangrove_swamp, MONSTER, eidolon:wraith, 1, 1, 3
3816, swamp, minecraft:mangrove_swamp, MONSTER, eidolon:zombie_brute, 1, 1, 3
3817, swamp, minecraft:mangrove_swamp, CREATURE, minecraft:frog, 10, 2, 5
3818, swamp, minecraft:mangrove_swamp, CREATURE, valoria:goblin, 10, 1, 2
3819, swamp, minecraft:mangrove_swamp, CREATURE, alexsmobs:crocodile, 5, 1, 2
3820, swamp, minecraft:mangrove_swamp, CREATURE, alexsmobs:capuchin_monkey, 5, 9, 16
3821, swamp, minecraft:mangrove_swamp, CREATURE, alexsmobs:anaconda, 5, 1, 1
3822, swamp, minecraft:mangrove_swamp, CREATURE, alexsmobs:mudskipper, 5, 2, 4
3823, swamp, minecraft:mangrove_swamp, CREATURE, alexsmobs:caiman, 5, 2, 4
3824, swamp, minecraft:mangrove_swamp, CREATURE, mythicmobs:drake, 5, 1, 4
3825, swamp, minecraft:mangrove_swamp, CREATURE, mythicmobs:kobold, 5, 3, 6
3826, swamp, minecraft:mangrove_swamp, CREATURE, mythicmobs:kobold_warrior, 5, 1, 3
3827, swamp, minecraft:mangrove_swamp, CREATURE, mythicmobs:mushroom_thing, 5, 3, 5
3828, swamp, minecraft:mangrove_swamp, CREATURE, eidolon:slimy_slug, 1, 2, 5
3829, swamp, minecraft:mangrove_swamp, CREATURE, goblins_tyranny:wanderer_goblin, 1, 1, 1
3830, swamp, minecraft:mangrove_swamp, AMBIENT, minecraft:bat, 10, 8, 8
3831, swamp, minecraft:mangrove_swamp, AMBIENT, alexsmobs:fly, 5, 2, 3
3832, swamp, minecraft:mangrove_swamp, AMBIENT, alexsmobs:cockroach, 5, 5, 5
3833, swamp, minecraft:mangrove_swamp, AMBIENT, goblins_tyranny:coal_cave_goblin, 1, 1, 1
3834, swamp, minecraft:mangrove_swamp, AMBIENT, goblins_tyranny:copper_cave_goblin, 1, 1, 1
3835, swamp, minecraft:mangrove_swamp, AMBIENT, goblins_tyranny:gold_cave_goblin, 1, 1, 1
3836, swamp, minecraft:mangrove_swamp, AMBIENT, goblins_tyranny:iron_cave_goblin, 1, 1, 1
3837, swamp, minecraft:mangrove_swamp, UNDERGROUND_WATER_CREATURE, minecraft:glow_squid, 10, 4, 6
3838, swamp, minecraft:mangrove_swamp, WATER_CREATURE, alexsmobs:mantis_shrimp, 5, 1, 4
3839, swamp, minecraft:mangrove_swamp, WATER_AMBIENT, minecraft:tropical_fish, 10, 8, 8
3840, swamp, minecraft:mangrove_swamp, WATER_AMBIENT, alexsmobs:devils_hole_pupfish, 5, 5, 12
3841, taiga, biomeswevegone:maple_taiga, MONSTER, minecraft:spider, 10, 4, 4
3842, taiga, biomeswevegone:maple_taiga, MONSTER, minecraft:zombie, 10, 4, 4
3843, taiga, biomeswevegone:maple_taiga, MONSTER, minecraft:zombie_villager, 5, 1, 1
3844, taiga, biomeswevegone:maple_taiga, MONSTER, minecraft:skeleton, 10, 4, 4
3845, taiga, biomeswevegone:maple_taiga, MONSTER, minecraft:creeper, 10, 4, 4
3846, taiga, biomeswevegone:maple_taiga, MONSTER, minecraft:slime, 10, 4, 4
3847, taiga, biomeswevegone:maple_taiga, MONSTER, minecraft:enderman, 10, 1, 4
3848, taiga, biomeswevegone:maple_taiga, MONSTER, minecraft:witch, 5, 1, 1
3849, taiga, biomeswevegone:maple_taiga, MONSTER, alexsmobs:centipede_head, 5, 1, 1
3850, taiga, biomeswevegone:maple_taiga, MONSTER, alexsmobs:farseer, 5, 1, 1
3851, taiga, biomeswevegone:maple_taiga, MONSTER, alexsmobs:murmur, 5, 1, 1
3852, taiga, biomeswevegone:maple_taiga, MONSTER, realmrpg_demons:chort, 1, 1, 3
3853, taiga, biomeswevegone:maple_taiga, MONSTER, realmrpg_demons:demon, 8, 1, 3
3854, taiga, biomeswevegone:maple_taiga, MONSTER, realmrpg_demons:demon_lord, 2, 1, 1
3855, taiga, biomeswevegone:maple_taiga, MONSTER, the_awakening_of_the_elder_souls:golden_creeper, 1, 1, 1
3856, taiga, biomeswevegone:maple_taiga, MONSTER, the_awakening_of_the_elder_souls:golden_witch, 1, 1, 1
3857, taiga, biomeswevegone:maple_taiga, MONSTER, the_awakening_of_the_elder_souls:golden_zombie, 1, 1, 1
3858, taiga, biomeswevegone:maple_taiga, MONSTER, realmrpg_demons:imp, 10, 1, 3
3859, taiga, biomeswevegone:maple_taiga, MONSTER, realmrpg_demons:imp_guard, 8, 1, 3
3860, taiga, biomeswevegone:maple_taiga, MONSTER, mowziesmobs:grottol, 2, 1, 1
3861, taiga, biomeswevegone:maple_taiga, MONSTER, irons_spellbooks:necromancer, 1, 1, 1
3862, taiga, biomeswevegone:maple_taiga, MONSTER, eidolon:wraith, 1, 1, 3
3863, taiga, biomeswevegone:maple_taiga, MONSTER, eidolon:zombie_brute, 1, 1, 3
3864, taiga, biomeswevegone:maple_taiga, CREATURE, minecraft:sheep, 10, 4, 4
3865, taiga, biomeswevegone:maple_taiga, CREATURE, minecraft:pig, 10, 4, 4
3866, taiga, biomeswevegone:maple_taiga, CREATURE, minecraft:chicken, 10, 4, 4
3867, taiga, biomeswevegone:maple_taiga, CREATURE, minecraft:cow, 8, 4, 4
3868, taiga, biomeswevegone:maple_taiga, CREATURE, minecraft:wolf, 8, 4, 4
3869, taiga, biomeswevegone:maple_taiga, CREATURE, minecraft:rabbit, 4, 2, 3
3870, taiga, biomeswevegone:maple_taiga, CREATURE, minecraft:fox, 8, 2, 4
3871, taiga, biomeswevegone:maple_taiga, CREATURE, valoria:goblin, 10, 1, 2
3872, taiga, biomeswevegone:maple_taiga, CREATURE, alexsmobs:grizzly_bear, 5, 2, 3
3873, taiga, biomeswevegone:maple_taiga, CREATURE, alexsmobs:raccoon, 5, 2, 4
3874, taiga, biomeswevegone:maple_taiga, CREATURE, alexsmobs:crow, 5, 3, 5
3875, taiga, biomeswevegone:maple_taiga, CREATURE, alexsmobs:blue_jay, 5, 2, 4
3876, taiga, biomeswevegone:maple_taiga, CREATURE, eidolon:slimy_slug, 1, 2, 3
3877, taiga, biomeswevegone:maple_taiga, CREATURE, goblins_tyranny:wanderer_goblin, 1, 1, 1
3878, taiga, biomeswevegone:maple_taiga, AMBIENT, minecraft:bat, 10, 8, 8
3879, taiga, biomeswevegone:maple_taiga, AMBIENT, alexsmobs:fly, 5, 2, 3
3880, taiga, biomeswevegone:maple_taiga, AMBIENT, alexsmobs:cockroach, 5, 5, 5
3881, taiga, biomeswevegone:maple_taiga, AMBIENT, goblins_tyranny:coal_cave_goblin, 1, 1, 1
3882, taiga, biomeswevegone:maple_taiga, AMBIENT, goblins_tyranny:copper_cave_goblin, 1, 1, 1
3883, taiga, biomeswevegone:maple_taiga, AMBIENT, goblins_tyranny:gold_cave_goblin, 1, 1, 1
3884, taiga, biomeswevegone:maple_taiga, AMBIENT, goblins_tyranny:iron_cave_goblin, 1, 1, 1
3885, taiga, biomeswevegone:maple_taiga, UNDERGROUND_WATER_CREATURE, minecraft:glow_squid, 10, 4, 6
3886, taiga, biomeswevegone:maple_taiga, WATER_AMBIENT, alexsmobs:devils_hole_pupfish, 5, 5, 12
3887, plains, minecraft:meadow, MONSTER, minecraft:spider, 10, 4, 4
3888, plains, minecraft:meadow, MONSTER, minecraft:zombie, 10, 4, 4
3889, plains, minecraft:meadow, MONSTER, minecraft:zombie_villager, 5, 1, 1
3890, plains, minecraft:meadow, MONSTER, minecraft:skeleton, 10, 4, 4
3891, plains, minecraft:meadow, MONSTER, minecraft:creeper, 10, 4, 4
3892, plains, minecraft:meadow, MONSTER, minecraft:slime, 10, 4, 4
3893, plains, minecraft:meadow, MONSTER, minecraft:enderman, 10, 1, 4
3894, plains, minecraft:meadow, MONSTER, minecraft:witch, 5, 1, 1
3895, plains, minecraft:meadow, MONSTER, alexsmobs:centipede_head, 5, 1, 1
3896, plains, minecraft:meadow, MONSTER, alexsmobs:farseer, 5, 1, 1
3897, plains, minecraft:meadow, MONSTER, alexsmobs:murmur, 5, 1, 1
3898, plains, minecraft:meadow, MONSTER, realmrpg_demons:chort, 1, 1, 3
3899, plains, minecraft:meadow, MONSTER, realmrpg_demons:demon, 8, 1, 3
3900, plains, minecraft:meadow, MONSTER, realmrpg_demons:demon_lord, 2, 1, 1
3901, plains, minecraft:meadow, MONSTER, mythicmobs:chupacabra, 5, 1, 1
3902, plains, minecraft:meadow, MONSTER, the_awakening_of_the_elder_souls:golden_creeper, 1, 1, 1
3903, plains, minecraft:meadow, MONSTER, the_awakening_of_the_elder_souls:golden_witch, 1, 1, 1
3904, plains, minecraft:meadow, MONSTER, the_awakening_of_the_elder_souls:golden_zombie, 1, 1, 1
3905, plains, minecraft:meadow, MONSTER, iceandfire:troll, 10, 1, 3
3906, plains, minecraft:meadow, MONSTER, realmrpg_demons:imp, 10, 1, 3
3907, plains, minecraft:meadow, MONSTER, realmrpg_demons:imp_guard, 8, 1, 3
3908, plains, minecraft:meadow, MONSTER, mowziesmobs:grottol, 2, 1, 1
3909, plains, minecraft:meadow, MONSTER, irons_spellbooks:necromancer, 1, 1, 1
3910, plains, minecraft:meadow, MONSTER, eidolon:wraith, 1, 1, 3
3911, plains, minecraft:meadow, MONSTER, eidolon:zombie_brute, 1, 1, 3
3912, plains, minecraft:meadow, CREATURE, minecraft:donkey, 1, 1, 2
3913, plains, minecraft:meadow, CREATURE, minecraft:rabbit, 2, 2, 6
3914, plains, minecraft:meadow, CREATURE, minecraft:sheep, 2, 2, 4
3915, plains, minecraft:meadow, CREATURE, valoria:goblin, 10, 1, 2
3916, plains, minecraft:meadow, CREATURE, alexsmobs:hummingbird, 5, 7, 7
3917, plains, minecraft:meadow, CREATURE, alexsmobs:sunbird, 5, 1, 1
3918, plains, minecraft:meadow, CREATURE, alexsmobs:raccoon, 5, 2, 4
3919, plains, minecraft:meadow, CREATURE, alexsmobs:crow, 5, 3, 5
3920, plains, minecraft:meadow, CREATURE, alexsmobs:gelada_monkey, 5, 9, 16
3921, plains, minecraft:meadow, CREATURE, alexsmobs:bison, 5, 6, 10
3922, plains, minecraft:meadow, CREATURE, mythicmobs:drake, 5, 1, 4
3923, plains, minecraft:meadow, CREATURE, mythicmobs:kobold, 5, 3, 6
3924, plains, minecraft:meadow, CREATURE, mythicmobs:kobold_warrior, 5, 1, 3
3925, plains, minecraft:meadow, CREATURE, mythicmobs:mushroom_thing, 5, 3, 5
3926, plains, minecraft:meadow, CREATURE, iceandfire:hippogryph, 1, 1, 1
3927, plains, minecraft:meadow, CREATURE, goblins_tyranny:wanderer_goblin, 1, 1, 1
3928, plains, minecraft:meadow, AMBIENT, minecraft:bat, 10, 8, 8
3929, plains, minecraft:meadow, AMBIENT, alexsmobs:fly, 5, 2, 3
3930, plains, minecraft:meadow, AMBIENT, alexsmobs:cockroach, 5, 5, 5
3931, plains, minecraft:meadow, AMBIENT, goblins_tyranny:coal_cave_goblin, 1, 1, 1
3932, plains, minecraft:meadow, AMBIENT, goblins_tyranny:copper_cave_goblin, 1, 1, 1
3933, plains, minecraft:meadow, AMBIENT, goblins_tyranny:gold_cave_goblin, 1, 1, 1
3934, plains, minecraft:meadow, AMBIENT, goblins_tyranny:iron_cave_goblin, 1, 1, 1
3935, plains, minecraft:meadow, UNDERGROUND_WATER_CREATURE, minecraft:glow_squid, 10, 4, 6
3936, plains, minecraft:meadow, WATER_AMBIENT, alexsmobs:devils_hole_pupfish, 5, 5, 12
3937, the_end, betterend:megalake, MONSTER, betterend:end_slime, 5, 1, 2
3938, the_end, betterend:megalake, MONSTER, minecraft:enderman, 10, 1, 2
3939, the_end, betterend:megalake, MONSTER, alexsmobs:farseer, 5, 1, 1
3940, the_end, betterend:megalake, MONSTER, realmrpg_demons:chort, 1, 1, 3
3941, the_end, betterend:megalake, MONSTER, realmrpg_demons:demon, 8, 1, 3
3942, the_end, betterend:megalake, MONSTER, realmrpg_demons:demon_lord, 2, 1, 1
3943, the_end, betterend:megalake, MONSTER, the_awakening_of_the_elder_souls:golden_creeper, 1, 1, 1
3944, the_end, betterend:megalake, MONSTER, the_awakening_of_the_elder_souls:golden_witch, 1, 1, 1
3945, the_end, betterend:megalake, MONSTER, the_awakening_of_the_elder_souls:golden_zombie, 1, 1, 1
3946, the_end, betterend:megalake, MONSTER, realmrpg_demons:imp, 10, 1, 3
3947, the_end, betterend:megalake, MONSTER, realmrpg_demons:imp_guard, 8, 1, 3
3948, the_end, betterend:megalake, MONSTER, mowziesmobs:grottol, 2, 1, 1
3949, the_end, betterend:megalake, CREATURE, alexsmobs:endergrade, 5, 2, 6
3950, the_end, betterend:megalake, CREATURE, alexsmobs:spectre, 5, 1, 2
3951, the_end, betterend:megalake, CREATURE, alexsmobs:enderiophage, 5, 2, 2
3952, the_end, betterend:megalake, CREATURE, alexsmobs:cosmaw, 5, 1, 2
3953, the_end, betterend:megalake, CREATURE, goblins_tyranny:wanderer_goblin, 1, 1, 1
3954, the_end, betterend:megalake, AMBIENT, betterend:dragonfly, 10, 1, 3
3955, the_end, betterend:megalake, AMBIENT, alexsmobs:cosmic_cod, 5, 9, 13
3956, the_end, betterend:megalake, AMBIENT, goblins_tyranny:coal_cave_goblin, 1, 1, 1
3957, the_end, betterend:megalake, AMBIENT, goblins_tyranny:copper_cave_goblin, 1, 1, 1
3958, the_end, betterend:megalake, AMBIENT, goblins_tyranny:gold_cave_goblin, 1, 1, 1
3959, the_end, betterend:megalake, AMBIENT, goblins_tyranny:iron_cave_goblin, 1, 1, 1
3960, the_end, betterend:megalake, WATER_AMBIENT, betterend:end_fish, 10, 3, 8
3961, the_end, betterend:megalake, WATER_AMBIENT, betterend:cubozoa, 10, 3, 8
3962, the_end, betterend:megalake_grove, MONSTER, betterend:end_slime, 5, 1, 2
3963, the_end, betterend:megalake_grove, MONSTER, minecraft:enderman, 10, 1, 2
3964, the_end, betterend:megalake_grove, MONSTER, alexsmobs:farseer, 5, 1, 1
3965, the_end, betterend:megalake_grove, MONSTER, realmrpg_demons:chort, 1, 1, 3
3966, the_end, betterend:megalake_grove, MONSTER, realmrpg_demons:demon, 8, 1, 3
3967, the_end, betterend:megalake_grove, MONSTER, realmrpg_demons:demon_lord, 2, 1, 1
3968, the_end, betterend:megalake_grove, MONSTER, the_awakening_of_the_elder_souls:golden_creeper, 1, 1, 1
3969, the_end, betterend:megalake_grove, MONSTER, the_awakening_of_the_elder_souls:golden_witch, 1, 1, 1
3970, the_end, betterend:megalake_grove, MONSTER, the_awakening_of_the_elder_souls:golden_zombie, 1, 1, 1
3971, the_end, betterend:megalake_grove, MONSTER, realmrpg_demons:imp, 10, 1, 3
3972, the_end, betterend:megalake_grove, MONSTER, realmrpg_demons:imp_guard, 8, 1, 3
3973, the_end, betterend:megalake_grove, MONSTER, mowziesmobs:grottol, 2, 1, 1
3974, the_end, betterend:megalake_grove, CREATURE, alexsmobs:endergrade, 5, 2, 6
3975, the_end, betterend:megalake_grove, CREATURE, alexsmobs:spectre, 5, 1, 2
3976, the_end, betterend:megalake_grove, CREATURE, alexsmobs:enderiophage, 5, 2, 2
3977, the_end, betterend:megalake_grove, CREATURE, alexsmobs:cosmaw, 5, 1, 2
3978, the_end, betterend:megalake_grove, CREATURE, goblins_tyranny:wanderer_goblin, 1, 1, 1
3979, the_end, betterend:megalake_grove, AMBIENT, betterend:dragonfly, 10, 1, 3
3980, the_end, betterend:megalake_grove, AMBIENT, alexsmobs:cosmic_cod, 5, 9, 13
3981, the_end, betterend:megalake_grove, AMBIENT, goblins_tyranny:coal_cave_goblin, 1, 1, 1
3982, the_end, betterend:megalake_grove, AMBIENT, goblins_tyranny:copper_cave_goblin, 1, 1, 1
3983, the_end, betterend:megalake_grove, AMBIENT, goblins_tyranny:gold_cave_goblin, 1, 1, 1
3984, the_end, betterend:megalake_grove, AMBIENT, goblins_tyranny:iron_cave_goblin, 1, 1, 1
3985, the_end, betterend:megalake_grove, WATER_AMBIENT, betterend:end_fish, 10, 3, 8
3986, the_end, betterend:megalake_grove, WATER_AMBIENT, betterend:cubozoa, 10, 3, 8
3987, desert, biomeswevegone:mojave_desert, MONSTER, minecraft:spider, 10, 4, 4
3988, desert, biomeswevegone:mojave_desert, MONSTER, minecraft:zombie, 10, 4, 4
3989, desert, biomeswevegone:mojave_desert, MONSTER, minecraft:zombie_villager, 1, 1, 1
3990, desert, biomeswevegone:mojave_desert, MONSTER, minecraft:skeleton, 10, 4, 4
3991, desert, biomeswevegone:mojave_desert, MONSTER, minecraft:creeper, 10, 4, 4
3992, desert, biomeswevegone:mojave_desert, MONSTER, minecraft:slime, 10, 4, 4
3993, desert, biomeswevegone:mojave_desert, MONSTER, minecraft:enderman, 10, 1, 4
3994, desert, biomeswevegone:mojave_desert, MONSTER, minecraft:witch, 5, 1, 1
3995, desert, biomeswevegone:mojave_desert, MONSTER, minecraft:husk, 10, 4, 4
3996, desert, biomeswevegone:mojave_desert, MONSTER, alexsmobs:centipede_head, 5, 1, 1
3997, desert, biomeswevegone:mojave_desert, MONSTER, alexsmobs:guster, 5, 1, 2
3998, desert, biomeswevegone:mojave_desert, MONSTER, alexsmobs:farseer, 5, 1, 1
3999, desert, biomeswevegone:mojave_desert, MONSTER, alexsmobs:murmur, 5, 1, 1
4000, desert, biomeswevegone:mojave_desert, MONSTER, cataclysm:koboleton, 1, 1, 2
4001, desert, biomeswevegone:mojave_desert, MONSTER, realmrpg_demons:chort, 1, 1, 3
4002, desert, biomeswevegone:mojave_desert, MONSTER, realmrpg_demons:demon, 8, 1, 3
4003, desert, biomeswevegone:mojave_desert, MONSTER, realmrpg_demons:demon_lord, 2, 1, 1
4004, desert, biomeswevegone:mojave_desert, MONSTER, the_awakening_of_the_elder_souls:golden_creeper, 1, 1, 1
4005, desert, biomeswevegone:mojave_desert, MONSTER, the_awakening_of_the_elder_souls:golden_witch, 1, 1, 1
4006, desert, biomeswevegone:mojave_desert, MONSTER, the_awakening_of_the_elder_souls:golden_zombie, 1, 1, 1
4007, desert, biomeswevegone:mojave_desert, MONSTER, realmrpg_demons:imp, 10, 1, 3
4008, desert, biomeswevegone:mojave_desert, MONSTER, realmrpg_demons:imp_guard, 8, 1, 3
4009, desert, biomeswevegone:mojave_desert, MONSTER, mowziesmobs:grottol, 2, 1, 1
4010, desert, biomeswevegone:mojave_desert, MONSTER, irons_spellbooks:necromancer, 1, 1, 1
4011, desert, biomeswevegone:mojave_desert, MONSTER, eidolon:wraith, 1, 1, 3
4012, desert, biomeswevegone:mojave_desert, MONSTER, eidolon:zombie_brute, 1, 1, 3
4013, desert, biomeswevegone:mojave_desert, CREATURE, valoria:goblin, 10, 1, 2
4014, desert, biomeswevegone:mojave_desert, CREATURE, alexsmobs:roadrunner, 5, 2, 2
4015, desert, biomeswevegone:mojave_desert, CREATURE, alexsmobs:rattlesnake, 5, 1, 2
4016, desert, biomeswevegone:mojave_desert, CREATURE, alexsmobs:tarantula_hawk, 5, 1, 1
4017, desert, biomeswevegone:mojave_desert, CREATURE, goblins_tyranny:wanderer_goblin, 1, 1, 1
4018, desert, biomeswevegone:mojave_desert, AMBIENT, alexsmobs:fly, 5, 2, 3
4019, desert, biomeswevegone:mojave_desert, AMBIENT, alexsmobs:cockroach, 5, 5, 5
4020, desert, biomeswevegone:mojave_desert, AMBIENT, alexsmobs:jerboa, 5, 1, 3
4021, desert, biomeswevegone:mojave_desert, AMBIENT, alexsmobs:rain_frog, 5, 1, 3
4022, desert, biomeswevegone:mojave_desert, AMBIENT, goblins_tyranny:coal_cave_goblin, 1, 1, 1
4023, desert, biomeswevegone:mojave_desert, AMBIENT, goblins_tyranny:copper_cave_goblin, 1, 1, 1
4024, desert, biomeswevegone:mojave_desert, AMBIENT, goblins_tyranny:gold_cave_goblin, 1, 1, 1
4025, desert, biomeswevegone:mojave_desert, AMBIENT, goblins_tyranny:iron_cave_goblin, 1, 1, 1
4026, desert, biomeswevegone:mojave_desert, WATER_AMBIENT, alexsmobs:devils_hole_pupfish, 5, 5, 12
4027, desert, biomeswevegone:mojave_desert, WATER_AMBIENT, alexsmobs:triops, 5, 2, 6
4028, none, minecraft:mushroom_fields, MONSTER, realmrpg_demons:chort, 1, 1, 3
4029, none, minecraft:mushroom_fields, MONSTER, realmrpg_demons:demon, 8, 1, 3
4030, none, minecraft:mushroom_fields, MONSTER, realmrpg_demons:demon_lord, 2, 1, 1
4031, none, minecraft:mushroom_fields, MONSTER, mythicmobs:chupacabra, 5, 1, 1
4032, none, minecraft:mushroom_fields, MONSTER, the_awakening_of_the_elder_souls:golden_creeper, 1, 1, 1
4033, none, minecraft:mushroom_fields, MONSTER, the_awakening_of_the_elder_souls:golden_witch, 1, 1, 1
4034, none, minecraft:mushroom_fields, MONSTER, the_awakening_of_the_elder_souls:golden_zombie, 1, 1, 1
4035, none, minecraft:mushroom_fields, MONSTER, realmrpg_demons:imp, 10, 1, 3
4036, none, minecraft:mushroom_fields, MONSTER, realmrpg_demons:imp_guard, 8, 1, 3
4037, none, minecraft:mushroom_fields, MONSTER, irons_spellbooks:necromancer, 1, 1, 1
4038, none, minecraft:mushroom_fields, CREATURE, minecraft:mooshroom, 8, 4, 8
4039, none, minecraft:mushroom_fields, CREATURE, valoria:goblin, 10, 1, 2
4040, none, minecraft:mushroom_fields, CREATURE, alexsmobs:mungus, 5, 3, 5
4041, none, minecraft:mushroom_fields, CREATURE, alexsmobs:bunfungus, 5, 1, 1
4042, none, minecraft:mushroom_fields, CREATURE, mythicmobs:drake, 5, 1, 4
4043, none, minecraft:mushroom_fields, CREATURE, mythicmobs:kobold, 5, 3, 6
4044, none, minecraft:mushroom_fields, CREATURE, mythicmobs:kobold_warrior, 5, 1, 3
4045, none, minecraft:mushroom_fields, CREATURE, mythicmobs:mushroom_thing, 5, 3, 5
4046, none, minecraft:mushroom_fields, CREATURE, goblins_tyranny:wanderer_goblin, 1, 1, 1
4047, none, minecraft:mushroom_fields, AMBIENT, minecraft:bat, 10, 8, 8
4048, none, minecraft:mushroom_fields, AMBIENT, alexsmobs:fly, 5, 2, 3
4049, none, minecraft:mushroom_fields, AMBIENT, goblins_tyranny:coal_cave_goblin, 1, 1, 1
4050, none, minecraft:mushroom_fields, AMBIENT, goblins_tyranny:copper_cave_goblin, 1, 1, 1
4051, none, minecraft:mushroom_fields, AMBIENT, goblins_tyranny:gold_cave_goblin, 1, 1, 1
4052, none, minecraft:mushroom_fields, AMBIENT, goblins_tyranny:iron_cave_goblin, 1, 1, 1
4053, none, minecraft:mushroom_fields, UNDERGROUND_WATER_CREATURE, minecraft:glow_squid, 10, 4, 6
4054, none, minecraft:mushroom_fields, WATER_AMBIENT, alexsmobs:devils_hole_pupfish, 5, 5, 12
4055, the_end, betterend:neon_oasis, MONSTER, minecraft:enderman, 10, 1, 2
4056, the_end, betterend:neon_oasis, MONSTER, alexsmobs:farseer, 5, 1, 1
4057, the_end, betterend:neon_oasis, MONSTER, realmrpg_demons:chort, 1, 1, 3
4058, the_end, betterend:neon_oasis, MONSTER, realmrpg_demons:demon, 8, 1, 3
4059, the_end, betterend:neon_oasis, MONSTER, realmrpg_demons:demon_lord, 2, 1, 1
4060, the_end, betterend:neon_oasis, MONSTER, the_awakening_of_the_elder_souls:golden_creeper, 1, 1, 1
4061, the_end, betterend:neon_oasis, MONSTER, the_awakening_of_the_elder_souls:golden_witch, 1, 1, 1
4062, the_end, betterend:neon_oasis, MONSTER, the_awakening_of_the_elder_souls:golden_zombie, 1, 1, 1
4063, the_end, betterend:neon_oasis, MONSTER, realmrpg_demons:imp, 10, 1, 3
4064, the_end, betterend:neon_oasis, MONSTER, realmrpg_demons:imp_guard, 8, 1, 3
4065, the_end, betterend:neon_oasis, MONSTER, mowziesmobs:grottol, 2, 1, 1
4066, the_end, betterend:neon_oasis, CREATURE, alexsmobs:endergrade, 5, 2, 6
4067, the_end, betterend:neon_oasis, CREATURE, alexsmobs:spectre, 5, 1, 2
4068, the_end, betterend:neon_oasis, CREATURE, alexsmobs:enderiophage, 5, 2, 2
4069, the_end, betterend:neon_oasis, CREATURE, alexsmobs:cosmaw, 5, 1, 2
4070, the_end, betterend:neon_oasis, CREATURE, goblins_tyranny:wanderer_goblin, 1, 1, 1
4071, the_end, betterend:neon_oasis, AMBIENT, alexsmobs:cosmic_cod, 5, 9, 13
4072, the_end, betterend:neon_oasis, AMBIENT, goblins_tyranny:coal_cave_goblin, 1, 1, 1
4073, the_end, betterend:neon_oasis, AMBIENT, goblins_tyranny:copper_cave_goblin, 1, 1, 1
4074, the_end, betterend:neon_oasis, AMBIENT, goblins_tyranny:gold_cave_goblin, 1, 1, 1
4075, the_end, betterend:neon_oasis, AMBIENT, goblins_tyranny:iron_cave_goblin, 1, 1, 1
4076, nether, betternether:nether_grasslands, MONSTER, minecraft:ghast, 10, 4, 4
4077, nether, betternether:nether_grasslands, MONSTER, minecraft:zombified_piglin, 10, 4, 4
4078, nether, betternether:nether_grasslands, MONSTER, minecraft:magma_cube, 2, 4, 4
4079, nether, betternether:nether_grasslands, MONSTER, betternether:skull, 2, 2, 4
4080, nether, betternether:nether_grasslands, MONSTER, minecraft:enderman, 1, 4, 4
4081, nether, betternether:nether_grasslands, MONSTER, minecraft:piglin, 10, 4, 4
4082, nether, betternether:nether_grasslands, MONSTER, minecraft:hoglin, 0, 1, 2
4083, nether, betternether:nether_grasslands, MONSTER, betternether:naga, 8, 3, 5
4084, nether, betternether:nether_grasslands, MONSTER, betternether:jungle_skeleton, 0, 2, 4
4085, nether, betternether:nether_grasslands, MONSTER, minecraft:piglin_brute, 0, 1, 1
4086, nether, betternether:nether_grasslands, MONSTER, alexsmobs:bone_serpent, 5, 1, 1
4087, nether, betternether:nether_grasslands, MONSTER, alexsmobs:farseer, 5, 1, 1
4088, nether, betternether:nether_grasslands, MONSTER, realmrpg_demons:chort, 1, 1, 3
4089, nether, betternether:nether_grasslands, MONSTER, realmrpg_demons:demon, 8, 1, 3
4090, nether, betternether:nether_grasslands, MONSTER, realmrpg_demons:demon_lord, 2, 1, 1
4091, nether, betternether:nether_grasslands, MONSTER, the_awakening_of_the_elder_souls:golden_creeper, 1, 1, 1
4092, nether, betternether:nether_grasslands, MONSTER, the_awakening_of_the_elder_souls:golden_witch, 1, 1, 1
4093, nether, betternether:nether_grasslands, MONSTER, the_awakening_of_the_elder_souls:golden_zombie, 1, 1, 1
4094, nether, betternether:nether_grasslands, MONSTER, realmrpg_demons:imp, 10, 1, 3
4095, nether, betternether:nether_grasslands, MONSTER, realmrpg_demons:imp_guard, 8, 1, 3
4096, nether, betternether:nether_grasslands, MONSTER, mowziesmobs:grottol, 2, 1, 1
4097, nether, betternether:nether_grasslands, MONSTER, soulsweapons:evil_forlorn, 10, 1, 1
4098, nether, betternether:nether_grasslands, MONSTER, soulsweapons:withered_demon, 10, 1, 1
4099, nether, betternether:nether_grasslands, CREATURE, minecraft:strider, 10, 1, 2
4100, nether, betternether:nether_grasslands, CREATURE, alexsmobs:laviathan, 5, 1, 1
4101, nether, betternether:nether_grasslands, CREATURE, goblins_tyranny:wanderer_goblin, 1, 1, 1
4102, nether, betternether:nether_grasslands, AMBIENT, betternether:firefly, 10, 1, 3
4103, nether, betternether:nether_grasslands, AMBIENT, betternether:hydrogen_jellyfish, 5, 2, 6
4104, nether, betternether:nether_grasslands, AMBIENT, betternether:flying_pig, 0, 2, 4
4105, nether, betternether:nether_grasslands, AMBIENT, goblins_tyranny:coal_cave_goblin, 1, 1, 1
4106, nether, betternether:nether_grasslands, AMBIENT, goblins_tyranny:copper_cave_goblin, 1, 1, 1
4107, nether, betternether:nether_grasslands, AMBIENT, goblins_tyranny:gold_cave_goblin, 1, 1, 1
4108, nether, betternether:nether_grasslands, AMBIENT, goblins_tyranny:iron_cave_goblin, 1, 1, 1
4109, nether, betternether:nether_jungle, MONSTER, minecraft:ghast, 0, 4, 4
4110, nether, betternether:nether_jungle, MONSTER, minecraft:zombified_piglin, 0, 4, 4
4111, nether, betternether:nether_jungle, MONSTER, minecraft:magma_cube, 0, 4, 4
4112, nether, betternether:nether_jungle, MONSTER, betternether:skull, 2, 2, 4
4113, nether, betternether:nether_jungle, MONSTER, minecraft:enderman, 0, 4, 4
4114, nether, betternether:nether_jungle, MONSTER, minecraft:piglin, 0, 4, 4
4115, nether, betternether:nether_jungle, MONSTER, minecraft:hoglin, 0, 1, 2
4116, nether, betternether:nether_jungle, MONSTER, betternether:naga, 8, 3, 5
4117, nether, betternether:nether_jungle, MONSTER, betternether:jungle_skeleton, 10, 2, 4
4118, nether, betternether:nether_jungle, MONSTER, minecraft:piglin_brute, 0, 1, 1
4119, nether, betternether:nether_jungle, MONSTER, alexsmobs:bone_serpent, 5, 1, 1
4120, nether, betternether:nether_jungle, MONSTER, alexsmobs:farseer, 5, 1, 1
4121, nether, betternether:nether_jungle, MONSTER, realmrpg_demons:chort, 1, 1, 3
4122, nether, betternether:nether_jungle, MONSTER, realmrpg_demons:demon, 8, 1, 3
4123, nether, betternether:nether_jungle, MONSTER, realmrpg_demons:demon_lord, 2, 1, 1
4124, nether, betternether:nether_jungle, MONSTER, the_awakening_of_the_elder_souls:golden_creeper, 1, 1, 1
4125, nether, betternether:nether_jungle, MONSTER, the_awakening_of_the_elder_souls:golden_witch, 1, 1, 1
4126, nether, betternether:nether_jungle, MONSTER, the_awakening_of_the_elder_souls:golden_zombie, 1, 1, 1
4127, nether, betternether:nether_jungle, MONSTER, realmrpg_demons:imp, 10, 1, 3
4128, nether, betternether:nether_jungle, MONSTER, realmrpg_demons:imp_guard, 8, 1, 3
4129, nether, betternether:nether_jungle, MONSTER, mowziesmobs:grottol, 2, 1, 1
4130, nether, betternether:nether_jungle, MONSTER, soulsweapons:evil_forlorn, 10, 1, 1
4131, nether, betternether:nether_jungle, MONSTER, soulsweapons:withered_demon, 10, 1, 1
4132, nether, betternether:nether_jungle, CREATURE, minecraft:strider, 0, 1, 2
4133, nether, betternether:nether_jungle, CREATURE, alexsmobs:laviathan, 5, 1, 1
4134, nether, betternether:nether_jungle, CREATURE, goblins_tyranny:wanderer_goblin, 1, 1, 1
4135, nether, betternether:nether_jungle, AMBIENT, betternether:firefly, 5, 1, 3
4136, nether, betternether:nether_jungle, AMBIENT, betternether:hydrogen_jellyfish, 5, 2, 6
4137, nether, betternether:nether_jungle, AMBIENT, betternether:flying_pig, 0, 2, 4
4138, nether, betternether:nether_jungle, AMBIENT, goblins_tyranny:coal_cave_goblin, 1, 1, 1
4139, nether, betternether:nether_jungle, AMBIENT, goblins_tyranny:copper_cave_goblin, 1, 1, 1
4140, nether, betternether:nether_jungle, AMBIENT, goblins_tyranny:gold_cave_goblin, 1, 1, 1
4141, nether, betternether:nether_jungle, AMBIENT, goblins_tyranny:iron_cave_goblin, 1, 1, 1
4142, nether, betternether:nether_mushroom_forest, MONSTER, minecraft:ghast, 10, 4, 4
4143, nether, betternether:nether_mushroom_forest, MONSTER, minecraft:zombified_piglin, 10, 4, 4
4144, nether, betternether:nether_mushroom_forest, MONSTER, minecraft:magma_cube, 2, 4, 4
4145, nether, betternether:nether_mushroom_forest, MONSTER, betternether:skull, 2, 2, 4
4146, nether, betternether:nether_mushroom_forest, MONSTER, minecraft:enderman, 1, 4, 4
4147, nether, betternether:nether_mushroom_forest, MONSTER, minecraft:piglin, 10, 4, 4
4148, nether, betternether:nether_mushroom_forest, MONSTER, minecraft:hoglin, 0, 1, 2
4149, nether, betternether:nether_mushroom_forest, MONSTER, betternether:naga, 8, 3, 5
4150, nether, betternether:nether_mushroom_forest, MONSTER, betternether:jungle_skeleton, 0, 2, 4
4151, nether, betternether:nether_mushroom_forest, MONSTER, minecraft:piglin_brute, 0, 1, 1
4152, nether, betternether:nether_mushroom_forest, MONSTER, alexsmobs:bone_serpent, 5, 1, 1
4153, nether, betternether:nether_mushroom_forest, MONSTER, alexsmobs:farseer, 5, 1, 1
4154, nether, betternether:nether_mushroom_forest, MONSTER, realmrpg_demons:chort, 1, 1, 3
4155, nether, betternether:nether_mushroom_forest, MONSTER, realmrpg_demons:demon, 8, 1, 3
4156, nether, betternether:nether_mushroom_forest, MONSTER, realmrpg_demons:demon_lord, 2, 1, 1
4157, nether, betternether:nether_mushroom_forest, MONSTER, the_awakening_of_the_elder_souls:golden_creeper, 1, 1, 1
4158, nether, betternether:nether_mushroom_forest, MONSTER, the_awakening_of_the_elder_souls:golden_witch, 1, 1, 1
4159, nether, betternether:nether_mushroom_forest, MONSTER, the_awakening_of_the_elder_souls:golden_zombie, 1, 1, 1
4160, nether, betternether:nether_mushroom_forest, MONSTER, realmrpg_demons:imp, 10, 1, 3
4161, nether, betternether:nether_mushroom_forest, MONSTER, realmrpg_demons:imp_guard, 8, 1, 3
4162, nether, betternether:nether_mushroom_forest, MONSTER, mowziesmobs:grottol, 2, 1, 1
4163, nether, betternether:nether_mushroom_forest, MONSTER, soulsweapons:evil_forlorn, 10, 1, 1
4164, nether, betternether:nether_mushroom_forest, MONSTER, soulsweapons:withered_demon, 10, 1, 1
4165, nether, betternether:nether_mushroom_forest, CREATURE, minecraft:strider, 10, 1, 2
4166, nether, betternether:nether_mushroom_forest, CREATURE, alexsmobs:laviathan, 5, 1, 1
4167, nether, betternether:nether_mushroom_forest, CREATURE, goblins_tyranny:wanderer_goblin, 1, 1, 1
4168, nether, betternether:nether_mushroom_forest, AMBIENT, betternether:firefly, 5, 1, 3
4169, nether, betternether:nether_mushroom_forest, AMBIENT, betternether:hydrogen_jellyfish, 5, 2, 6
4170, nether, betternether:nether_mushroom_forest, AMBIENT, betternether:flying_pig, 0, 2, 4
4171, nether, betternether:nether_mushroom_forest, AMBIENT, goblins_tyranny:coal_cave_goblin, 1, 1, 1
4172, nether, betternether:nether_mushroom_forest, AMBIENT, goblins_tyranny:copper_cave_goblin, 1, 1, 1
4173, nether, betternether:nether_mushroom_forest, AMBIENT, goblins_tyranny:gold_cave_goblin, 1, 1, 1
4174, nether, betternether:nether_mushroom_forest, AMBIENT, goblins_tyranny:iron_cave_goblin, 1, 1, 1
4175, nether, betternether:nether_mushroom_forest_edge, MONSTER, minecraft:ghast, 10, 4, 4
4176, nether, betternether:nether_mushroom_forest_edge, MONSTER, minecraft:zombified_piglin, 10, 4, 4
4177, nether, betternether:nether_mushroom_forest_edge, MONSTER, minecraft:magma_cube, 2, 4, 4
4178, nether, betternether:nether_mushroom_forest_edge, MONSTER, betternether:skull, 2, 2, 4
4179, nether, betternether:nether_mushroom_forest_edge, MONSTER, minecraft:enderman, 1, 4, 4
4180, nether, betternether:nether_mushroom_forest_edge, MONSTER, minecraft:piglin, 10, 4, 4
4181, nether, betternether:nether_mushroom_forest_edge, MONSTER, minecraft:hoglin, 0, 1, 2
4182, nether, betternether:nether_mushroom_forest_edge, MONSTER, betternether:naga, 8, 3, 5
4183, nether, betternether:nether_mushroom_forest_edge, MONSTER, betternether:jungle_skeleton, 0, 2, 4
4184, nether, betternether:nether_mushroom_forest_edge, MONSTER, minecraft:piglin_brute, 0, 1, 1
4185, nether, betternether:nether_mushroom_forest_edge, MONSTER, alexsmobs:bone_serpent, 5, 1, 1
4186, nether, betternether:nether_mushroom_forest_edge, MONSTER, alexsmobs:farseer, 5, 1, 1
4187, nether, betternether:nether_mushroom_forest_edge, MONSTER, realmrpg_demons:chort, 1, 1, 3
4188, nether, betternether:nether_mushroom_forest_edge, MONSTER, realmrpg_demons:demon, 8, 1, 3
4189, nether, betternether:nether_mushroom_forest_edge, MONSTER, realmrpg_demons:demon_lord, 2, 1, 1
4190, nether, betternether:nether_mushroom_forest_edge, MONSTER, the_awakening_of_the_elder_souls:golden_creeper, 1, 1, 1
4191, nether, betternether:nether_mushroom_forest_edge, MONSTER, the_awakening_of_the_elder_souls:golden_witch, 1, 1, 1
4192, nether, betternether:nether_mushroom_forest_edge, MONSTER, the_awakening_of_the_elder_souls:golden_zombie, 1, 1, 1
4193, nether, betternether:nether_mushroom_forest_edge, MONSTER, realmrpg_demons:imp, 10, 1, 3
4194, nether, betternether:nether_mushroom_forest_edge, MONSTER, realmrpg_demons:imp_guard, 8, 1, 3
4195, nether, betternether:nether_mushroom_forest_edge, MONSTER, mowziesmobs:grottol, 2, 1, 1
4196, nether, betternether:nether_mushroom_forest_edge, MONSTER, soulsweapons:evil_forlorn, 10, 1, 1
4197, nether, betternether:nether_mushroom_forest_edge, MONSTER, soulsweapons:withered_demon, 10, 1, 1
4198, nether, betternether:nether_mushroom_forest_edge, CREATURE, minecraft:strider, 10, 1, 2
4199, nether, betternether:nether_mushroom_forest_edge, CREATURE, alexsmobs:laviathan, 5, 1, 1
4200, nether, betternether:nether_mushroom_forest_edge, CREATURE, goblins_tyranny:wanderer_goblin, 1, 1, 1
4201, nether, betternether:nether_mushroom_forest_edge, AMBIENT, betternether:firefly, 5, 1, 3
4202, nether, betternether:nether_mushroom_forest_edge, AMBIENT, betternether:hydrogen_jellyfish, 5, 2, 6
4203, nether, betternether:nether_mushroom_forest_edge, AMBIENT, betternether:flying_pig, 0, 2, 4
4204, nether, betternether:nether_mushroom_forest_edge, AMBIENT, goblins_tyranny:coal_cave_goblin, 1, 1, 1
4205, nether, betternether:nether_mushroom_forest_edge, AMBIENT, goblins_tyranny:copper_cave_goblin, 1, 1, 1
4206, nether, betternether:nether_mushroom_forest_edge, AMBIENT, goblins_tyranny:gold_cave_goblin, 1, 1, 1
4207, nether, betternether:nether_mushroom_forest_edge, AMBIENT, goblins_tyranny:iron_cave_goblin, 1, 1, 1
4208, nether, betternether:nether_swampland, MONSTER, minecraft:ghast, 0, 4, 4
4209, nether, betternether:nether_swampland, MONSTER, minecraft:zombified_piglin, 0, 4, 4
4210, nether, betternether:nether_swampland, MONSTER, minecraft:magma_cube, 10, 4, 4
4211, nether, betternether:nether_swampland, MONSTER, betternether:skull, 2, 2, 4
4212, nether, betternether:nether_swampland, MONSTER, minecraft:enderman, 0, 4, 4
4213, nether, betternether:nether_swampland, MONSTER, minecraft:piglin, 0, 4, 4
4214, nether, betternether:nether_swampland, MONSTER, minecraft:hoglin, 0, 1, 2
4215, nether, betternether:nether_swampland, MONSTER, betternether:naga, 8, 3, 5
4216, nether, betternether:nether_swampland, MONSTER, betternether:jungle_skeleton, 0, 2, 4
4217, nether, betternether:nether_swampland, MONSTER, minecraft:piglin_brute, 0, 1, 1
4218, nether, betternether:nether_swampland, MONSTER, alexsmobs:bone_serpent, 5, 1, 1
4219, nether, betternether:nether_swampland, MONSTER, alexsmobs:farseer, 5, 1, 1
4220, nether, betternether:nether_swampland, MONSTER, realmrpg_demons:chort, 1, 1, 3
4221, nether, betternether:nether_swampland, MONSTER, realmrpg_demons:demon, 8, 1, 3
4222, nether, betternether:nether_swampland, MONSTER, realmrpg_demons:demon_lord, 2, 1, 1
4223, nether, betternether:nether_swampland, MONSTER, the_awakening_of_the_elder_souls:golden_creeper, 1, 1, 1
4224, nether, betternether:nether_swampland, MONSTER, the_awakening_of_the_elder_souls:golden_witch, 1, 1, 1
4225, nether, betternether:nether_swampland, MONSTER, the_awakening_of_the_elder_souls:golden_zombie, 1, 1, 1
4226, nether, betternether:nether_swampland, MONSTER, realmrpg_demons:imp, 10, 1, 3
4227, nether, betternether:nether_swampland, MONSTER, realmrpg_demons:imp_guard, 8, 1, 3
4228, nether, betternether:nether_swampland, MONSTER, mowziesmobs:grottol, 2, 1, 1
4229, nether, betternether:nether_swampland, MONSTER, soulsweapons:evil_forlorn, 10, 1, 1
4230, nether, betternether:nether_swampland, MONSTER, soulsweapons:withered_demon, 10, 1, 1
4231, nether, betternether:nether_swampland, CREATURE, minecraft:strider, 10, 1, 2
4232, nether, betternether:nether_swampland, CREATURE, alexsmobs:laviathan, 5, 1, 1
4233, nether, betternether:nether_swampland, CREATURE, goblins_tyranny:wanderer_goblin, 1, 1, 1
4234, nether, betternether:nether_swampland, AMBIENT, betternether:firefly, 5, 1, 3
4235, nether, betternether:nether_swampland, AMBIENT, betternether:hydrogen_jellyfish, 5, 2, 6
4236, nether, betternether:nether_swampland, AMBIENT, betternether:flying_pig, 0, 2, 4
4237, nether, betternether:nether_swampland, AMBIENT, goblins_tyranny:coal_cave_goblin, 1, 1, 1
4238, nether, betternether:nether_swampland, AMBIENT, goblins_tyranny:copper_cave_goblin, 1, 1, 1
4239, nether, betternether:nether_swampland, AMBIENT, goblins_tyranny:gold_cave_goblin, 1, 1, 1
4240, nether, betternether:nether_swampland, AMBIENT, goblins_tyranny:iron_cave_goblin, 1, 1, 1
4241, nether, betternether:nether_swampland_terraces, MONSTER, minecraft:ghast, 0, 4, 4
4242, nether, betternether:nether_swampland_terraces, MONSTER, minecraft:zombified_piglin, 0, 4, 4
4243, nether, betternether:nether_swampland_terraces, MONSTER, minecraft:magma_cube, 10, 4, 4
4244, nether, betternether:nether_swampland_terraces, MONSTER, betternether:skull, 2, 2, 4
4245, nether, betternether:nether_swampland_terraces, MONSTER, minecraft:enderman, 0, 4, 4
4246, nether, betternether:nether_swampland_terraces, MONSTER, minecraft:piglin, 0, 4, 4
4247, nether, betternether:nether_swampland_terraces, MONSTER, minecraft:hoglin, 0, 1, 2
4248, nether, betternether:nether_swampland_terraces, MONSTER, betternether:naga, 8, 3, 5
4249, nether, betternether:nether_swampland_terraces, MONSTER, betternether:jungle_skeleton, 0, 2, 4
4250, nether, betternether:nether_swampland_terraces, MONSTER, minecraft:piglin_brute, 0, 1, 1
4251, nether, betternether:nether_swampland_terraces, MONSTER, alexsmobs:bone_serpent, 5, 1, 1
4252, nether, betternether:nether_swampland_terraces, MONSTER, alexsmobs:farseer, 5, 1, 1
4253, nether, betternether:nether_swampland_terraces, MONSTER, realmrpg_demons:chort, 1, 1, 3
4254, nether, betternether:nether_swampland_terraces, MONSTER, realmrpg_demons:demon, 8, 1, 3
4255, nether, betternether:nether_swampland_terraces, MONSTER, realmrpg_demons:demon_lord, 2, 1, 1
4256, nether, betternether:nether_swampland_terraces, MONSTER, the_awakening_of_the_elder_souls:golden_creeper, 1, 1, 1
4257, nether, betternether:nether_swampland_terraces, MONSTER, the_awakening_of_the_elder_souls:golden_witch, 1, 1, 1
4258, nether, betternether:nether_swampland_terraces, MONSTER, the_awakening_of_the_elder_souls:golden_zombie, 1, 1, 1
4259, nether, betternether:nether_swampland_terraces, MONSTER, realmrpg_demons:imp, 10, 1, 3
4260, nether, betternether:nether_swampland_terraces, MONSTER, realmrpg_demons:imp_guard, 8, 1, 3
4261, nether, betternether:nether_swampland_terraces, MONSTER, mowziesmobs:grottol, 2, 1, 1
4262, nether, betternether:nether_swampland_terraces, MONSTER, soulsweapons:evil_forlorn, 10, 1, 1
4263, nether, betternether:nether_swampland_terraces, MONSTER, soulsweapons:withered_demon, 10, 1, 1
4264, nether, betternether:nether_swampland_terraces, CREATURE, minecraft:strider, 10, 1, 2
4265, nether, betternether:nether_swampland_terraces, CREATURE, alexsmobs:laviathan, 5, 1, 1
4266, nether, betternether:nether_swampland_terraces, CREATURE, goblins_tyranny:wanderer_goblin, 1, 1, 1
4267, nether, betternether:nether_swampland_terraces, AMBIENT, betternether:firefly, 5, 1, 3
4268, nether, betternether:nether_swampland_terraces, AMBIENT, betternether:hydrogen_jellyfish, 5, 2, 6
4269, nether, betternether:nether_swampland_terraces, AMBIENT, betternether:flying_pig, 0, 2, 4
4270, nether, betternether:nether_swampland_terraces, AMBIENT, goblins_tyranny:coal_cave_goblin, 1, 1, 1
4271, nether, betternether:nether_swampland_terraces, AMBIENT, goblins_tyranny:copper_cave_goblin, 1, 1, 1
4272, nether, betternether:nether_swampland_terraces, AMBIENT, goblins_tyranny:gold_cave_goblin, 1, 1, 1
4273, nether, betternether:nether_swampland_terraces, AMBIENT, goblins_tyranny:iron_cave_goblin, 1, 1, 1
4274, nether, minecraft:nether_wastes, MONSTER, minecraft:ghast, 10, 4, 4
4275, nether, minecraft:nether_wastes, MONSTER, minecraft:zombified_piglin, 10, 4, 4
4276, nether, minecraft:nether_wastes, MONSTER, minecraft:magma_cube, 2, 4, 4
4277, nether, minecraft:nether_wastes, MONSTER, minecraft:enderman, 1, 4, 4
4278, nether, minecraft:nether_wastes, MONSTER, minecraft:piglin, 10, 4, 4
4279, nether, minecraft:nether_wastes, MONSTER, alexsmobs:bone_serpent, 5, 1, 1
4280, nether, minecraft:nether_wastes, MONSTER, alexsmobs:dropbear, 5, 1, 1
4281, nether, minecraft:nether_wastes, MONSTER, alexsmobs:farseer, 5, 1, 1
4282, nether, minecraft:nether_wastes, MONSTER, realmrpg_demons:chort, 1, 1, 3
4283, nether, minecraft:nether_wastes, MONSTER, faded_conquest_2:demon, 10, 1, 3
4284, nether, minecraft:nether_wastes, MONSTER, realmrpg_demons:demon, 8, 1, 3
4285, nether, minecraft:nether_wastes, MONSTER, realmrpg_demons:demon_lord, 2, 1, 1
4286, nether, minecraft:nether_wastes, MONSTER, the_awakening_of_the_elder_souls:golden_creeper, 1, 1, 1
4287, nether, minecraft:nether_wastes, MONSTER, the_awakening_of_the_elder_souls:golden_witch, 1, 1, 1
4288, nether, minecraft:nether_wastes, MONSTER, the_awakening_of_the_elder_souls:golden_zombie, 1, 1, 1
4289, nether, minecraft:nether_wastes, MONSTER, realmrpg_demons:imp, 10, 1, 3
4290, nether, minecraft:nether_wastes, MONSTER, realmrpg_demons:imp_guard, 8, 1, 3
4291, nether, minecraft:nether_wastes, MONSTER, mowziesmobs:grottol, 2, 1, 1
4292, nether, minecraft:nether_wastes, MONSTER, soulsweapons:evil_forlorn, 10, 1, 1
4293, nether, minecraft:nether_wastes, MONSTER, soulsweapons:withered_demon, 10, 1, 1
4294, nether, minecraft:nether_wastes, MONSTER, betternether:naga, 8, 3, 5
4295, nether, minecraft:nether_wastes, CREATURE, minecraft:strider, 10, 1, 2
4296, nether, minecraft:nether_wastes, CREATURE, alexsmobs:laviathan, 5, 1, 1
4297, nether, minecraft:nether_wastes, CREATURE, goblins_tyranny:wanderer_goblin, 1, 1, 1
4298, nether, minecraft:nether_wastes, AMBIENT, goblins_tyranny:coal_cave_goblin, 1, 1, 1
4299, nether, minecraft:nether_wastes, AMBIENT, goblins_tyranny:copper_cave_goblin, 1, 1, 1
4300, nether, minecraft:nether_wastes, AMBIENT, goblins_tyranny:gold_cave_goblin, 1, 1, 1
4301, nether, minecraft:nether_wastes, AMBIENT, goblins_tyranny:iron_cave_goblin, 1, 1, 1
4302, nether, minecraft:nether_wastes, AMBIENT, betternether:firefly, 5, 1, 3
4303, nether, minecraft:nether_wastes, AMBIENT, betternether:hydrogen_jellyfish, 5, 2, 6
4304, none, the_awakening_of_the_elder_souls:nightfall_forest, MONSTER, alexsmobs:farseer, 5, 1, 1
4305, none, the_awakening_of_the_elder_souls:nightfall_forest, MONSTER, realmrpg_demons:chort, 1, 1, 3
4306, none, the_awakening_of_the_elder_souls:nightfall_forest, MONSTER, realmrpg_demons:demon, 8, 1, 3
4307, none, the_awakening_of_the_elder_souls:nightfall_forest, MONSTER, realmrpg_demons:demon_lord, 2, 1, 1
4308, none, the_awakening_of_the_elder_souls:nightfall_forest, MONSTER, the_awakening_of_the_elder_souls:golden_creeper, 1, 1, 1
4309, none, the_awakening_of_the_elder_souls:nightfall_forest, MONSTER, the_awakening_of_the_elder_souls:golden_witch, 1, 1, 1
4310, none, the_awakening_of_the_elder_souls:nightfall_forest, MONSTER, the_awakening_of_the_elder_souls:golden_zombie, 1, 1, 1
4311, none, the_awakening_of_the_elder_souls:nightfall_forest, MONSTER, realmrpg_demons:imp, 10, 1, 3
4312, none, the_awakening_of_the_elder_souls:nightfall_forest, MONSTER, realmrpg_demons:imp_guard, 8, 1, 3
4313, none, the_awakening_of_the_elder_souls:nightfall_forest, MONSTER, mowziesmobs:grottol, 2, 1, 1
4314, none, the_awakening_of_the_elder_souls:nightfall_forest, CREATURE, the_awakening_of_the_elder_souls:deer_spectrum, 10, 1, 1
4315, none, the_awakening_of_the_elder_souls:nightfall_forest, CREATURE, the_awakening_of_the_elder_souls:moon_pig, 10, 1, 3
4316, none, the_awakening_of_the_elder_souls:nightfall_forest, CREATURE, goblins_tyranny:wanderer_goblin, 1, 1, 1
4317, none, the_awakening_of_the_elder_souls:nightfall_forest, AMBIENT, goblins_tyranny:coal_cave_goblin, 1, 1, 1
4318, none, the_awakening_of_the_elder_souls:nightfall_forest, AMBIENT, goblins_tyranny:copper_cave_goblin, 1, 1, 1
4319, none, the_awakening_of_the_elder_souls:nightfall_forest, AMBIENT, goblins_tyranny:gold_cave_goblin, 1, 1, 1
4320, none, the_awakening_of_the_elder_souls:nightfall_forest, AMBIENT, goblins_tyranny:iron_cave_goblin, 1, 1, 1
4321, ocean, minecraft:ocean, MONSTER, minecraft:spider, 10, 4, 4
4322, ocean, minecraft:ocean, MONSTER, minecraft:zombie, 10, 4, 4
4323, ocean, minecraft:ocean, MONSTER, minecraft:zombie_villager, 5, 1, 1
4324, ocean, minecraft:ocean, MONSTER, minecraft:skeleton, 10, 4, 4
4325, ocean, minecraft:ocean, MONSTER, minecraft:creeper, 10, 4, 4
4326, ocean, minecraft:ocean, MONSTER, minecraft:slime, 10, 4, 4
4327, ocean, minecraft:ocean, MONSTER, minecraft:enderman, 10, 1, 4
4328, ocean, minecraft:ocean, MONSTER, minecraft:witch, 5, 1, 1
4329, ocean, minecraft:ocean, MONSTER, minecraft:drowned, 5, 1, 1
4330, ocean, minecraft:ocean, MONSTER, alexsmobs:farseer, 5, 1, 1
4331, ocean, minecraft:ocean, MONSTER, cataclysm:deepling, 1, 1, 1
4332, ocean, minecraft:ocean, MONSTER, cataclysm:deepling_angler, 1, 1, 1
4333, ocean, minecraft:ocean, MONSTER, cataclysm:deepling_brute, 1, 1, 1
4334, ocean, minecraft:ocean, MONSTER, cataclysm:deepling_priest, 1, 1, 1
4335, ocean, minecraft:ocean, MONSTER, cataclysm:deepling_warlock, 1, 1, 1
4336, ocean, minecraft:ocean, MONSTER, cataclysm:coral_golem, 1, 1, 1
4337, ocean, minecraft:ocean, MONSTER, realmrpg_demons:chort, 1, 1, 3
4338, ocean, minecraft:ocean, MONSTER, realmrpg_demons:demon, 8, 1, 3
4339, ocean, minecraft:ocean, MONSTER, realmrpg_demons:demon_lord, 2, 1, 1
4340, ocean, minecraft:ocean, MONSTER, mythicmobs:chupacabra, 5, 1, 1
4341, ocean, minecraft:ocean, MONSTER, the_awakening_of_the_elder_souls:golden_creeper, 1, 1, 1
4342, ocean, minecraft:ocean, MONSTER, the_awakening_of_the_elder_souls:golden_witch, 1, 1, 1
4343, ocean, minecraft:ocean, MONSTER, the_awakening_of_the_elder_souls:golden_zombie, 1, 1, 1
4344, ocean, minecraft:ocean, MONSTER, realmrpg_demons:imp, 10, 1, 3
4345, ocean, minecraft:ocean, MONSTER, realmrpg_demons:imp_guard, 8, 1, 3
4346, ocean, minecraft:ocean, MONSTER, mowziesmobs:grottol, 2, 1, 1
4347, ocean, minecraft:ocean, MONSTER, irons_spellbooks:necromancer, 1, 1, 1
4348, ocean, minecraft:ocean, MONSTER, eidolon:wraith, 1, 1, 3
4349, ocean, minecraft:ocean, MONSTER, eidolon:zombie_brute, 1, 1, 3
4350, ocean, minecraft:ocean, CREATURE, valoria:goblin, 10, 1, 2
4351, ocean, minecraft:ocean, CREATURE, mythicmobs:drake, 5, 1, 4
4352, ocean, minecraft:ocean, CREATURE, mythicmobs:kobold, 5, 3, 6
4353, ocean, minecraft:ocean, CREATURE, mythicmobs:kobold_warrior, 5, 1, 3
4354, ocean, minecraft:ocean, CREATURE, mythicmobs:mushroom_thing, 5, 3, 5
4355, ocean, minecraft:ocean, CREATURE, goblins_tyranny:wanderer_goblin, 1, 1, 1
4356, ocean, minecraft:ocean, AMBIENT, minecraft:bat, 10, 8, 8
4357, ocean, minecraft:ocean, AMBIENT, alexsmobs:fly, 5, 2, 3
4358, ocean, minecraft:ocean, AMBIENT, goblins_tyranny:coal_cave_goblin, 1, 1, 1
4359, ocean, minecraft:ocean, AMBIENT, goblins_tyranny:copper_cave_goblin, 1, 1, 1
4360, ocean, minecraft:ocean, AMBIENT, goblins_tyranny:gold_cave_goblin, 1, 1, 1
4361, ocean, minecraft:ocean, AMBIENT, goblins_tyranny:iron_cave_goblin, 1, 1, 1
4362, ocean, minecraft:ocean, UNDERGROUND_WATER_CREATURE, minecraft:glow_squid, 10, 4, 6
4363, ocean, minecraft:ocean, WATER_CREATURE, minecraft:squid, 1, 1, 4
4364, ocean, minecraft:ocean, WATER_CREATURE, minecraft:dolphin, 1, 1, 2
4365, ocean, minecraft:ocean, WATER_AMBIENT, minecraft:cod, 10, 3, 6
4366, ocean, minecraft:ocean, WATER_AMBIENT, alexsmobs:devils_hole_pupfish, 5, 5, 12
4367, ocean, minecraft:ocean, WATER_AMBIENT, alexsmobs:flying_fish, 5, 3, 6
4368, nether, betternether:old_fungiwoods, MONSTER, minecraft:ghast, 10, 4, 4
4369, nether, betternether:old_fungiwoods, MONSTER, minecraft:zombified_piglin, 10, 4, 4
4370, nether, betternether:old_fungiwoods, MONSTER, minecraft:magma_cube, 2, 4, 4
4371, nether, betternether:old_fungiwoods, MONSTER, betternether:skull, 2, 2, 4
4372, nether, betternether:old_fungiwoods, MONSTER, minecraft:enderman, 1, 4, 4
4373, nether, betternether:old_fungiwoods, MONSTER, minecraft:piglin, 10, 4, 4
4374, nether, betternether:old_fungiwoods, MONSTER, minecraft:hoglin, 0, 1, 2
4375, nether, betternether:old_fungiwoods, MONSTER, betternether:naga, 8, 3, 5
4376, nether, betternether:old_fungiwoods, MONSTER, betternether:jungle_skeleton, 0, 2, 4
4377, nether, betternether:old_fungiwoods, MONSTER, minecraft:piglin_brute, 0, 1, 1
4378, nether, betternether:old_fungiwoods, MONSTER, alexsmobs:bone_serpent, 5, 1, 1
4379, nether, betternether:old_fungiwoods, MONSTER, alexsmobs:farseer, 5, 1, 1
4380, nether, betternether:old_fungiwoods, MONSTER, realmrpg_demons:chort, 1, 1, 3
4381, nether, betternether:old_fungiwoods, MONSTER, realmrpg_demons:demon, 8, 1, 3
4382, nether, betternether:old_fungiwoods, MONSTER, realmrpg_demons:demon_lord, 2, 1, 1
4383, nether, betternether:old_fungiwoods, MONSTER, the_awakening_of_the_elder_souls:golden_creeper, 1, 1, 1
4384, nether, betternether:old_fungiwoods, MONSTER, the_awakening_of_the_elder_souls:golden_witch, 1, 1, 1
4385, nether, betternether:old_fungiwoods, MONSTER, the_awakening_of_the_elder_souls:golden_zombie, 1, 1, 1
4386, nether, betternether:old_fungiwoods, MONSTER, realmrpg_demons:imp, 10, 1, 3
4387, nether, betternether:old_fungiwoods, MONSTER, realmrpg_demons:imp_guard, 8, 1, 3
4388, nether, betternether:old_fungiwoods, MONSTER, mowziesmobs:grottol, 2, 1, 1
4389, nether, betternether:old_fungiwoods, MONSTER, soulsweapons:evil_forlorn, 10, 1, 1
4390, nether, betternether:old_fungiwoods, MONSTER, soulsweapons:withered_demon, 10, 1, 1
4391, nether, betternether:old_fungiwoods, CREATURE, minecraft:strider, 10, 1, 2
4392, nether, betternether:old_fungiwoods, CREATURE, alexsmobs:laviathan, 5, 1, 1
4393, nether, betternether:old_fungiwoods, CREATURE, goblins_tyranny:wanderer_goblin, 1, 1, 1
4394, nether, betternether:old_fungiwoods, AMBIENT, betternether:firefly, 5, 1, 3
4395, nether, betternether:old_fungiwoods, AMBIENT, betternether:hydrogen_jellyfish, 5, 2, 6
4396, nether, betternether:old_fungiwoods, AMBIENT, betternether:flying_pig, 0, 2, 4
4397, nether, betternether:old_fungiwoods, AMBIENT, goblins_tyranny:coal_cave_goblin, 1, 1, 1
4398, nether, betternether:old_fungiwoods, AMBIENT, goblins_tyranny:copper_cave_goblin, 1, 1, 1
4399, nether, betternether:old_fungiwoods, AMBIENT, goblins_tyranny:gold_cave_goblin, 1, 1, 1
4400, nether, betternether:old_fungiwoods, AMBIENT, goblins_tyranny:iron_cave_goblin, 1, 1, 1
4401, forest, minecraft:old_growth_birch_forest, MONSTER, minecraft:spider, 10, 4, 4
4402, forest, minecraft:old_growth_birch_forest, MONSTER, minecraft:zombie, 10, 4, 4
4403, forest, minecraft:old_growth_birch_forest, MONSTER, minecraft:zombie_villager, 5, 1, 1
4404, forest, minecraft:old_growth_birch_forest, MONSTER, minecraft:skeleton, 10, 4, 4
4405, forest, minecraft:old_growth_birch_forest, MONSTER, minecraft:creeper, 10, 4, 4
4406, forest, minecraft:old_growth_birch_forest, MONSTER, minecraft:slime, 10, 4, 4
4407, forest, minecraft:old_growth_birch_forest, MONSTER, minecraft:enderman, 10, 1, 4
4408, forest, minecraft:old_growth_birch_forest, MONSTER, minecraft:witch, 5, 1, 1
4409, forest, minecraft:old_growth_birch_forest, MONSTER, alexsmobs:centipede_head, 5, 1, 1
4410, forest, minecraft:old_growth_birch_forest, MONSTER, alexsmobs:farseer, 5, 1, 1
4411, forest, minecraft:old_growth_birch_forest, MONSTER, alexsmobs:murmur, 5, 1, 1
4412, forest, minecraft:old_growth_birch_forest, MONSTER, realmrpg_demons:chort, 1, 1, 3
4413, forest, minecraft:old_growth_birch_forest, MONSTER, realmrpg_demons:demon, 8, 1, 3
4414, forest, minecraft:old_growth_birch_forest, MONSTER, realmrpg_demons:demon_lord, 2, 1, 1
4415, forest, minecraft:old_growth_birch_forest, MONSTER, mythicmobs:chupacabra, 5, 1, 1
4416, forest, minecraft:old_growth_birch_forest, MONSTER, the_awakening_of_the_elder_souls:golden_creeper, 1, 1, 1
4417, forest, minecraft:old_growth_birch_forest, MONSTER, the_awakening_of_the_elder_souls:golden_witch, 1, 1, 1
4418, forest, minecraft:old_growth_birch_forest, MONSTER, the_awakening_of_the_elder_souls:golden_zombie, 1, 1, 1
4419, forest, minecraft:old_growth_birch_forest, MONSTER, iceandfire:troll, 10, 1, 3
4420, forest, minecraft:old_growth_birch_forest, MONSTER, realmrpg_demons:imp, 10, 1, 3
4421, forest, minecraft:old_growth_birch_forest, MONSTER, realmrpg_demons:imp_guard, 8, 1, 3
4422, forest, minecraft:old_growth_birch_forest, MONSTER, mowziesmobs:grottol, 2, 1, 1
4423, forest, minecraft:old_growth_birch_forest, MONSTER, irons_spellbooks:necromancer, 1, 1, 1
4424, forest, minecraft:old_growth_birch_forest, MONSTER, eidolon:wraith, 1, 1, 3
4425, forest, minecraft:old_growth_birch_forest, MONSTER, eidolon:zombie_brute, 1, 1, 3
4426, forest, minecraft:old_growth_birch_forest, CREATURE, minecraft:sheep, 10, 4, 4
4427, forest, minecraft:old_growth_birch_forest, CREATURE, minecraft:pig, 10, 4, 4
4428, forest, minecraft:old_growth_birch_forest, CREATURE, minecraft:chicken, 10, 4, 4
4429, forest, minecraft:old_growth_birch_forest, CREATURE, minecraft:cow, 8, 4, 4
4430, forest, minecraft:old_growth_birch_forest, CREATURE, valoria:goblin, 10, 1, 2
4431, forest, minecraft:old_growth_birch_forest, CREATURE, alexsmobs:grizzly_bear, 5, 2, 3
4432, forest, minecraft:old_growth_birch_forest, CREATURE, alexsmobs:raccoon, 5, 2, 4
4433, forest, minecraft:old_growth_birch_forest, CREATURE, alexsmobs:crow, 5, 3, 5
4434, forest, minecraft:old_growth_birch_forest, CREATURE, alexsmobs:tasmanian_devil, 5, 1, 2
4435, forest, minecraft:old_growth_birch_forest, CREATURE, alexsmobs:sugar_glider, 5, 2, 4
4436, forest, minecraft:old_growth_birch_forest, CREATURE, alexsmobs:skunk, 5, 1, 2
4437, forest, minecraft:old_growth_birch_forest, CREATURE, alexsmobs:blue_jay, 5, 2, 4
4438, forest, minecraft:old_growth_birch_forest, CREATURE, mythicmobs:drake, 5, 1, 4
4439, forest, minecraft:old_growth_birch_forest, CREATURE, mythicmobs:kobold, 5, 3, 6
4440, forest, minecraft:old_growth_birch_forest, CREATURE, mythicmobs:kobold_warrior, 5, 1, 3
4441, forest, minecraft:old_growth_birch_forest, CREATURE, mythicmobs:mushroom_thing, 5, 3, 5
4442, forest, minecraft:old_growth_birch_forest, CREATURE, eidolon:raven, 1, 2, 4
4443, forest, minecraft:old_growth_birch_forest, CREATURE, eidolon:slimy_slug, 1, 2, 5
4444, forest, minecraft:old_growth_birch_forest, CREATURE, goblins_tyranny:wanderer_goblin, 1, 1, 1
4445, forest, minecraft:old_growth_birch_forest, AMBIENT, minecraft:bat, 10, 8, 8
4446, forest, minecraft:old_growth_birch_forest, AMBIENT, alexsmobs:fly, 5, 2, 3
4447, forest, minecraft:old_growth_birch_forest, AMBIENT, alexsmobs:cockroach, 5, 5, 5
4448, forest, minecraft:old_growth_birch_forest, AMBIENT, goblins_tyranny:coal_cave_goblin, 1, 1, 1
4449, forest, minecraft:old_growth_birch_forest, AMBIENT, goblins_tyranny:copper_cave_goblin, 1, 1, 1
4450, forest, minecraft:old_growth_birch_forest, AMBIENT, goblins_tyranny:gold_cave_goblin, 1, 1, 1
4451, forest, minecraft:old_growth_birch_forest, AMBIENT, goblins_tyranny:iron_cave_goblin, 1, 1, 1
4452, forest, minecraft:old_growth_birch_forest, UNDERGROUND_WATER_CREATURE, minecraft:glow_squid, 10, 4, 6
4453, forest, minecraft:old_growth_birch_forest, WATER_AMBIENT, alexsmobs:devils_hole_pupfish, 5, 5, 12
4454, taiga, minecraft:old_growth_pine_taiga, MONSTER, minecraft:spider, 10, 4, 4
4455, taiga, minecraft:old_growth_pine_taiga, MONSTER, minecraft:zombie, 10, 4, 4
4456, taiga, minecraft:old_growth_pine_taiga, MONSTER, minecraft:zombie_villager, 10, 1, 1
4457, taiga, minecraft:old_growth_pine_taiga, MONSTER, minecraft:skeleton, 10, 4, 4
4458, taiga, minecraft:old_growth_pine_taiga, MONSTER, minecraft:creeper, 10, 4, 4
4459, taiga, minecraft:old_growth_pine_taiga, MONSTER, minecraft:slime, 10, 4, 4
4460, taiga, minecraft:old_growth_pine_taiga, MONSTER, minecraft:enderman, 10, 1, 4
4461, taiga, minecraft:old_growth_pine_taiga, MONSTER, minecraft:witch, 5, 1, 1
4462, taiga, minecraft:old_growth_pine_taiga, MONSTER, alexsmobs:centipede_head, 5, 1, 1
4463, taiga, minecraft:old_growth_pine_taiga, MONSTER, alexsmobs:farseer, 5, 1, 1
4464, taiga, minecraft:old_growth_pine_taiga, MONSTER, alexsmobs:murmur, 5, 1, 1
4465, taiga, minecraft:old_growth_pine_taiga, MONSTER, realmrpg_demons:chort, 1, 1, 3
4466, taiga, minecraft:old_growth_pine_taiga, MONSTER, realmrpg_demons:demon, 8, 1, 3
4467, taiga, minecraft:old_growth_pine_taiga, MONSTER, realmrpg_demons:demon_lord, 2, 1, 1
4468, taiga, minecraft:old_growth_pine_taiga, MONSTER, mythicmobs:chupacabra, 5, 1, 1
4469, taiga, minecraft:old_growth_pine_taiga, MONSTER, the_awakening_of_the_elder_souls:golden_creeper, 1, 1, 1
4470, taiga, minecraft:old_growth_pine_taiga, MONSTER, the_awakening_of_the_elder_souls:golden_witch, 1, 1, 1
4471, taiga, minecraft:old_growth_pine_taiga, MONSTER, the_awakening_of_the_elder_souls:golden_zombie, 1, 1, 1
4472, taiga, minecraft:old_growth_pine_taiga, MONSTER, realmrpg_demons:imp, 10, 1, 3
4473, taiga, minecraft:old_growth_pine_taiga, MONSTER, realmrpg_demons:imp_guard, 8, 1, 3
4474, taiga, minecraft:old_growth_pine_taiga, MONSTER, mowziesmobs:grottol, 2, 1, 1
4475, taiga, minecraft:old_growth_pine_taiga, MONSTER, irons_spellbooks:necromancer, 1, 1, 1
4476, taiga, minecraft:old_growth_pine_taiga, MONSTER, eidolon:wraith, 1, 1, 3
4477, taiga, minecraft:old_growth_pine_taiga, MONSTER, eidolon:zombie_brute, 1, 1, 3
4478, taiga, minecraft:old_growth_pine_taiga, CREATURE, minecraft:sheep, 10, 4, 4
4479, taiga, minecraft:old_growth_pine_taiga, CREATURE, minecraft:pig, 10, 4, 4
4480, taiga, minecraft:old_growth_pine_taiga, CREATURE, minecraft:chicken, 10, 4, 4
4481, taiga, minecraft:old_growth_pine_taiga, CREATURE, minecraft:cow, 8, 4, 4
4482, taiga, minecraft:old_growth_pine_taiga, CREATURE, minecraft:wolf, 8, 4, 4
4483, taiga, minecraft:old_growth_pine_taiga, CREATURE, minecraft:rabbit, 4, 2, 3
4484, taiga, minecraft:old_growth_pine_taiga, CREATURE, minecraft:fox, 8, 2, 4
4485, taiga, minecraft:old_growth_pine_taiga, CREATURE, valoria:goblin, 10, 1, 2
4486, taiga, minecraft:old_growth_pine_taiga, CREATURE, alexsmobs:grizzly_bear, 5, 2, 3
4487, taiga, minecraft:old_growth_pine_taiga, CREATURE, alexsmobs:raccoon, 5, 2, 4
4488, taiga, minecraft:old_growth_pine_taiga, CREATURE, alexsmobs:crow, 5, 3, 5
4489, taiga, minecraft:old_growth_pine_taiga, CREATURE, alexsmobs:banana_slug, 5, 2, 3
4490, taiga, minecraft:old_growth_pine_taiga, CREATURE, alexsmobs:blue_jay, 5, 2, 4
4491, taiga, minecraft:old_growth_pine_taiga, CREATURE, mythicmobs:drake, 5, 1, 4
4492, taiga, minecraft:old_growth_pine_taiga, CREATURE, mythicmobs:kobold, 5, 3, 6
4493, taiga, minecraft:old_growth_pine_taiga, CREATURE, mythicmobs:kobold_warrior, 5, 1, 3
4494, taiga, minecraft:old_growth_pine_taiga, CREATURE, mythicmobs:mushroom_thing, 5, 3, 5
4495, taiga, minecraft:old_growth_pine_taiga, CREATURE, eidolon:slimy_slug, 1, 2, 3
4496, taiga, minecraft:old_growth_pine_taiga, CREATURE, goblins_tyranny:wanderer_goblin, 1, 1, 1
4497, taiga, minecraft:old_growth_pine_taiga, AMBIENT, minecraft:bat, 10, 8, 8
4498, taiga, minecraft:old_growth_pine_taiga, AMBIENT, alexsmobs:fly, 5, 2, 3
4499, taiga, minecraft:old_growth_pine_taiga, AMBIENT, alexsmobs:cockroach, 5, 5, 5
4500, taiga, minecraft:old_growth_pine_taiga, AMBIENT, goblins_tyranny:coal_cave_goblin, 1, 1, 1
4501, taiga, minecraft:old_growth_pine_taiga, AMBIENT, goblins_tyranny:copper_cave_goblin, 1, 1, 1
4502, taiga, minecraft:old_growth_pine_taiga, AMBIENT, goblins_tyranny:gold_cave_goblin, 1, 1, 1
4503, taiga, minecraft:old_growth_pine_taiga, AMBIENT, goblins_tyranny:iron_cave_goblin, 1, 1, 1
4504, taiga, minecraft:old_growth_pine_taiga, UNDERGROUND_WATER_CREATURE, minecraft:glow_squid, 10, 4, 6
4505, taiga, minecraft:old_growth_pine_taiga, WATER_AMBIENT, alexsmobs:devils_hole_pupfish, 5, 5, 12
4506, taiga, minecraft:old_growth_spruce_taiga, MONSTER, minecraft:spider, 10, 4, 4
4507, taiga, minecraft:old_growth_spruce_taiga, MONSTER, minecraft:zombie, 10, 4, 4
4508, taiga, minecraft:old_growth_spruce_taiga, MONSTER, minecraft:zombie_villager, 5, 1, 1
4509, taiga, minecraft:old_growth_spruce_taiga, MONSTER, minecraft:skeleton, 10, 4, 4
4510, taiga, minecraft:old_growth_spruce_taiga, MONSTER, minecraft:creeper, 10, 4, 4
4511, taiga, minecraft:old_growth_spruce_taiga, MONSTER, minecraft:slime, 10, 4, 4
4512, taiga, minecraft:old_growth_spruce_taiga, MONSTER, minecraft:enderman, 10, 1, 4
4513, taiga, minecraft:old_growth_spruce_taiga, MONSTER, minecraft:witch, 5, 1, 1
4514, taiga, minecraft:old_growth_spruce_taiga, MONSTER, alexsmobs:centipede_head, 5, 1, 1
4515, taiga, minecraft:old_growth_spruce_taiga, MONSTER, alexsmobs:farseer, 5, 1, 1
4516, taiga, minecraft:old_growth_spruce_taiga, MONSTER, alexsmobs:murmur, 5, 1, 1
4517, taiga, minecraft:old_growth_spruce_taiga, MONSTER, realmrpg_demons:chort, 1, 1, 3
4518, taiga, minecraft:old_growth_spruce_taiga, MONSTER, realmrpg_demons:demon, 8, 1, 3
4519, taiga, minecraft:old_growth_spruce_taiga, MONSTER, realmrpg_demons:demon_lord, 2, 1, 1
4520, taiga, minecraft:old_growth_spruce_taiga, MONSTER, mythicmobs:chupacabra, 5, 1, 1
4521, taiga, minecraft:old_growth_spruce_taiga, MONSTER, the_awakening_of_the_elder_souls:golden_creeper, 1, 1, 1
4522, taiga, minecraft:old_growth_spruce_taiga, MONSTER, the_awakening_of_the_elder_souls:golden_witch, 1, 1, 1
4523, taiga, minecraft:old_growth_spruce_taiga, MONSTER, the_awakening_of_the_elder_souls:golden_zombie, 1, 1, 1
4524, taiga, minecraft:old_growth_spruce_taiga, MONSTER, realmrpg_demons:imp, 10, 1, 3
4525, taiga, minecraft:old_growth_spruce_taiga, MONSTER, realmrpg_demons:imp_guard, 8, 1, 3
4526, taiga, minecraft:old_growth_spruce_taiga, MONSTER, mowziesmobs:grottol, 2, 1, 1
4527, taiga, minecraft:old_growth_spruce_taiga, MONSTER, irons_spellbooks:necromancer, 1, 1, 1
4528, taiga, minecraft:old_growth_spruce_taiga, MONSTER, eidolon:wraith, 1, 1, 3
4529, taiga, minecraft:old_growth_spruce_taiga, MONSTER, eidolon:zombie_brute, 1, 1, 3
4530, taiga, minecraft:old_growth_spruce_taiga, CREATURE, minecraft:sheep, 10, 4, 4
4531, taiga, minecraft:old_growth_spruce_taiga, CREATURE, minecraft:pig, 10, 4, 4
4532, taiga, minecraft:old_growth_spruce_taiga, CREATURE, minecraft:chicken, 10, 4, 4
4533, taiga, minecraft:old_growth_spruce_taiga, CREATURE, minecraft:cow, 8, 4, 4
4534, taiga, minecraft:old_growth_spruce_taiga, CREATURE, minecraft:wolf, 8, 4, 4
4535, taiga, minecraft:old_growth_spruce_taiga, CREATURE, minecraft:rabbit, 4, 2, 3
4536, taiga, minecraft:old_growth_spruce_taiga, CREATURE, minecraft:fox, 8, 2, 4
4537, taiga, minecraft:old_growth_spruce_taiga, CREATURE, valoria:goblin, 10, 1, 2
4538, taiga, minecraft:old_growth_spruce_taiga, CREATURE, alexsmobs:grizzly_bear, 5, 2, 3
4539, taiga, minecraft:old_growth_spruce_taiga, CREATURE, alexsmobs:raccoon, 5, 2, 4
4540, taiga, minecraft:old_growth_spruce_taiga, CREATURE, alexsmobs:crow, 5, 3, 5
4541, taiga, minecraft:old_growth_spruce_taiga, CREATURE, alexsmobs:banana_slug, 5, 2, 3
4542, taiga, minecraft:old_growth_spruce_taiga, CREATURE, alexsmobs:blue_jay, 5, 2, 4
4543, taiga, minecraft:old_growth_spruce_taiga, CREATURE, mythicmobs:drake, 5, 1, 4
4544, taiga, minecraft:old_growth_spruce_taiga, CREATURE, mythicmobs:kobold, 5, 3, 6
4545, taiga, minecraft:old_growth_spruce_taiga, CREATURE, mythicmobs:kobold_warrior, 5, 1, 3
4546, taiga, minecraft:old_growth_spruce_taiga, CREATURE, mythicmobs:mushroom_thing, 5, 3, 5
4547, taiga, minecraft:old_growth_spruce_taiga, CREATURE, eidolon:slimy_slug, 1, 2, 3
4548, taiga, minecraft:old_growth_spruce_taiga, CREATURE, goblins_tyranny:wanderer_goblin, 1, 1, 1
4549, taiga, minecraft:old_growth_spruce_taiga, AMBIENT, minecraft:bat, 10, 8, 8
4550, taiga, minecraft:old_growth_spruce_taiga, AMBIENT, alexsmobs:fly, 5, 2, 3
4551, taiga, minecraft:old_growth_spruce_taiga, AMBIENT, alexsmobs:cockroach, 5, 5, 5
4552, taiga, minecraft:old_growth_spruce_taiga, AMBIENT, goblins_tyranny:coal_cave_goblin, 1, 1, 1
4553, taiga, minecraft:old_growth_spruce_taiga, AMBIENT, goblins_tyranny:copper_cave_goblin, 1, 1, 1
4554, taiga, minecraft:old_growth_spruce_taiga, AMBIENT, goblins_tyranny:gold_cave_goblin, 1, 1, 1
4555, taiga, minecraft:old_growth_spruce_taiga, AMBIENT, goblins_tyranny:iron_cave_goblin, 1, 1, 1
4556, taiga, minecraft:old_growth_spruce_taiga, UNDERGROUND_WATER_CREATURE, minecraft:glow_squid, 10, 4, 6
4557, taiga, minecraft:old_growth_spruce_taiga, WATER_AMBIENT, alexsmobs:devils_hole_pupfish, 5, 5, 12
4558, nether, betternether:old_swampland, MONSTER, minecraft:ghast, 0, 4, 4
4559, nether, betternether:old_swampland, MONSTER, minecraft:zombified_piglin, 0, 4, 4
4560, nether, betternether:old_swampland, MONSTER, minecraft:magma_cube, 10, 4, 4
4561, nether, betternether:old_swampland, MONSTER, betternether:skull, 2, 2, 4
4562, nether, betternether:old_swampland, MONSTER, minecraft:enderman, 0, 4, 4
4563, nether, betternether:old_swampland, MONSTER, minecraft:piglin, 0, 4, 4
4564, nether, betternether:old_swampland, MONSTER, minecraft:hoglin, 0, 1, 2
4565, nether, betternether:old_swampland, MONSTER, betternether:naga, 8, 3, 5
4566, nether, betternether:old_swampland, MONSTER, betternether:jungle_skeleton, 0, 2, 4
4567, nether, betternether:old_swampland, MONSTER, minecraft:piglin_brute, 0, 1, 1
4568, nether, betternether:old_swampland, MONSTER, alexsmobs:bone_serpent, 5, 1, 1
4569, nether, betternether:old_swampland, MONSTER, alexsmobs:farseer, 5, 1, 1
4570, nether, betternether:old_swampland, MONSTER, realmrpg_demons:chort, 1, 1, 3
4571, nether, betternether:old_swampland, MONSTER, realmrpg_demons:demon, 8, 1, 3
4572, nether, betternether:old_swampland, MONSTER, realmrpg_demons:demon_lord, 2, 1, 1
4573, nether, betternether:old_swampland, MONSTER, the_awakening_of_the_elder_souls:golden_creeper, 1, 1, 1
4574, nether, betternether:old_swampland, MONSTER, the_awakening_of_the_elder_souls:golden_witch, 1, 1, 1
4575, nether, betternether:old_swampland, MONSTER, the_awakening_of_the_elder_souls:golden_zombie, 1, 1, 1
4576, nether, betternether:old_swampland, MONSTER, realmrpg_demons:imp, 10, 1, 3
4577, nether, betternether:old_swampland, MONSTER, realmrpg_demons:imp_guard, 8, 1, 3
4578, nether, betternether:old_swampland, MONSTER, mowziesmobs:grottol, 2, 1, 1
4579, nether, betternether:old_swampland, MONSTER, soulsweapons:evil_forlorn, 10, 1, 1
4580, nether, betternether:old_swampland, MONSTER, soulsweapons:withered_demon, 10, 1, 1
4581, nether, betternether:old_swampland, CREATURE, minecraft:strider, 10, 1, 2
4582, nether, betternether:old_swampland, CREATURE, alexsmobs:laviathan, 5, 1, 1
4583, nether, betternether:old_swampland, CREATURE, goblins_tyranny:wanderer_goblin, 1, 1, 1
4584, nether, betternether:old_swampland, AMBIENT, betternether:firefly, 5, 1, 3
4585, nether, betternether:old_swampland, AMBIENT, betternether:hydrogen_jellyfish, 5, 2, 6
4586, nether, betternether:old_swampland, AMBIENT, betternether:flying_pig, 0, 2, 4
4587, nether, betternether:old_swampland, AMBIENT, goblins_tyranny:coal_cave_goblin, 1, 1, 1
4588, nether, betternether:old_swampland, AMBIENT, goblins_tyranny:copper_cave_goblin, 1, 1, 1
4589, nether, betternether:old_swampland, AMBIENT, goblins_tyranny:gold_cave_goblin, 1, 1, 1
4590, nether, betternether:old_swampland, AMBIENT, goblins_tyranny:iron_cave_goblin, 1, 1, 1
4591, nether, betternether:old_warped_woods, MONSTER, minecraft:ghast, 0, 4, 4
4592, nether, betternether:old_warped_woods, MONSTER, minecraft:zombified_piglin, 0, 4, 4
4593, nether, betternether:old_warped_woods, MONSTER, minecraft:magma_cube, 0, 4, 4
4594, nether, betternether:old_warped_woods, MONSTER, betternether:skull, 2, 2, 4
4595, nether, betternether:old_warped_woods, MONSTER, minecraft:enderman, 1, 4, 4
4596, nether, betternether:old_warped_woods, MONSTER, minecraft:piglin, 0, 4, 4
4597, nether, betternether:old_warped_woods, MONSTER, minecraft:hoglin, 0, 1, 2
4598, nether, betternether:old_warped_woods, MONSTER, betternether:naga, 8, 3, 5
4599, nether, betternether:old_warped_woods, MONSTER, betternether:jungle_skeleton, 0, 2, 4
4600, nether, betternether:old_warped_woods, MONSTER, minecraft:piglin_brute, 0, 1, 1
4601, nether, betternether:old_warped_woods, MONSTER, alexsmobs:bone_serpent, 5, 1, 1
4602, nether, betternether:old_warped_woods, MONSTER, alexsmobs:farseer, 5, 1, 1
4603, nether, betternether:old_warped_woods, MONSTER, realmrpg_demons:chort, 1, 1, 3
4604, nether, betternether:old_warped_woods, MONSTER, realmrpg_demons:demon, 8, 1, 3
4605, nether, betternether:old_warped_woods, MONSTER, realmrpg_demons:demon_lord, 2, 1, 1
4606, nether, betternether:old_warped_woods, MONSTER, the_awakening_of_the_elder_souls:golden_creeper, 1, 1, 1
4607, nether, betternether:old_warped_woods, MONSTER, the_awakening_of_the_elder_souls:golden_witch, 1, 1, 1
4608, nether, betternether:old_warped_woods, MONSTER, the_awakening_of_the_elder_souls:golden_zombie, 1, 1, 1
4609, nether, betternether:old_warped_woods, MONSTER, realmrpg_demons:imp, 10, 1, 3
4610, nether, betternether:old_warped_woods, MONSTER, realmrpg_demons:imp_guard, 8, 1, 3
4611, nether, betternether:old_warped_woods, MONSTER, mowziesmobs:grottol, 2, 1, 1
4612, nether, betternether:old_warped_woods, MONSTER, soulsweapons:evil_forlorn, 10, 1, 1
4613, nether, betternether:old_warped_woods, MONSTER, soulsweapons:withered_demon, 10, 1, 1
4614, nether, betternether:old_warped_woods, CREATURE, minecraft:strider, 10, 1, 2
4615, nether, betternether:old_warped_woods, CREATURE, alexsmobs:laviathan, 5, 1, 1
4616, nether, betternether:old_warped_woods, CREATURE, goblins_tyranny:wanderer_goblin, 1, 1, 1
4617, nether, betternether:old_warped_woods, AMBIENT, betternether:firefly, 5, 1, 3
4618, nether, betternether:old_warped_woods, AMBIENT, betternether:hydrogen_jellyfish, 5, 2, 6
4619, nether, betternether:old_warped_woods, AMBIENT, betternether:flying_pig, 0, 2, 4
4620, nether, betternether:old_warped_woods, AMBIENT, goblins_tyranny:coal_cave_goblin, 1, 1, 1
4621, nether, betternether:old_warped_woods, AMBIENT, goblins_tyranny:copper_cave_goblin, 1, 1, 1
4622, nether, betternether:old_warped_woods, AMBIENT, goblins_tyranny:gold_cave_goblin, 1, 1, 1
4623, nether, betternether:old_warped_woods, AMBIENT, goblins_tyranny:iron_cave_goblin, 1, 1, 1
4624, forest, biomeswevegone:orchard, MONSTER, minecraft:spider, 10, 4, 4
4625, forest, biomeswevegone:orchard, MONSTER, minecraft:zombie, 10, 4, 4
4626, forest, biomeswevegone:orchard, MONSTER, minecraft:zombie_villager, 5, 1, 1
4627, forest, biomeswevegone:orchard, MONSTER, minecraft:skeleton, 10, 4, 4
4628, forest, biomeswevegone:orchard, MONSTER, minecraft:creeper, 10, 4, 4
4629, forest, biomeswevegone:orchard, MONSTER, minecraft:slime, 10, 4, 4
4630, forest, biomeswevegone:orchard, MONSTER, minecraft:enderman, 10, 1, 4
4631, forest, biomeswevegone:orchard, MONSTER, minecraft:witch, 5, 1, 1
4632, forest, biomeswevegone:orchard, MONSTER, alexsmobs:centipede_head, 5, 1, 1
4633, forest, biomeswevegone:orchard, MONSTER, alexsmobs:farseer, 5, 1, 1
4634, forest, biomeswevegone:orchard, MONSTER, alexsmobs:murmur, 5, 1, 1
4635, forest, biomeswevegone:orchard, MONSTER, realmrpg_demons:chort, 1, 1, 3
4636, forest, biomeswevegone:orchard, MONSTER, realmrpg_demons:demon, 8, 1, 3
4637, forest, biomeswevegone:orchard, MONSTER, realmrpg_demons:demon_lord, 2, 1, 1
4638, forest, biomeswevegone:orchard, MONSTER, the_awakening_of_the_elder_souls:golden_creeper, 1, 1, 1
4639, forest, biomeswevegone:orchard, MONSTER, the_awakening_of_the_elder_souls:golden_witch, 1, 1, 1
4640, forest, biomeswevegone:orchard, MONSTER, the_awakening_of_the_elder_souls:golden_zombie, 1, 1, 1
4641, forest, biomeswevegone:orchard, MONSTER, iceandfire:troll, 10, 1, 3
4642, forest, biomeswevegone:orchard, MONSTER, realmrpg_demons:imp, 10, 1, 3
4643, forest, biomeswevegone:orchard, MONSTER, realmrpg_demons:imp_guard, 8, 1, 3
4644, forest, biomeswevegone:orchard, MONSTER, mowziesmobs:grottol, 2, 1, 1
4645, forest, biomeswevegone:orchard, MONSTER, irons_spellbooks:necromancer, 1, 1, 1
4646, forest, biomeswevegone:orchard, MONSTER, eidolon:wraith, 1, 1, 3
4647, forest, biomeswevegone:orchard, MONSTER, eidolon:zombie_brute, 1, 1, 3
4648, forest, biomeswevegone:orchard, CREATURE, minecraft:sheep, 10, 4, 4
4649, forest, biomeswevegone:orchard, CREATURE, minecraft:pig, 10, 4, 4
4650, forest, biomeswevegone:orchard, CREATURE, minecraft:chicken, 10, 4, 4
4651, forest, biomeswevegone:orchard, CREATURE, minecraft:cow, 8, 4, 4
4652, forest, biomeswevegone:orchard, CREATURE, minecraft:horse, 5, 2, 6
4653, forest, biomeswevegone:orchard, CREATURE, minecraft:donkey, 1, 1, 3
4654, forest, biomeswevegone:orchard, CREATURE, valoria:goblin, 10, 1, 2
4655, forest, biomeswevegone:orchard, CREATURE, alexsmobs:grizzly_bear, 5, 2, 3
4656, forest, biomeswevegone:orchard, CREATURE, alexsmobs:raccoon, 5, 2, 4
4657, forest, biomeswevegone:orchard, CREATURE, alexsmobs:crow, 5, 3, 5
4658, forest, biomeswevegone:orchard, CREATURE, alexsmobs:tasmanian_devil, 5, 1, 2
4659, forest, biomeswevegone:orchard, CREATURE, alexsmobs:skunk, 5, 1, 2
4660, forest, biomeswevegone:orchard, CREATURE, alexsmobs:blue_jay, 5, 2, 4
4661, forest, biomeswevegone:orchard, CREATURE, eidolon:raven, 1, 2, 4
4662, forest, biomeswevegone:orchard, CREATURE, eidolon:slimy_slug, 1, 2, 5
4663, forest, biomeswevegone:orchard, CREATURE, goblins_tyranny:wanderer_goblin, 1, 1, 1
4664, forest, biomeswevegone:orchard, AMBIENT, minecraft:bat, 10, 8, 8
4665, forest, biomeswevegone:orchard, AMBIENT, alexsmobs:fly, 5, 2, 3
4666, forest, biomeswevegone:orchard, AMBIENT, alexsmobs:cockroach, 5, 5, 5
4667, forest, biomeswevegone:orchard, AMBIENT, goblins_tyranny:coal_cave_goblin, 1, 1, 1
4668, forest, biomeswevegone:orchard, AMBIENT, goblins_tyranny:copper_cave_goblin, 1, 1, 1
4669, forest, biomeswevegone:orchard, AMBIENT, goblins_tyranny:gold_cave_goblin, 1, 1, 1
4670, forest, biomeswevegone:orchard, AMBIENT, goblins_tyranny:iron_cave_goblin, 1, 1, 1
4671, forest, biomeswevegone:orchard, UNDERGROUND_WATER_CREATURE, minecraft:glow_squid, 10, 4, 6
4672, forest, biomeswevegone:orchard, WATER_AMBIENT, alexsmobs:devils_hole_pupfish, 5, 5, 12
4673, forest, biomeswevegone:overgrowth_woodlands, MONSTER, minecraft:spider, 10, 4, 4
4674, forest, biomeswevegone:overgrowth_woodlands, MONSTER, minecraft:zombie, 10, 4, 4
4675, forest, biomeswevegone:overgrowth_woodlands, MONSTER, minecraft:zombie_villager, 5, 1, 1
4676, forest, biomeswevegone:overgrowth_woodlands, MONSTER, minecraft:skeleton, 10, 4, 4
4677, forest, biomeswevegone:overgrowth_woodlands, MONSTER, minecraft:creeper, 10, 4, 4
4678, forest, biomeswevegone:overgrowth_woodlands, MONSTER, minecraft:slime, 10, 4, 4
4679, forest, biomeswevegone:overgrowth_woodlands, MONSTER, minecraft:enderman, 10, 1, 4
4680, forest, biomeswevegone:overgrowth_woodlands, MONSTER, minecraft:witch, 5, 1, 1
4681, forest, biomeswevegone:overgrowth_woodlands, MONSTER, alexsmobs:centipede_head, 5, 1, 1
4682, forest, biomeswevegone:overgrowth_woodlands, MONSTER, alexsmobs:farseer, 5, 1, 1
4683, forest, biomeswevegone:overgrowth_woodlands, MONSTER, alexsmobs:murmur, 5, 1, 1
4684, forest, biomeswevegone:overgrowth_woodlands, MONSTER, realmrpg_demons:chort, 1, 1, 3
4685, forest, biomeswevegone:overgrowth_woodlands, MONSTER, realmrpg_demons:demon, 8, 1, 3
4686, forest, biomeswevegone:overgrowth_woodlands, MONSTER, realmrpg_demons:demon_lord, 2, 1, 1
4687, forest, biomeswevegone:overgrowth_woodlands, MONSTER, the_awakening_of_the_elder_souls:golden_creeper, 1, 1, 1
4688, forest, biomeswevegone:overgrowth_woodlands, MONSTER, the_awakening_of_the_elder_souls:golden_witch, 1, 1, 1
4689, forest, biomeswevegone:overgrowth_woodlands, MONSTER, the_awakening_of_the_elder_souls:golden_zombie, 1, 1, 1
4690, forest, biomeswevegone:overgrowth_woodlands, MONSTER, iceandfire:troll, 10, 1, 3
4691, forest, biomeswevegone:overgrowth_woodlands, MONSTER, realmrpg_demons:imp, 10, 1, 3
4692, forest, biomeswevegone:overgrowth_woodlands, MONSTER, realmrpg_demons:imp_guard, 8, 1, 3
4693, forest, biomeswevegone:overgrowth_woodlands, MONSTER, mowziesmobs:grottol, 2, 1, 1
4694, forest, biomeswevegone:overgrowth_woodlands, MONSTER, irons_spellbooks:necromancer, 1, 1, 1
4695, forest, biomeswevegone:overgrowth_woodlands, MONSTER, eidolon:wraith, 1, 1, 3
4696, forest, biomeswevegone:overgrowth_woodlands, MONSTER, eidolon:zombie_brute, 1, 1, 3
4697, forest, biomeswevegone:overgrowth_woodlands, CREATURE, minecraft:sheep, 10, 4, 4
4698, forest, biomeswevegone:overgrowth_woodlands, CREATURE, minecraft:pig, 10, 4, 4
4699, forest, biomeswevegone:overgrowth_woodlands, CREATURE, minecraft:chicken, 10, 4, 4
4700, forest, biomeswevegone:overgrowth_woodlands, CREATURE, minecraft:cow, 8, 4, 4
4701, forest, biomeswevegone:overgrowth_woodlands, CREATURE, minecraft:wolf, 8, 4, 4
4702, forest, biomeswevegone:overgrowth_woodlands, CREATURE, minecraft:rabbit, 4, 2, 3
4703, forest, biomeswevegone:overgrowth_woodlands, CREATURE, minecraft:fox, 8, 2, 4
4704, forest, biomeswevegone:overgrowth_woodlands, CREATURE, valoria:goblin, 10, 1, 2
4705, forest, biomeswevegone:overgrowth_woodlands, CREATURE, alexsmobs:grizzly_bear, 5, 2, 3
4706, forest, biomeswevegone:overgrowth_woodlands, CREATURE, alexsmobs:raccoon, 5, 2, 4
4707, forest, biomeswevegone:overgrowth_woodlands, CREATURE, alexsmobs:crow, 5, 3, 5
4708, forest, biomeswevegone:overgrowth_woodlands, CREATURE, alexsmobs:tasmanian_devil, 5, 1, 2
4709, forest, biomeswevegone:overgrowth_woodlands, CREATURE, alexsmobs:skunk, 5, 1, 2
4710, forest, biomeswevegone:overgrowth_woodlands, CREATURE, alexsmobs:blue_jay, 5, 2, 4
4711, forest, biomeswevegone:overgrowth_woodlands, CREATURE, eidolon:raven, 1, 2, 4
4712, forest, biomeswevegone:overgrowth_woodlands, CREATURE, eidolon:slimy_slug, 1, 2, 5
4713, forest, biomeswevegone:overgrowth_woodlands, CREATURE, goblins_tyranny:wanderer_goblin, 1, 1, 1
4714, forest, biomeswevegone:overgrowth_woodlands, AMBIENT, minecraft:bat, 10, 8, 8
4715, forest, biomeswevegone:overgrowth_woodlands, AMBIENT, alexsmobs:fly, 5, 2, 3
4716, forest, biomeswevegone:overgrowth_woodlands, AMBIENT, alexsmobs:cockroach, 5, 5, 5
4717, forest, biomeswevegone:overgrowth_woodlands, AMBIENT, goblins_tyranny:coal_cave_goblin, 1, 1, 1
4718, forest, biomeswevegone:overgrowth_woodlands, AMBIENT, goblins_tyranny:copper_cave_goblin, 1, 1, 1
4719, forest, biomeswevegone:overgrowth_woodlands, AMBIENT, goblins_tyranny:gold_cave_goblin, 1, 1, 1
4720, forest, biomeswevegone:overgrowth_woodlands, AMBIENT, goblins_tyranny:iron_cave_goblin, 1, 1, 1
4721, forest, biomeswevegone:overgrowth_woodlands, UNDERGROUND_WATER_CREATURE, minecraft:glow_squid, 10, 4, 6
4722, forest, biomeswevegone:overgrowth_woodlands, WATER_AMBIENT, alexsmobs:devils_hole_pupfish, 5, 5, 12
4723, the_end, betterend:painted_mountains, MONSTER, minecraft:enderman, 10, 1, 2
4724, the_end, betterend:painted_mountains, MONSTER, alexsmobs:farseer, 5, 1, 1
4725, the_end, betterend:painted_mountains, MONSTER, realmrpg_demons:chort, 1, 1, 3
4726, the_end, betterend:painted_mountains, MONSTER, realmrpg_demons:demon, 8, 1, 3
4727, the_end, betterend:painted_mountains, MONSTER, realmrpg_demons:demon_lord, 2, 1, 1
4728, the_end, betterend:painted_mountains, MONSTER, the_awakening_of_the_elder_souls:golden_creeper, 1, 1, 1
4729, the_end, betterend:painted_mountains, MONSTER, the_awakening_of_the_elder_souls:golden_witch, 1, 1, 1
4730, the_end, betterend:painted_mountains, MONSTER, the_awakening_of_the_elder_souls:golden_zombie, 1, 1, 1
4731, the_end, betterend:painted_mountains, MONSTER, realmrpg_demons:imp, 10, 1, 3
4732, the_end, betterend:painted_mountains, MONSTER, realmrpg_demons:imp_guard, 8, 1, 3
4733, the_end, betterend:painted_mountains, MONSTER, mowziesmobs:grottol, 2, 1, 1
4734, the_end, betterend:painted_mountains, CREATURE, alexsmobs:endergrade, 5, 2, 6
4735, the_end, betterend:painted_mountains, CREATURE, alexsmobs:spectre, 5, 1, 2
4736, the_end, betterend:painted_mountains, CREATURE, alexsmobs:enderiophage, 5, 2, 2
4737, the_end, betterend:painted_mountains, CREATURE, alexsmobs:cosmaw, 5, 1, 2
4738, the_end, betterend:painted_mountains, CREATURE, goblins_tyranny:wanderer_goblin, 1, 1, 1
4739, the_end, betterend:painted_mountains, AMBIENT, alexsmobs:cosmic_cod, 5, 9, 13
4740, the_end, betterend:painted_mountains, AMBIENT, goblins_tyranny:coal_cave_goblin, 1, 1, 1
4741, the_end, betterend:painted_mountains, AMBIENT, goblins_tyranny:copper_cave_goblin, 1, 1, 1
4742, the_end, betterend:painted_mountains, AMBIENT, goblins_tyranny:gold_cave_goblin, 1, 1, 1
4743, the_end, betterend:painted_mountains, AMBIENT, goblins_tyranny:iron_cave_goblin, 1, 1, 1
4744, none, faded_conquest_2:pantheon_of_gods, MONSTER, alexsmobs:farseer, 5, 1, 1
4745, none, faded_conquest_2:pantheon_of_gods, MONSTER, realmrpg_demons:chort, 1, 1, 3
4746, none, faded_conquest_2:pantheon_of_gods, MONSTER, realmrpg_demons:demon, 8, 1, 3
4747, none, faded_conquest_2:pantheon_of_gods, MONSTER, realmrpg_demons:demon_lord, 2, 1, 1
4748, none, faded_conquest_2:pantheon_of_gods, MONSTER, the_awakening_of_the_elder_souls:golden_creeper, 1, 1, 1
4749, none, faded_conquest_2:pantheon_of_gods, MONSTER, the_awakening_of_the_elder_souls:golden_witch, 1, 1, 1
4750, none, faded_conquest_2:pantheon_of_gods, MONSTER, the_awakening_of_the_elder_souls:golden_zombie, 1, 1, 1
4751, none, faded_conquest_2:pantheon_of_gods, MONSTER, realmrpg_demons:imp, 10, 1, 3
4752, none, faded_conquest_2:pantheon_of_gods, MONSTER, realmrpg_demons:imp_guard, 8, 1, 3
4753, none, faded_conquest_2:pantheon_of_gods, MONSTER, mowziesmobs:grottol, 2, 1, 1
4754, none, faded_conquest_2:pantheon_of_gods, CREATURE, goblins_tyranny:wanderer_goblin, 1, 1, 1
4755, none, faded_conquest_2:pantheon_of_gods, AMBIENT, goblins_tyranny:coal_cave_goblin, 1, 1, 1
4756, none, faded_conquest_2:pantheon_of_gods, AMBIENT, goblins_tyranny:copper_cave_goblin, 1, 1, 1
4757, none, faded_conquest_2:pantheon_of_gods, AMBIENT, goblins_tyranny:gold_cave_goblin, 1, 1, 1
4758, none, faded_conquest_2:pantheon_of_gods, AMBIENT, goblins_tyranny:iron_cave_goblin, 1, 1, 1
4759, plains, minecraft:plains, MONSTER, minecraft:spider, 10, 4, 4
4760, plains, minecraft:plains, MONSTER, minecraft:zombie, 10, 4, 4
4761, plains, minecraft:plains, MONSTER, minecraft:zombie_villager, 5, 1, 1
4762, plains, minecraft:plains, MONSTER, minecraft:skeleton, 10, 4, 4
4763, plains, minecraft:plains, MONSTER, minecraft:creeper, 10, 4, 4
4764, plains, minecraft:plains, MONSTER, minecraft:slime, 10, 4, 4
4765, plains, minecraft:plains, MONSTER, minecraft:enderman, 10, 1, 4
4766, plains, minecraft:plains, MONSTER, minecraft:witch, 5, 1, 1
4767, plains, minecraft:plains, MONSTER, alexsmobs:centipede_head, 5, 1, 1
4768, plains, minecraft:plains, MONSTER, alexsmobs:farseer, 5, 1, 1
4769, plains, minecraft:plains, MONSTER, alexsmobs:murmur, 5, 1, 1
4770, plains, minecraft:plains, MONSTER, realmrpg_demons:chort, 1, 1, 3
4771, plains, minecraft:plains, MONSTER, realmrpg_demons:demon, 8, 1, 3
4772, plains, minecraft:plains, MONSTER, realmrpg_demons:demon_lord, 2, 1, 1
4773, plains, minecraft:plains, MONSTER, mythicmobs:chupacabra, 5, 1, 1
4774, plains, minecraft:plains, MONSTER, the_awakening_of_the_elder_souls:golden_creeper, 1, 1, 1
4775, plains, minecraft:plains, MONSTER, the_awakening_of_the_elder_souls:golden_witch, 1, 1, 1
4776, plains, minecraft:plains, MONSTER, the_awakening_of_the_elder_souls:golden_zombie, 1, 1, 1
4777, plains, minecraft:plains, MONSTER, realmrpg_demons:imp, 10, 1, 3
4778, plains, minecraft:plains, MONSTER, realmrpg_demons:imp_guard, 8, 1, 3
4779, plains, minecraft:plains, MONSTER, mowziesmobs:grottol, 2, 1, 1
4780, plains, minecraft:plains, MONSTER, irons_spellbooks:necromancer, 1, 1, 1
4781, plains, minecraft:plains, MONSTER, eidolon:wraith, 1, 1, 3
4782, plains, minecraft:plains, MONSTER, eidolon:zombie_brute, 1, 1, 3
4783, plains, minecraft:plains, CREATURE, minecraft:sheep, 10, 4, 4
4784, plains, minecraft:plains, CREATURE, minecraft:pig, 10, 4, 4
4785, plains, minecraft:plains, CREATURE, minecraft:chicken, 10, 4, 4
4786, plains, minecraft:plains, CREATURE, minecraft:cow, 8, 4, 4
4787, plains, minecraft:plains, CREATURE, minecraft:horse, 5, 2, 6
4788, plains, minecraft:plains, CREATURE, minecraft:donkey, 1, 1, 3
4789, plains, minecraft:plains, CREATURE, valoria:goblin, 10, 1, 2
4790, plains, minecraft:plains, CREATURE, alexsmobs:raccoon, 5, 2, 4
4791, plains, minecraft:plains, CREATURE, alexsmobs:crow, 5, 3, 5
4792, plains, minecraft:plains, CREATURE, alexsmobs:bison, 5, 6, 10
4793, plains, minecraft:plains, CREATURE, mythicmobs:drake, 5, 1, 4
4794, plains, minecraft:plains, CREATURE, mythicmobs:kobold, 5, 3, 6
4795, plains, minecraft:plains, CREATURE, mythicmobs:kobold_warrior, 5, 1, 3
4796, plains, minecraft:plains, CREATURE, mythicmobs:mushroom_thing, 5, 3, 5
4797, plains, minecraft:plains, CREATURE, goblins_tyranny:wanderer_goblin, 1, 1, 1
4798, plains, minecraft:plains, AMBIENT, minecraft:bat, 10, 8, 8
4799, plains, minecraft:plains, AMBIENT, alexsmobs:fly, 5, 2, 3
4800, plains, minecraft:plains, AMBIENT, alexsmobs:cockroach, 5, 5, 5
4801, plains, minecraft:plains, AMBIENT, goblins_tyranny:coal_cave_goblin, 1, 1, 1
4802, plains, minecraft:plains, AMBIENT, goblins_tyranny:copper_cave_goblin, 1, 1, 1
4803, plains, minecraft:plains, AMBIENT, goblins_tyranny:gold_cave_goblin, 1, 1, 1
4804, plains, minecraft:plains, AMBIENT, goblins_tyranny:iron_cave_goblin, 1, 1, 1
4805, plains, minecraft:plains, UNDERGROUND_WATER_CREATURE, minecraft:glow_squid, 10, 4, 6
4806, plains, minecraft:plains, WATER_AMBIENT, alexsmobs:devils_hole_pupfish, 5, 5, 12
4807, nether, betternether:poor_nether_grasslands, MONSTER, minecraft:ghast, 10, 4, 4
4808, nether, betternether:poor_nether_grasslands, MONSTER, minecraft:zombified_piglin, 10, 4, 4
4809, nether, betternether:poor_nether_grasslands, MONSTER, minecraft:magma_cube, 2, 4, 4
4810, nether, betternether:poor_nether_grasslands, MONSTER, betternether:skull, 2, 2, 4
4811, nether, betternether:poor_nether_grasslands, MONSTER, minecraft:enderman, 1, 4, 4
4812, nether, betternether:poor_nether_grasslands, MONSTER, minecraft:piglin, 10, 4, 4
4813, nether, betternether:poor_nether_grasslands, MONSTER, minecraft:hoglin, 0, 1, 2
4814, nether, betternether:poor_nether_grasslands, MONSTER, betternether:naga, 8, 3, 5
4815, nether, betternether:poor_nether_grasslands, MONSTER, betternether:jungle_skeleton, 0, 2, 4
4816, nether, betternether:poor_nether_grasslands, MONSTER, minecraft:piglin_brute, 0, 1, 1
4817, nether, betternether:poor_nether_grasslands, MONSTER, alexsmobs:bone_serpent, 5, 1, 1
4818, nether, betternether:poor_nether_grasslands, MONSTER, alexsmobs:farseer, 5, 1, 1
4819, nether, betternether:poor_nether_grasslands, MONSTER, realmrpg_demons:chort, 1, 1, 3
4820, nether, betternether:poor_nether_grasslands, MONSTER, realmrpg_demons:demon, 8, 1, 3
4821, nether, betternether:poor_nether_grasslands, MONSTER, realmrpg_demons:demon_lord, 2, 1, 1
4822, nether, betternether:poor_nether_grasslands, MONSTER, the_awakening_of_the_elder_souls:golden_creeper, 1, 1, 1
4823, nether, betternether:poor_nether_grasslands, MONSTER, the_awakening_of_the_elder_souls:golden_witch, 1, 1, 1
4824, nether, betternether:poor_nether_grasslands, MONSTER, the_awakening_of_the_elder_souls:golden_zombie, 1, 1, 1
4825, nether, betternether:poor_nether_grasslands, MONSTER, realmrpg_demons:imp, 10, 1, 3
4826, nether, betternether:poor_nether_grasslands, MONSTER, realmrpg_demons:imp_guard, 8, 1, 3
4827, nether, betternether:poor_nether_grasslands, MONSTER, mowziesmobs:grottol, 2, 1, 1
4828, nether, betternether:poor_nether_grasslands, MONSTER, soulsweapons:evil_forlorn, 10, 1, 1
4829, nether, betternether:poor_nether_grasslands, MONSTER, soulsweapons:withered_demon, 10, 1, 1
4830, nether, betternether:poor_nether_grasslands, CREATURE, minecraft:strider, 10, 1, 2
4831, nether, betternether:poor_nether_grasslands, CREATURE, alexsmobs:laviathan, 5, 1, 1
4832, nether, betternether:poor_nether_grasslands, CREATURE, goblins_tyranny:wanderer_goblin, 1, 1, 1
4833, nether, betternether:poor_nether_grasslands, AMBIENT, betternether:firefly, 5, 1, 3
4834, nether, betternether:poor_nether_grasslands, AMBIENT, betternether:hydrogen_jellyfish, 5, 2, 6
4835, nether, betternether:poor_nether_grasslands, AMBIENT, betternether:flying_pig, 0, 2, 4
4836, nether, betternether:poor_nether_grasslands, AMBIENT, goblins_tyranny:coal_cave_goblin, 1, 1, 1
4837, nether, betternether:poor_nether_grasslands, AMBIENT, goblins_tyranny:copper_cave_goblin, 1, 1, 1
4838, nether, betternether:poor_nether_grasslands, AMBIENT, goblins_tyranny:gold_cave_goblin, 1, 1, 1
4839, nether, betternether:poor_nether_grasslands, AMBIENT, goblins_tyranny:iron_cave_goblin, 1, 1, 1
4840, none, biomeswevegone:prairie, MONSTER, minecraft:spider, 10, 4, 4
4841, none, biomeswevegone:prairie, MONSTER, minecraft:zombie, 10, 4, 4
4842, none, biomeswevegone:prairie, MONSTER, minecraft:zombie_villager, 5, 1, 1
4843, none, biomeswevegone:prairie, MONSTER, minecraft:skeleton, 10, 4, 4
4844, none, biomeswevegone:prairie, MONSTER, minecraft:creeper, 10, 4, 4
4845, none, biomeswevegone:prairie, MONSTER, minecraft:slime, 10, 4, 4
4846, none, biomeswevegone:prairie, MONSTER, minecraft:enderman, 10, 1, 4
4847, none, biomeswevegone:prairie, MONSTER, minecraft:witch, 5, 1, 1
4848, none, biomeswevegone:prairie, MONSTER, minecraft:spider, 10, 4, 4
4849, none, biomeswevegone:prairie, MONSTER, minecraft:zombie, 10, 4, 4
4850, none, biomeswevegone:prairie, MONSTER, minecraft:zombie_villager, 5, 1, 1
4851, none, biomeswevegone:prairie, MONSTER, minecraft:skeleton, 10, 4, 4
4852, none, biomeswevegone:prairie, MONSTER, minecraft:creeper, 10, 4, 4
4853, none, biomeswevegone:prairie, MONSTER, minecraft:slime, 10, 4, 4
4854, none, biomeswevegone:prairie, MONSTER, minecraft:enderman, 10, 1, 4
4855, none, biomeswevegone:prairie, MONSTER, minecraft:witch, 5, 1, 1
4856, none, biomeswevegone:prairie, MONSTER, alexsmobs:centipede_head, 5, 1, 1
4857, none, biomeswevegone:prairie, MONSTER, alexsmobs:farseer, 5, 1, 1
4858, none, biomeswevegone:prairie, MONSTER, alexsmobs:murmur, 5, 1, 1
4859, none, biomeswevegone:prairie, MONSTER, realmrpg_demons:chort, 1, 1, 3
4860, none, biomeswevegone:prairie, MONSTER, realmrpg_demons:demon, 8, 1, 3
4861, none, biomeswevegone:prairie, MONSTER, realmrpg_demons:demon_lord, 2, 1, 1
4862, none, biomeswevegone:prairie, MONSTER, the_awakening_of_the_elder_souls:golden_creeper, 1, 1, 1
4863, none, biomeswevegone:prairie, MONSTER, the_awakening_of_the_elder_souls:golden_witch, 1, 1, 1
4864, none, biomeswevegone:prairie, MONSTER, the_awakening_of_the_elder_souls:golden_zombie, 1, 1, 1
4865, none, biomeswevegone:prairie, MONSTER, realmrpg_demons:imp, 10, 1, 3
4866, none, biomeswevegone:prairie, MONSTER, realmrpg_demons:imp_guard, 8, 1, 3
4867, none, biomeswevegone:prairie, MONSTER, mowziesmobs:grottol, 2, 1, 1
4868, none, biomeswevegone:prairie, MONSTER, irons_spellbooks:necromancer, 1, 1, 1
4869, none, biomeswevegone:prairie, MONSTER, eidolon:wraith, 1, 1, 3
4870, none, biomeswevegone:prairie, MONSTER, eidolon:zombie_brute, 1, 1, 3
4871, none, biomeswevegone:prairie, CREATURE, minecraft:sheep, 10, 4, 4
4872, none, biomeswevegone:prairie, CREATURE, minecraft:pig, 10, 4, 4
4873, none, biomeswevegone:prairie, CREATURE, minecraft:chicken, 10, 4, 4
4874, none, biomeswevegone:prairie, CREATURE, minecraft:cow, 8, 4, 4
4875, none, biomeswevegone:prairie, CREATURE, minecraft:horse, 5, 2, 6
4876, none, biomeswevegone:prairie, CREATURE, minecraft:donkey, 1, 1, 3
4877, none, biomeswevegone:prairie, CREATURE, valoria:goblin, 10, 1, 2
4878, none, biomeswevegone:prairie, CREATURE, alexsmobs:raccoon, 5, 2, 4
4879, none, biomeswevegone:prairie, CREATURE, alexsmobs:crow, 5, 3, 5
4880, none, biomeswevegone:prairie, CREATURE, alexsmobs:bison, 5, 6, 10
4881, none, biomeswevegone:prairie, CREATURE, goblins_tyranny:wanderer_goblin, 1, 1, 1
4882, none, biomeswevegone:prairie, AMBIENT, minecraft:bat, 10, 8, 8
4883, none, biomeswevegone:prairie, AMBIENT, minecraft:bat, 10, 8, 8
4884, none, biomeswevegone:prairie, AMBIENT, alexsmobs:fly, 5, 2, 3
4885, none, biomeswevegone:prairie, AMBIENT, alexsmobs:cockroach, 5, 5, 5
4886, none, biomeswevegone:prairie, AMBIENT, goblins_tyranny:coal_cave_goblin, 1, 1, 1
4887, none, biomeswevegone:prairie, AMBIENT, goblins_tyranny:copper_cave_goblin, 1, 1, 1
4888, none, biomeswevegone:prairie, AMBIENT, goblins_tyranny:gold_cave_goblin, 1, 1, 1
4889, none, biomeswevegone:prairie, AMBIENT, goblins_tyranny:iron_cave_goblin, 1, 1, 1
4890, none, biomeswevegone:prairie, UNDERGROUND_WATER_CREATURE, minecraft:glow_squid, 10, 4, 6
4891, none, biomeswevegone:prairie, UNDERGROUND_WATER_CREATURE, minecraft:glow_squid, 10, 4, 6
4892, none, biomeswevegone:prairie, WATER_AMBIENT, alexsmobs:devils_hole_pupfish, 5, 5, 12
4893, the_end, eldritch_end:primordial_abyss, MONSTER, eldritch_end:aberration, 1, 1, 3
4894, the_end, eldritch_end:primordial_abyss, MONSTER, alexsmobs:farseer, 5, 1, 1
4895, the_end, eldritch_end:primordial_abyss, MONSTER, realmrpg_demons:chort, 1, 1, 3
4896, the_end, eldritch_end:primordial_abyss, MONSTER, realmrpg_demons:demon, 8, 1, 3
4897, the_end, eldritch_end:primordial_abyss, MONSTER, realmrpg_demons:demon_lord, 2, 1, 1
4898, the_end, eldritch_end:primordial_abyss, MONSTER, the_awakening_of_the_elder_souls:golden_creeper, 1, 1, 1
4899, the_end, eldritch_end:primordial_abyss, MONSTER, the_awakening_of_the_elder_souls:golden_witch, 1, 1, 1
4900, the_end, eldritch_end:primordial_abyss, MONSTER, the_awakening_of_the_elder_souls:golden_zombie, 1, 1, 1
4901, the_end, eldritch_end:primordial_abyss, MONSTER, realmrpg_demons:imp, 10, 1, 3
4902, the_end, eldritch_end:primordial_abyss, MONSTER, realmrpg_demons:imp_guard, 8, 1, 3
4903, the_end, eldritch_end:primordial_abyss, MONSTER, mowziesmobs:grottol, 2, 1, 1
4904, the_end, eldritch_end:primordial_abyss, CREATURE, alexsmobs:endergrade, 5, 2, 6
4905, the_end, eldritch_end:primordial_abyss, CREATURE, alexsmobs:spectre, 5, 1, 2
4906, the_end, eldritch_end:primordial_abyss, CREATURE, alexsmobs:enderiophage, 5, 2, 2
4907, the_end, eldritch_end:primordial_abyss, CREATURE, alexsmobs:cosmaw, 5, 1, 2
4908, the_end, eldritch_end:primordial_abyss, CREATURE, goblins_tyranny:wanderer_goblin, 1, 1, 1
4909, the_end, eldritch_end:primordial_abyss, AMBIENT, alexsmobs:cosmic_cod, 5, 9, 13
4910, the_end, eldritch_end:primordial_abyss, AMBIENT, goblins_tyranny:coal_cave_goblin, 1, 1, 1
4911, the_end, eldritch_end:primordial_abyss, AMBIENT, goblins_tyranny:copper_cave_goblin, 1, 1, 1
4912, the_end, eldritch_end:primordial_abyss, AMBIENT, goblins_tyranny:gold_cave_goblin, 1, 1, 1
4913, the_end, eldritch_end:primordial_abyss, AMBIENT, goblins_tyranny:iron_cave_goblin, 1, 1, 1
4914, none, alexscaves:primordial_caves, MONSTER, realmrpg_demons:chort, 1, 1, 3
4915, none, alexscaves:primordial_caves, MONSTER, realmrpg_demons:demon, 8, 1, 3
4916, none, alexscaves:primordial_caves, MONSTER, realmrpg_demons:demon_lord, 2, 1, 1
4917, none, alexscaves:primordial_caves, MONSTER, the_awakening_of_the_elder_souls:golden_creeper, 1, 1, 1
4918, none, alexscaves:primordial_caves, MONSTER, the_awakening_of_the_elder_souls:golden_witch, 1, 1, 1
4919, none, alexscaves:primordial_caves, MONSTER, the_awakening_of_the_elder_souls:golden_zombie, 1, 1, 1
4920, none, alexscaves:primordial_caves, MONSTER, realmrpg_demons:imp, 10, 1, 3
4921, none, alexscaves:primordial_caves, MONSTER, realmrpg_demons:imp_guard, 8, 1, 3
4922, none, alexscaves:primordial_caves, MONSTER, mowziesmobs:grottol, 2, 1, 1
4923, none, alexscaves:primordial_caves, MONSTER, irons_spellbooks:necromancer, 1, 1, 1
4924, none, alexscaves:primordial_caves, CREATURE, valoria:goblin, 10, 1, 2
4925, none, alexscaves:primordial_caves, CREATURE, eidolon:slimy_slug, 1, 2, 3
4926, none, alexscaves:primordial_caves, CREATURE, goblins_tyranny:wanderer_goblin, 1, 1, 1
4927, none, alexscaves:primordial_caves, AMBIENT, alexsmobs:fly, 5, 2, 3
4928, none, alexscaves:primordial_caves, AMBIENT, alexsmobs:cockroach, 5, 5, 5
4929, none, alexscaves:primordial_caves, AMBIENT, goblins_tyranny:coal_cave_goblin, 1, 1, 1
4930, none, alexscaves:primordial_caves, AMBIENT, goblins_tyranny:copper_cave_goblin, 1, 1, 1
4931, none, alexscaves:primordial_caves, AMBIENT, goblins_tyranny:gold_cave_goblin, 1, 1, 1
4932, none, alexscaves:primordial_caves, AMBIENT, goblins_tyranny:iron_cave_goblin, 1, 1, 1
4933, none, alexscaves:primordial_caves, WATER_AMBIENT, alexscaves:trilocaris, 10, 1, 2
4934, none, alexscaves:primordial_caves, WATER_AMBIENT, alexsmobs:devils_hole_pupfish, 5, 5, 12
4935, none, alexscaves:primordial_caves, cave_creature, alexscaves:subterranodon, 6, 3, 5
4936, none, alexscaves:primordial_caves, cave_creature, alexscaves:vallumraptor, 6, 6, 7
4937, none, alexscaves:primordial_caves, cave_creature, alexscaves:grottoceratops, 10, 2, 4
4938, none, alexscaves:primordial_caves, cave_creature, alexscaves:tremorsaurus, 5, 1, 1
4939, none, alexscaves:primordial_caves, cave_creature, alexscaves:relicheirus, 10, 1, 1
4940, none, alexscaves:primordial_caves, cave_creature, minecraft:frog, 7, 1, 2
4941, none, alexscaves:primordial_caves, cave_creature, alexscaves:atlatitan, 10, 2, 3
4942, none, minecells:prison, MONSTER, alexsmobs:farseer, 5, 1, 1
4943, none, minecells:prison, MONSTER, realmrpg_demons:chort, 1, 1, 3
4944, none, minecells:prison, MONSTER, realmrpg_demons:demon, 8, 1, 3
4945, none, minecells:prison, MONSTER, realmrpg_demons:demon_lord, 2, 1, 1
4946, none, minecells:prison, MONSTER, the_awakening_of_the_elder_souls:golden_creeper, 1, 1, 1
4947, none, minecells:prison, MONSTER, the_awakening_of_the_elder_souls:golden_witch, 1, 1, 1
4948, none, minecells:prison, MONSTER, the_awakening_of_the_elder_souls:golden_zombie, 1, 1, 1
4949, none, minecells:prison, MONSTER, realmrpg_demons:imp, 10, 1, 3
4950, none, minecells:prison, MONSTER, realmrpg_demons:imp_guard, 8, 1, 3
4951, none, minecells:prison, MONSTER, mowziesmobs:grottol, 2, 1, 1
4952, none, minecells:prison, CREATURE, goblins_tyranny:wanderer_goblin, 1, 1, 1
4953, none, minecells:prison, AMBIENT, goblins_tyranny:coal_cave_goblin, 1, 1, 1
4954, none, minecells:prison, AMBIENT, goblins_tyranny:copper_cave_goblin, 1, 1, 1
4955, none, minecells:prison, AMBIENT, goblins_tyranny:gold_cave_goblin, 1, 1, 1
4956, none, minecells:prison, AMBIENT, goblins_tyranny:iron_cave_goblin, 1, 1, 1
4957, none, minecells:promenade, MONSTER, minecells:leaping_zombie, 10, 1, 1
4958, none, minecells:promenade, MONSTER, minecells:grenadier, 3, 1, 1
4959, none, minecells:promenade, MONSTER, minecells:mutated_bat, 1, 1, 1
4960, none, minecells:promenade, MONSTER, minecells:runner, 1, 1, 1
4961, none, minecells:promenade, MONSTER, alexsmobs:farseer, 5, 1, 1
4962, none, minecells:promenade, MONSTER, realmrpg_demons:chort, 1, 1, 3
4963, none, minecells:promenade, MONSTER, realmrpg_demons:demon, 8, 1, 3
4964, none, minecells:promenade, MONSTER, realmrpg_demons:demon_lord, 2, 1, 1
4965, none, minecells:promenade, MONSTER, the_awakening_of_the_elder_souls:golden_creeper, 1, 1, 1
4966, none, minecells:promenade, MONSTER, the_awakening_of_the_elder_souls:golden_witch, 1, 1, 1
4967, none, minecells:promenade, MONSTER, the_awakening_of_the_elder_souls:golden_zombie, 1, 1, 1
4968, none, minecells:promenade, MONSTER, realmrpg_demons:imp, 10, 1, 3
4969, none, minecells:promenade, MONSTER, realmrpg_demons:imp_guard, 8, 1, 3
4970, none, minecells:promenade, MONSTER, mowziesmobs:grottol, 2, 1, 1
4971, none, minecells:promenade, CREATURE, goblins_tyranny:wanderer_goblin, 1, 1, 1
4972, none, minecells:promenade, AMBIENT, goblins_tyranny:coal_cave_goblin, 1, 1, 1
4973, none, minecells:promenade, AMBIENT, goblins_tyranny:copper_cave_goblin, 1, 1, 1
4974, none, minecells:promenade, AMBIENT, goblins_tyranny:gold_cave_goblin, 1, 1, 1
4975, none, minecells:promenade, AMBIENT, goblins_tyranny:iron_cave_goblin, 1, 1, 1
4976, none, biomeswevegone:pumpkin_valley, MONSTER, minecraft:spider, 10, 4, 4
4977, none, biomeswevegone:pumpkin_valley, MONSTER, minecraft:zombie, 10, 4, 4
4978, none, biomeswevegone:pumpkin_valley, MONSTER, minecraft:zombie_villager, 5, 1, 1
4979, none, biomeswevegone:pumpkin_valley, MONSTER, minecraft:skeleton, 10, 4, 4
4980, none, biomeswevegone:pumpkin_valley, MONSTER, minecraft:creeper, 10, 4, 4
4981, none, biomeswevegone:pumpkin_valley, MONSTER, minecraft:slime, 10, 4, 4
4982, none, biomeswevegone:pumpkin_valley, MONSTER, minecraft:enderman, 10, 1, 4
4983, none, biomeswevegone:pumpkin_valley, MONSTER, minecraft:witch, 5, 1, 1
4984, none, biomeswevegone:pumpkin_valley, MONSTER, alexsmobs:centipede_head, 5, 1, 1
4985, none, biomeswevegone:pumpkin_valley, MONSTER, alexsmobs:farseer, 5, 1, 1
4986, none, biomeswevegone:pumpkin_valley, MONSTER, alexsmobs:murmur, 5, 1, 1
4987, none, biomeswevegone:pumpkin_valley, MONSTER, realmrpg_demons:chort, 1, 1, 3
4988, none, biomeswevegone:pumpkin_valley, MONSTER, realmrpg_demons:demon, 8, 1, 3
4989, none, biomeswevegone:pumpkin_valley, MONSTER, realmrpg_demons:demon_lord, 2, 1, 1
4990, none, biomeswevegone:pumpkin_valley, MONSTER, the_awakening_of_the_elder_souls:golden_creeper, 1, 1, 1
4991, none, biomeswevegone:pumpkin_valley, MONSTER, the_awakening_of_the_elder_souls:golden_witch, 1, 1, 1
4992, none, biomeswevegone:pumpkin_valley, MONSTER, the_awakening_of_the_elder_souls:golden_zombie, 1, 1, 1
4993, none, biomeswevegone:pumpkin_valley, MONSTER, realmrpg_demons:imp, 10, 1, 3
4994, none, biomeswevegone:pumpkin_valley, MONSTER, realmrpg_demons:imp_guard, 8, 1, 3
4995, none, biomeswevegone:pumpkin_valley, MONSTER, mowziesmobs:grottol, 2, 1, 1
4996, none, biomeswevegone:pumpkin_valley, MONSTER, irons_spellbooks:necromancer, 1, 1, 1
4997, none, biomeswevegone:pumpkin_valley, MONSTER, eidolon:wraith, 1, 1, 3
4998, none, biomeswevegone:pumpkin_valley, MONSTER, eidolon:zombie_brute, 1, 1, 3
4999, none, biomeswevegone:pumpkin_valley, CREATURE, minecraft:sheep, 10, 4, 4
5000, none, biomeswevegone:pumpkin_valley, CREATURE, minecraft:pig, 10, 4, 4
5001, none, biomeswevegone:pumpkin_valley, CREATURE, minecraft:chicken, 10, 4, 4
5002, none, biomeswevegone:pumpkin_valley, CREATURE, minecraft:cow, 8, 4, 4
5003, none, biomeswevegone:pumpkin_valley, CREATURE, valoria:goblin, 10, 1, 2
5004, none, biomeswevegone:pumpkin_valley, CREATURE, alexsmobs:raccoon, 5, 2, 4
5005, none, biomeswevegone:pumpkin_valley, CREATURE, alexsmobs:crow, 5, 3, 5
5006, none, biomeswevegone:pumpkin_valley, CREATURE, alexsmobs:bison, 5, 6, 10
5007, none, biomeswevegone:pumpkin_valley, CREATURE, goblins_tyranny:wanderer_goblin, 1, 1, 1
5008, none, biomeswevegone:pumpkin_valley, AMBIENT, minecraft:bat, 10, 8, 8
5009, none, biomeswevegone:pumpkin_valley, AMBIENT, alexsmobs:fly, 5, 2, 3
5010, none, biomeswevegone:pumpkin_valley, AMBIENT, alexsmobs:cockroach, 5, 5, 5
5011, none, biomeswevegone:pumpkin_valley, AMBIENT, goblins_tyranny:coal_cave_goblin, 1, 1, 1
5012, none, biomeswevegone:pumpkin_valley, AMBIENT, goblins_tyranny:copper_cave_goblin, 1, 1, 1
5013, none, biomeswevegone:pumpkin_valley, AMBIENT, goblins_tyranny:gold_cave_goblin, 1, 1, 1
5014, none, biomeswevegone:pumpkin_valley, AMBIENT, goblins_tyranny:iron_cave_goblin, 1, 1, 1
5015, none, biomeswevegone:pumpkin_valley, UNDERGROUND_WATER_CREATURE, minecraft:glow_squid, 10, 4, 6
5016, none, biomeswevegone:pumpkin_valley, WATER_AMBIENT, alexsmobs:devils_hole_pupfish, 5, 5, 12
5017, beach, biomeswevegone:rainbow_beach, MONSTER, minecraft:spider, 10, 4, 4
5018, beach, biomeswevegone:rainbow_beach, MONSTER, minecraft:zombie, 10, 4, 4
5019, beach, biomeswevegone:rainbow_beach, MONSTER, minecraft:zombie_villager, 5, 1, 1
5020, beach, biomeswevegone:rainbow_beach, MONSTER, minecraft:skeleton, 10, 4, 4
5021, beach, biomeswevegone:rainbow_beach, MONSTER, minecraft:creeper, 10, 4, 4
5022, beach, biomeswevegone:rainbow_beach, MONSTER, minecraft:slime, 10, 4, 4
5023, beach, biomeswevegone:rainbow_beach, MONSTER, minecraft:enderman, 10, 1, 4
5024, beach, biomeswevegone:rainbow_beach, MONSTER, minecraft:witch, 5, 1, 1
5025, beach, biomeswevegone:rainbow_beach, MONSTER, alexsmobs:centipede_head, 5, 1, 1
5026, beach, biomeswevegone:rainbow_beach, MONSTER, alexsmobs:farseer, 5, 1, 1
5027, beach, biomeswevegone:rainbow_beach, MONSTER, alexsmobs:murmur, 5, 1, 1
5028, beach, biomeswevegone:rainbow_beach, MONSTER, realmrpg_demons:chort, 1, 1, 3
5029, beach, biomeswevegone:rainbow_beach, MONSTER, realmrpg_demons:demon, 8, 1, 3
5030, beach, biomeswevegone:rainbow_beach, MONSTER, realmrpg_demons:demon_lord, 2, 1, 1
5031, beach, biomeswevegone:rainbow_beach, MONSTER, the_awakening_of_the_elder_souls:golden_creeper, 1, 1, 1
5032, beach, biomeswevegone:rainbow_beach, MONSTER, the_awakening_of_the_elder_souls:golden_witch, 1, 1, 1
5033, beach, biomeswevegone:rainbow_beach, MONSTER, the_awakening_of_the_elder_souls:golden_zombie, 1, 1, 1
5034, beach, biomeswevegone:rainbow_beach, MONSTER, realmrpg_demons:imp, 10, 1, 3
5035, beach, biomeswevegone:rainbow_beach, MONSTER, realmrpg_demons:imp_guard, 8, 1, 3
5036, beach, biomeswevegone:rainbow_beach, MONSTER, mowziesmobs:grottol, 2, 1, 1
5037, beach, biomeswevegone:rainbow_beach, MONSTER, irons_spellbooks:necromancer, 1, 1, 1
5038, beach, biomeswevegone:rainbow_beach, MONSTER, eidolon:wraith, 1, 1, 3
5039, beach, biomeswevegone:rainbow_beach, MONSTER, eidolon:zombie_brute, 1, 1, 3
5040, beach, biomeswevegone:rainbow_beach, CREATURE, valoria:goblin, 10, 1, 2
5041, beach, biomeswevegone:rainbow_beach, CREATURE, alexsmobs:seal, 5, 3, 8
5042, beach, biomeswevegone:rainbow_beach, CREATURE, alexsmobs:seagull, 5, 3, 6
5043, beach, biomeswevegone:rainbow_beach, CREATURE, eidolon:slimy_slug, 1, 2, 5
5044, beach, biomeswevegone:rainbow_beach, CREATURE, goblins_tyranny:wanderer_goblin, 1, 1, 1
5045, beach, biomeswevegone:rainbow_beach, AMBIENT, minecraft:bat, 10, 8, 8
5046, beach, biomeswevegone:rainbow_beach, AMBIENT, alexsmobs:fly, 5, 2, 3
5047, beach, biomeswevegone:rainbow_beach, AMBIENT, alexsmobs:cockroach, 5, 5, 5
5048, beach, biomeswevegone:rainbow_beach, AMBIENT, goblins_tyranny:coal_cave_goblin, 1, 1, 1
5049, beach, biomeswevegone:rainbow_beach, AMBIENT, goblins_tyranny:copper_cave_goblin, 1, 1, 1
5050, beach, biomeswevegone:rainbow_beach, AMBIENT, goblins_tyranny:gold_cave_goblin, 1, 1, 1
5051, beach, biomeswevegone:rainbow_beach, AMBIENT, goblins_tyranny:iron_cave_goblin, 1, 1, 1
5052, beach, biomeswevegone:rainbow_beach, UNDERGROUND_WATER_CREATURE, minecraft:glow_squid, 10, 4, 6
5053, beach, biomeswevegone:rainbow_beach, WATER_AMBIENT, alexsmobs:lobster, 5, 3, 5
5054, beach, biomeswevegone:rainbow_beach, WATER_AMBIENT, alexsmobs:devils_hole_pupfish, 5, 5, 12
5055, none, minecells:ramparts, MONSTER, alexsmobs:farseer, 5, 1, 1
5056, none, minecells:ramparts, MONSTER, realmrpg_demons:chort, 1, 1, 3
5057, none, minecells:ramparts, MONSTER, realmrpg_demons:demon, 8, 1, 3
5058, none, minecells:ramparts, MONSTER, realmrpg_demons:demon_lord, 2, 1, 1
5059, none, minecells:ramparts, MONSTER, the_awakening_of_the_elder_souls:golden_creeper, 1, 1, 1
5060, none, minecells:ramparts, MONSTER, the_awakening_of_the_elder_souls:golden_witch, 1, 1, 1
5061, none, minecells:ramparts, MONSTER, the_awakening_of_the_elder_souls:golden_zombie, 1, 1, 1
5062, none, minecells:ramparts, MONSTER, realmrpg_demons:imp, 10, 1, 3
5063, none, minecells:ramparts, MONSTER, realmrpg_demons:imp_guard, 8, 1, 3
5064, none, minecells:ramparts, MONSTER, mowziesmobs:grottol, 2, 1, 1
5065, none, minecells:ramparts, CREATURE, goblins_tyranny:wanderer_goblin, 1, 1, 1
5066, none, minecells:ramparts, AMBIENT, goblins_tyranny:coal_cave_goblin, 1, 1, 1
5067, none, minecells:ramparts, AMBIENT, goblins_tyranny:copper_cave_goblin, 1, 1, 1
5068, none, minecells:ramparts, AMBIENT, goblins_tyranny:gold_cave_goblin, 1, 1, 1
5069, none, minecells:ramparts, AMBIENT, goblins_tyranny:iron_cave_goblin, 1, 1, 1
5070, badlands, biomeswevegone:red_rock_valley, MONSTER, minecraft:spider, 10, 4, 4
5071, badlands, biomeswevegone:red_rock_valley, MONSTER, minecraft:husk, 10, 4, 4
5072, badlands, biomeswevegone:red_rock_valley, MONSTER, minecraft:zombie_villager, 5, 1, 1
5073, badlands, biomeswevegone:red_rock_valley, MONSTER, minecraft:skeleton, 10, 4, 4
5074, badlands, biomeswevegone:red_rock_valley, MONSTER, minecraft:creeper, 10, 4, 4
5075, badlands, biomeswevegone:red_rock_valley, MONSTER, minecraft:slime, 10, 4, 4
5076, badlands, biomeswevegone:red_rock_valley, MONSTER, minecraft:enderman, 10, 1, 4
5077, badlands, biomeswevegone:red_rock_valley, MONSTER, minecraft:witch, 5, 1, 1
5078, badlands, biomeswevegone:red_rock_valley, MONSTER, alexsmobs:centipede_head, 5, 1, 1
5079, badlands, biomeswevegone:red_rock_valley, MONSTER, alexsmobs:farseer, 5, 1, 1
5080, badlands, biomeswevegone:red_rock_valley, MONSTER, alexsmobs:murmur, 5, 1, 1
5081, badlands, biomeswevegone:red_rock_valley, MONSTER, realmrpg_demons:chort, 1, 1, 3
5082, badlands, biomeswevegone:red_rock_valley, MONSTER, realmrpg_demons:demon, 8, 1, 3
5083, badlands, biomeswevegone:red_rock_valley, MONSTER, realmrpg_demons:demon_lord, 2, 1, 1
5084, badlands, biomeswevegone:red_rock_valley, MONSTER, the_awakening_of_the_elder_souls:golden_creeper, 1, 1, 1
5085, badlands, biomeswevegone:red_rock_valley, MONSTER, the_awakening_of_the_elder_souls:golden_witch, 1, 1, 1
5086, badlands, biomeswevegone:red_rock_valley, MONSTER, the_awakening_of_the_elder_souls:golden_zombie, 1, 1, 1
5087, badlands, biomeswevegone:red_rock_valley, MONSTER, realmrpg_demons:imp, 10, 1, 3
5088, badlands, biomeswevegone:red_rock_valley, MONSTER, realmrpg_demons:imp_guard, 8, 1, 3
5089, badlands, biomeswevegone:red_rock_valley, MONSTER, mowziesmobs:grottol, 2, 1, 1
5090, badlands, biomeswevegone:red_rock_valley, MONSTER, irons_spellbooks:necromancer, 1, 1, 1
5091, badlands, biomeswevegone:red_rock_valley, MONSTER, eidolon:wraith, 1, 1, 3
5092, badlands, biomeswevegone:red_rock_valley, MONSTER, eidolon:zombie_brute, 1, 1, 3
5093, badlands, biomeswevegone:red_rock_valley, CREATURE, minecraft:rabbit, 4, 2, 3
5094, badlands, biomeswevegone:red_rock_valley, CREATURE, valoria:goblin, 10, 1, 2
5095, badlands, biomeswevegone:red_rock_valley, CREATURE, alexsmobs:roadrunner, 5, 2, 2
5096, badlands, biomeswevegone:red_rock_valley, CREATURE, alexsmobs:rattlesnake, 5, 1, 2
5097, badlands, biomeswevegone:red_rock_valley, CREATURE, alexsmobs:emu, 5, 2, 5
5098, badlands, biomeswevegone:red_rock_valley, CREATURE, alexsmobs:kangaroo, 5, 3, 5
5099, badlands, biomeswevegone:red_rock_valley, CREATURE, iceandfire:hippogryph, 1, 1, 1
5100, badlands, biomeswevegone:red_rock_valley, CREATURE, goblins_tyranny:wanderer_goblin, 1, 1, 1
5101, badlands, biomeswevegone:red_rock_valley, AMBIENT, minecraft:bat, 10, 8, 8
5102, badlands, biomeswevegone:red_rock_valley, AMBIENT, alexsmobs:fly, 5, 2, 3
5103, badlands, biomeswevegone:red_rock_valley, AMBIENT, alexsmobs:cockroach, 5, 5, 5
5104, badlands, biomeswevegone:red_rock_valley, AMBIENT, goblins_tyranny:coal_cave_goblin, 1, 1, 1
5105, badlands, biomeswevegone:red_rock_valley, AMBIENT, goblins_tyranny:copper_cave_goblin, 1, 1, 1
5106, badlands, biomeswevegone:red_rock_valley, AMBIENT, goblins_tyranny:gold_cave_goblin, 1, 1, 1
5107, badlands, biomeswevegone:red_rock_valley, AMBIENT, goblins_tyranny:iron_cave_goblin, 1, 1, 1
5108, badlands, biomeswevegone:red_rock_valley, WATER_AMBIENT, alexsmobs:devils_hole_pupfish, 5, 5, 12
5109, forest, biomeswevegone:redwood_thicket, MONSTER, minecraft:spider, 10, 4, 4
5110, forest, biomeswevegone:redwood_thicket, MONSTER, minecraft:zombie, 10, 4, 4
5111, forest, biomeswevegone:redwood_thicket, MONSTER, minecraft:zombie_villager, 5, 1, 1
5112, forest, biomeswevegone:redwood_thicket, MONSTER, minecraft:skeleton, 10, 4, 4
5113, forest, biomeswevegone:redwood_thicket, MONSTER, minecraft:creeper, 10, 4, 4
5114, forest, biomeswevegone:redwood_thicket, MONSTER, minecraft:slime, 10, 4, 4
5115, forest, biomeswevegone:redwood_thicket, MONSTER, minecraft:enderman, 10, 1, 4
5116, forest, biomeswevegone:redwood_thicket, MONSTER, minecraft:witch, 5, 1, 1
5117, forest, biomeswevegone:redwood_thicket, MONSTER, alexsmobs:centipede_head, 5, 1, 1
5118, forest, biomeswevegone:redwood_thicket, MONSTER, alexsmobs:farseer, 5, 1, 1
5119, forest, biomeswevegone:redwood_thicket, MONSTER, alexsmobs:murmur, 5, 1, 1
5120, forest, biomeswevegone:redwood_thicket, MONSTER, realmrpg_demons:chort, 1, 1, 3
5121, forest, biomeswevegone:redwood_thicket, MONSTER, realmrpg_demons:demon, 8, 1, 3
5122, forest, biomeswevegone:redwood_thicket, MONSTER, realmrpg_demons:demon_lord, 2, 1, 1
5123, forest, biomeswevegone:redwood_thicket, MONSTER, the_awakening_of_the_elder_souls:golden_creeper, 1, 1, 1
5124, forest, biomeswevegone:redwood_thicket, MONSTER, the_awakening_of_the_elder_souls:golden_witch, 1, 1, 1
5125, forest, biomeswevegone:redwood_thicket, MONSTER, the_awakening_of_the_elder_souls:golden_zombie, 1, 1, 1
5126, forest, biomeswevegone:redwood_thicket, MONSTER, iceandfire:troll, 10, 1, 3
5127, forest, biomeswevegone:redwood_thicket, MONSTER, realmrpg_demons:imp, 10, 1, 3
5128, forest, biomeswevegone:redwood_thicket, MONSTER, realmrpg_demons:imp_guard, 8, 1, 3
5129, forest, biomeswevegone:redwood_thicket, MONSTER, mowziesmobs:grottol, 2, 1, 1
5130, forest, biomeswevegone:redwood_thicket, MONSTER, irons_spellbooks:necromancer, 1, 1, 1
5131, forest, biomeswevegone:redwood_thicket, MONSTER, eidolon:wraith, 1, 1, 3
5132, forest, biomeswevegone:redwood_thicket, MONSTER, eidolon:zombie_brute, 1, 1, 3
5133, forest, biomeswevegone:redwood_thicket, CREATURE, minecraft:sheep, 10, 4, 4
5134, forest, biomeswevegone:redwood_thicket, CREATURE, minecraft:pig, 10, 4, 4
5135, forest, biomeswevegone:redwood_thicket, CREATURE, minecraft:chicken, 10, 4, 4
5136, forest, biomeswevegone:redwood_thicket, CREATURE, minecraft:cow, 8, 4, 4
5137, forest, biomeswevegone:redwood_thicket, CREATURE, minecraft:wolf, 8, 4, 4
5138, forest, biomeswevegone:redwood_thicket, CREATURE, minecraft:rabbit, 4, 2, 3
5139, forest, biomeswevegone:redwood_thicket, CREATURE, minecraft:fox, 8, 2, 4
5140, forest, biomeswevegone:redwood_thicket, CREATURE, valoria:goblin, 10, 1, 2
5141, forest, biomeswevegone:redwood_thicket, CREATURE, alexsmobs:grizzly_bear, 5, 2, 3
5142, forest, biomeswevegone:redwood_thicket, CREATURE, alexsmobs:raccoon, 5, 2, 4
5143, forest, biomeswevegone:redwood_thicket, CREATURE, alexsmobs:crow, 5, 3, 5
5144, forest, biomeswevegone:redwood_thicket, CREATURE, alexsmobs:tasmanian_devil, 5, 1, 2
5145, forest, biomeswevegone:redwood_thicket, CREATURE, alexsmobs:skunk, 5, 1, 2
5146, forest, biomeswevegone:redwood_thicket, CREATURE, alexsmobs:blue_jay, 5, 2, 4
5147, forest, biomeswevegone:redwood_thicket, CREATURE, eidolon:raven, 1, 2, 4
5148, forest, biomeswevegone:redwood_thicket, CREATURE, eidolon:slimy_slug, 1, 2, 5
5149, forest, biomeswevegone:redwood_thicket, CREATURE, goblins_tyranny:wanderer_goblin, 1, 1, 1
5150, forest, biomeswevegone:redwood_thicket, AMBIENT, minecraft:bat, 10, 8, 8
5151, forest, biomeswevegone:redwood_thicket, AMBIENT, alexsmobs:fly, 5, 2, 3
5152, forest, biomeswevegone:redwood_thicket, AMBIENT, alexsmobs:cockroach, 5, 5, 5
5153, forest, biomeswevegone:redwood_thicket, AMBIENT, goblins_tyranny:coal_cave_goblin, 1, 1, 1
5154, forest, biomeswevegone:redwood_thicket, AMBIENT, goblins_tyranny:copper_cave_goblin, 1, 1, 1
5155, forest, biomeswevegone:redwood_thicket, AMBIENT, goblins_tyranny:gold_cave_goblin, 1, 1, 1
5156, forest, biomeswevegone:redwood_thicket, AMBIENT, goblins_tyranny:iron_cave_goblin, 1, 1, 1
5157, forest, biomeswevegone:redwood_thicket, UNDERGROUND_WATER_CREATURE, minecraft:glow_squid, 10, 4, 6
5158, forest, biomeswevegone:redwood_thicket, WATER_AMBIENT, alexsmobs:devils_hole_pupfish, 5, 5, 12
5159, river, minecraft:river, MONSTER, minecraft:spider, 10, 4, 4
5160, river, minecraft:river, MONSTER, minecraft:zombie, 10, 4, 4
5161, river, minecraft:river, MONSTER, minecraft:zombie_villager, 5, 1, 1
5162, river, minecraft:river, MONSTER, minecraft:skeleton, 10, 4, 4
5163, river, minecraft:river, MONSTER, minecraft:creeper, 10, 4, 4
5164, river, minecraft:river, MONSTER, minecraft:slime, 10, 4, 4
5165, river, minecraft:river, MONSTER, minecraft:enderman, 10, 1, 4
5166, river, minecraft:river, MONSTER, minecraft:witch, 5, 1, 1
5167, river, minecraft:river, MONSTER, minecraft:drowned, 10, 1, 1
5168, river, minecraft:river, MONSTER, alexsmobs:centipede_head, 5, 1, 1
5169, river, minecraft:river, MONSTER, alexsmobs:farseer, 5, 1, 1
5170, river, minecraft:river, MONSTER, alexsmobs:murmur, 5, 1, 1
5171, river, minecraft:river, MONSTER, realmrpg_demons:chort, 1, 1, 3
5172, river, minecraft:river, MONSTER, realmrpg_demons:demon, 8, 1, 3
5173, river, minecraft:river, MONSTER, realmrpg_demons:demon_lord, 2, 1, 1
5174, river, minecraft:river, MONSTER, mythicmobs:chupacabra, 5, 1, 1
5175, river, minecraft:river, MONSTER, the_awakening_of_the_elder_souls:golden_creeper, 1, 1, 1
5176, river, minecraft:river, MONSTER, the_awakening_of_the_elder_souls:golden_witch, 1, 1, 1
5177, river, minecraft:river, MONSTER, the_awakening_of_the_elder_souls:golden_zombie, 1, 1, 1
5178, river, minecraft:river, MONSTER, realmrpg_demons:imp, 10, 1, 3
5179, river, minecraft:river, MONSTER, realmrpg_demons:imp_guard, 8, 1, 3
5180, river, minecraft:river, MONSTER, mowziesmobs:grottol, 2, 1, 1
5181, river, minecraft:river, MONSTER, irons_spellbooks:necromancer, 1, 1, 1
5182, river, minecraft:river, MONSTER, eidolon:wraith, 1, 1, 3
5183, river, minecraft:river, MONSTER, eidolon:zombie_brute, 1, 1, 3
5184, river, minecraft:river, CREATURE, valoria:goblin, 10, 1, 2
5185, river, minecraft:river, CREATURE, alexsmobs:crocodile, 5, 1, 2
5186, river, minecraft:river, CREATURE, alexsmobs:platypus, 5, 1, 2
5187, river, minecraft:river, CREATURE, mythicmobs:drake, 5, 1, 4
5188, river, minecraft:river, CREATURE, mythicmobs:kobold, 5, 3, 6
5189, river, minecraft:river, CREATURE, mythicmobs:kobold_warrior, 5, 1, 3
5190, river, minecraft:river, CREATURE, mythicmobs:mushroom_thing, 5, 3, 5
5191, river, minecraft:river, CREATURE, goblins_tyranny:wanderer_goblin, 1, 1, 1
5192, river, minecraft:river, AMBIENT, minecraft:bat, 10, 8, 8
5193, river, minecraft:river, AMBIENT, alexsmobs:fly, 5, 2, 3
5194, river, minecraft:river, AMBIENT, alexsmobs:cockroach, 5, 5, 5
5195, river, minecraft:river, AMBIENT, goblins_tyranny:coal_cave_goblin, 1, 1, 1
5196, river, minecraft:river, AMBIENT, goblins_tyranny:copper_cave_goblin, 1, 1, 1
5197, river, minecraft:river, AMBIENT, goblins_tyranny:gold_cave_goblin, 1, 1, 1
5198, river, minecraft:river, AMBIENT, goblins_tyranny:iron_cave_goblin, 1, 1, 1
5199, river, minecraft:river, UNDERGROUND_WATER_CREATURE, minecraft:glow_squid, 10, 4, 6
5200, river, minecraft:river, WATER_CREATURE, minecraft:squid, 2, 1, 4
5201, river, minecraft:river, WATER_AMBIENT, minecraft:salmon, 5, 1, 5
5202, river, minecraft:river, WATER_AMBIENT, alexsmobs:terrapin, 5, 1, 2
5203, river, minecraft:river, WATER_AMBIENT, alexsmobs:devils_hole_pupfish, 5, 5, 12
5204, river, minecraft:river, WATER_AMBIENT, alexsmobs:catfish, 5, 1, 3
5205, none, biomeswevegone:rose_fields, MONSTER, minecraft:spider, 10, 4, 4
5206, none, biomeswevegone:rose_fields, MONSTER, minecraft:zombie, 10, 4, 4
5207, none, biomeswevegone:rose_fields, MONSTER, minecraft:zombie_villager, 5, 1, 1
5208, none, biomeswevegone:rose_fields, MONSTER, minecraft:skeleton, 10, 4, 4
5209, none, biomeswevegone:rose_fields, MONSTER, minecraft:creeper, 10, 4, 4
5210, none, biomeswevegone:rose_fields, MONSTER, minecraft:slime, 10, 4, 4
5211, none, biomeswevegone:rose_fields, MONSTER, minecraft:enderman, 10, 1, 4
5212, none, biomeswevegone:rose_fields, MONSTER, minecraft:witch, 5, 1, 1
5213, none, biomeswevegone:rose_fields, MONSTER, alexsmobs:centipede_head, 5, 1, 1
5214, none, biomeswevegone:rose_fields, MONSTER, alexsmobs:farseer, 5, 1, 1
5215, none, biomeswevegone:rose_fields, MONSTER, alexsmobs:murmur, 5, 1, 1
5216, none, biomeswevegone:rose_fields, MONSTER, realmrpg_demons:chort, 1, 1, 3
5217, none, biomeswevegone:rose_fields, MONSTER, realmrpg_demons:demon, 8, 1, 3
5218, none, biomeswevegone:rose_fields, MONSTER, realmrpg_demons:demon_lord, 2, 1, 1
5219, none, biomeswevegone:rose_fields, MONSTER, the_awakening_of_the_elder_souls:golden_creeper, 1, 1, 1
5220, none, biomeswevegone:rose_fields, MONSTER, the_awakening_of_the_elder_souls:golden_witch, 1, 1, 1
5221, none, biomeswevegone:rose_fields, MONSTER, the_awakening_of_the_elder_souls:golden_zombie, 1, 1, 1
5222, none, biomeswevegone:rose_fields, MONSTER, realmrpg_demons:imp, 10, 1, 3
5223, none, biomeswevegone:rose_fields, MONSTER, realmrpg_demons:imp_guard, 8, 1, 3
5224, none, biomeswevegone:rose_fields, MONSTER, mowziesmobs:grottol, 2, 1, 1
5225, none, biomeswevegone:rose_fields, MONSTER, irons_spellbooks:necromancer, 1, 1, 1
5226, none, biomeswevegone:rose_fields, MONSTER, eidolon:wraith, 1, 1, 3
5227, none, biomeswevegone:rose_fields, MONSTER, eidolon:zombie_brute, 1, 1, 3
5228, none, biomeswevegone:rose_fields, CREATURE, minecraft:sheep, 10, 4, 4
5229, none, biomeswevegone:rose_fields, CREATURE, minecraft:pig, 10, 4, 4
5230, none, biomeswevegone:rose_fields, CREATURE, minecraft:chicken, 10, 4, 4
5231, none, biomeswevegone:rose_fields, CREATURE, minecraft:cow, 8, 4, 4
5232, none, biomeswevegone:rose_fields, CREATURE, minecraft:horse, 5, 2, 6
5233, none, biomeswevegone:rose_fields, CREATURE, minecraft:donkey, 1, 1, 3
5234, none, biomeswevegone:rose_fields, CREATURE, minecraft:fox, 8, 2, 4
5235, none, biomeswevegone:rose_fields, CREATURE, valoria:goblin, 10, 1, 2
5236, none, biomeswevegone:rose_fields, CREATURE, alexsmobs:raccoon, 5, 2, 4
5237, none, biomeswevegone:rose_fields, CREATURE, alexsmobs:crow, 5, 3, 5
5238, none, biomeswevegone:rose_fields, CREATURE, alexsmobs:bison, 5, 6, 10
5239, none, biomeswevegone:rose_fields, CREATURE, goblins_tyranny:wanderer_goblin, 1, 1, 1
5240, none, biomeswevegone:rose_fields, AMBIENT, minecraft:bat, 10, 8, 8
5241, none, biomeswevegone:rose_fields, AMBIENT, alexsmobs:fly, 5, 2, 3
5242, none, biomeswevegone:rose_fields, AMBIENT, alexsmobs:cockroach, 5, 5, 5
5243, none, biomeswevegone:rose_fields, AMBIENT, goblins_tyranny:coal_cave_goblin, 1, 1, 1
5244, none, biomeswevegone:rose_fields, AMBIENT, goblins_tyranny:copper_cave_goblin, 1, 1, 1
5245, none, biomeswevegone:rose_fields, AMBIENT, goblins_tyranny:gold_cave_goblin, 1, 1, 1
5246, none, biomeswevegone:rose_fields, AMBIENT, goblins_tyranny:iron_cave_goblin, 1, 1, 1
5247, none, biomeswevegone:rose_fields, UNDERGROUND_WATER_CREATURE, minecraft:glow_squid, 10, 4, 6
5248, none, biomeswevegone:rose_fields, WATER_AMBIENT, alexsmobs:devils_hole_pupfish, 5, 5, 12
5249, desert, biomeswevegone:rugged_badlands, MONSTER, minecraft:spider, 10, 4, 4
5250, desert, biomeswevegone:rugged_badlands, MONSTER, minecraft:husk, 10, 4, 4
5251, desert, biomeswevegone:rugged_badlands, MONSTER, minecraft:zombie_villager, 5, 1, 1
5252, desert, biomeswevegone:rugged_badlands, MONSTER, minecraft:skeleton, 10, 4, 4
5253, desert, biomeswevegone:rugged_badlands, MONSTER, minecraft:creeper, 10, 4, 4
5254, desert, biomeswevegone:rugged_badlands, MONSTER, minecraft:slime, 10, 4, 4
5255, desert, biomeswevegone:rugged_badlands, MONSTER, minecraft:enderman, 10, 1, 4
5256, desert, biomeswevegone:rugged_badlands, MONSTER, minecraft:witch, 5, 1, 1
5257, desert, biomeswevegone:rugged_badlands, MONSTER, minecraft:ravager, 1, 1, 2
5258, desert, biomeswevegone:rugged_badlands, MONSTER, alexsmobs:centipede_head, 5, 1, 1
5259, desert, biomeswevegone:rugged_badlands, MONSTER, alexsmobs:guster, 5, 1, 2
5260, desert, biomeswevegone:rugged_badlands, MONSTER, alexsmobs:farseer, 5, 1, 1
5261, desert, biomeswevegone:rugged_badlands, MONSTER, alexsmobs:murmur, 5, 1, 1
5262, desert, biomeswevegone:rugged_badlands, MONSTER, realmrpg_demons:chort, 1, 1, 3
5263, desert, biomeswevegone:rugged_badlands, MONSTER, realmrpg_demons:demon, 8, 1, 3
5264, desert, biomeswevegone:rugged_badlands, MONSTER, realmrpg_demons:demon_lord, 2, 1, 1
5265, desert, biomeswevegone:rugged_badlands, MONSTER, the_awakening_of_the_elder_souls:golden_creeper, 1, 1, 1
5266, desert, biomeswevegone:rugged_badlands, MONSTER, the_awakening_of_the_elder_souls:golden_witch, 1, 1, 1
5267, desert, biomeswevegone:rugged_badlands, MONSTER, the_awakening_of_the_elder_souls:golden_zombie, 1, 1, 1
5268, desert, biomeswevegone:rugged_badlands, MONSTER, realmrpg_demons:imp, 10, 1, 3
5269, desert, biomeswevegone:rugged_badlands, MONSTER, realmrpg_demons:imp_guard, 8, 1, 3
5270, desert, biomeswevegone:rugged_badlands, MONSTER, mowziesmobs:grottol, 2, 1, 1
5271, desert, biomeswevegone:rugged_badlands, MONSTER, irons_spellbooks:necromancer, 1, 1, 1
5272, desert, biomeswevegone:rugged_badlands, MONSTER, eidolon:wraith, 1, 1, 3
5273, desert, biomeswevegone:rugged_badlands, MONSTER, eidolon:zombie_brute, 1, 1, 3
5274, desert, biomeswevegone:rugged_badlands, CREATURE, minecraft:rabbit, 4, 2, 3
5275, desert, biomeswevegone:rugged_badlands, CREATURE, valoria:goblin, 10, 1, 2
5276, desert, biomeswevegone:rugged_badlands, CREATURE, alexsmobs:roadrunner, 5, 2, 2
5277, desert, biomeswevegone:rugged_badlands, CREATURE, alexsmobs:rattlesnake, 5, 1, 2
5278, desert, biomeswevegone:rugged_badlands, CREATURE, alexsmobs:emu, 5, 2, 5
5279, desert, biomeswevegone:rugged_badlands, CREATURE, alexsmobs:kangaroo, 5, 3, 5
5280, desert, biomeswevegone:rugged_badlands, CREATURE, iceandfire:hippogryph, 1, 1, 1
5281, desert, biomeswevegone:rugged_badlands, CREATURE, goblins_tyranny:wanderer_goblin, 1, 1, 1
5282, desert, biomeswevegone:rugged_badlands, AMBIENT, minecraft:bat, 10, 8, 8
5283, desert, biomeswevegone:rugged_badlands, AMBIENT, alexsmobs:fly, 5, 2, 3
5284, desert, biomeswevegone:rugged_badlands, AMBIENT, alexsmobs:cockroach, 5, 5, 5
5285, desert, biomeswevegone:rugged_badlands, AMBIENT, goblins_tyranny:coal_cave_goblin, 1, 1, 1
5286, desert, biomeswevegone:rugged_badlands, AMBIENT, goblins_tyranny:copper_cave_goblin, 1, 1, 1
5287, desert, biomeswevegone:rugged_badlands, AMBIENT, goblins_tyranny:gold_cave_goblin, 1, 1, 1
5288, desert, biomeswevegone:rugged_badlands, AMBIENT, goblins_tyranny:iron_cave_goblin, 1, 1, 1
5289, desert, biomeswevegone:rugged_badlands, WATER_AMBIENT, alexsmobs:devils_hole_pupfish, 5, 5, 12
5290, forest, biomeswevegone:sakura_grove, MONSTER, minecraft:spider, 10, 4, 4
5291, forest, biomeswevegone:sakura_grove, MONSTER, minecraft:zombie, 10, 4, 4
5292, forest, biomeswevegone:sakura_grove, MONSTER, minecraft:zombie_villager, 5, 1, 1
5293, forest, biomeswevegone:sakura_grove, MONSTER, minecraft:skeleton, 10, 4, 4
5294, forest, biomeswevegone:sakura_grove, MONSTER, minecraft:creeper, 10, 4, 4
5295, forest, biomeswevegone:sakura_grove, MONSTER, minecraft:slime, 10, 4, 4
5296, forest, biomeswevegone:sakura_grove, MONSTER, minecraft:enderman, 10, 1, 4
5297, forest, biomeswevegone:sakura_grove, MONSTER, minecraft:witch, 5, 1, 1
5298, forest, biomeswevegone:sakura_grove, MONSTER, alexsmobs:centipede_head, 5, 1, 1
5299, forest, biomeswevegone:sakura_grove, MONSTER, alexsmobs:farseer, 5, 1, 1
5300, forest, biomeswevegone:sakura_grove, MONSTER, alexsmobs:murmur, 5, 1, 1
5301, forest, biomeswevegone:sakura_grove, MONSTER, realmrpg_demons:chort, 1, 1, 3
5302, forest, biomeswevegone:sakura_grove, MONSTER, realmrpg_demons:demon, 8, 1, 3
5303, forest, biomeswevegone:sakura_grove, MONSTER, realmrpg_demons:demon_lord, 2, 1, 1
5304, forest, biomeswevegone:sakura_grove, MONSTER, the_awakening_of_the_elder_souls:golden_creeper, 1, 1, 1
5305, forest, biomeswevegone:sakura_grove, MONSTER, the_awakening_of_the_elder_souls:golden_witch, 1, 1, 1
5306, forest, biomeswevegone:sakura_grove, MONSTER, the_awakening_of_the_elder_souls:golden_zombie, 1, 1, 1
5307, forest, biomeswevegone:sakura_grove, MONSTER, iceandfire:troll, 10, 1, 3
5308, forest, biomeswevegone:sakura_grove, MONSTER, realmrpg_demons:imp, 10, 1, 3
5309, forest, biomeswevegone:sakura_grove, MONSTER, realmrpg_demons:imp_guard, 8, 1, 3
5310, forest, biomeswevegone:sakura_grove, MONSTER, mowziesmobs:grottol, 2, 1, 1
5311, forest, biomeswevegone:sakura_grove, MONSTER, irons_spellbooks:necromancer, 1, 1, 1
5312, forest, biomeswevegone:sakura_grove, MONSTER, eidolon:wraith, 1, 1, 3
5313, forest, biomeswevegone:sakura_grove, MONSTER, eidolon:zombie_brute, 1, 1, 3
5314, forest, biomeswevegone:sakura_grove, CREATURE, minecraft:sheep, 10, 4, 4
5315, forest, biomeswevegone:sakura_grove, CREATURE, minecraft:pig, 10, 4, 4
5316, forest, biomeswevegone:sakura_grove, CREATURE, minecraft:chicken, 10, 4, 4
5317, forest, biomeswevegone:sakura_grove, CREATURE, minecraft:cow, 8, 4, 4
5318, forest, biomeswevegone:sakura_grove, CREATURE, minecraft:wolf, 5, 4, 4
5319, forest, biomeswevegone:sakura_grove, CREATURE, valoria:goblin, 10, 1, 2
5320, forest, biomeswevegone:sakura_grove, CREATURE, alexsmobs:grizzly_bear, 5, 2, 3
5321, forest, biomeswevegone:sakura_grove, CREATURE, alexsmobs:raccoon, 5, 2, 4
5322, forest, biomeswevegone:sakura_grove, CREATURE, alexsmobs:crow, 5, 3, 5
5323, forest, biomeswevegone:sakura_grove, CREATURE, alexsmobs:tasmanian_devil, 5, 1, 2
5324, forest, biomeswevegone:sakura_grove, CREATURE, alexsmobs:skunk, 5, 1, 2
5325, forest, biomeswevegone:sakura_grove, CREATURE, alexsmobs:blue_jay, 5, 2, 4
5326, forest, biomeswevegone:sakura_grove, CREATURE, eidolon:raven, 1, 2, 4
5327, forest, biomeswevegone:sakura_grove, CREATURE, eidolon:slimy_slug, 1, 2, 5
5328, forest, biomeswevegone:sakura_grove, CREATURE, goblins_tyranny:wanderer_goblin, 1, 1, 1
5329, forest, biomeswevegone:sakura_grove, AMBIENT, minecraft:bat, 10, 8, 8
5330, forest, biomeswevegone:sakura_grove, AMBIENT, alexsmobs:fly, 5, 2, 3
5331, forest, biomeswevegone:sakura_grove, AMBIENT, alexsmobs:cockroach, 5, 5, 5
5332, forest, biomeswevegone:sakura_grove, AMBIENT, goblins_tyranny:coal_cave_goblin, 1, 1, 1
5333, forest, biomeswevegone:sakura_grove, AMBIENT, goblins_tyranny:copper_cave_goblin, 1, 1, 1
5334, forest, biomeswevegone:sakura_grove, AMBIENT, goblins_tyranny:gold_cave_goblin, 1, 1, 1
5335, forest, biomeswevegone:sakura_grove, AMBIENT, goblins_tyranny:iron_cave_goblin, 1, 1, 1
5336, forest, biomeswevegone:sakura_grove, WATER_AMBIENT, alexsmobs:devils_hole_pupfish, 5, 5, 12
5337, none, ancient_aether:sakura_jungle, MONSTER, alexsmobs:farseer, 5, 1, 1
5338, none, ancient_aether:sakura_jungle, MONSTER, realmrpg_demons:chort, 1, 1, 3
5339, none, ancient_aether:sakura_jungle, MONSTER, realmrpg_demons:demon, 8, 1, 3
5340, none, ancient_aether:sakura_jungle, MONSTER, realmrpg_demons:demon_lord, 2, 1, 1
5341, none, ancient_aether:sakura_jungle, MONSTER, the_awakening_of_the_elder_souls:golden_creeper, 1, 1, 1
5342, none, ancient_aether:sakura_jungle, MONSTER, the_awakening_of_the_elder_souls:golden_witch, 1, 1, 1
5343, none, ancient_aether:sakura_jungle, MONSTER, the_awakening_of_the_elder_souls:golden_zombie, 1, 1, 1
5344, none, ancient_aether:sakura_jungle, MONSTER, realmrpg_demons:imp, 10, 1, 3
5345, none, ancient_aether:sakura_jungle, MONSTER, realmrpg_demons:imp_guard, 8, 1, 3
5346, none, ancient_aether:sakura_jungle, MONSTER, mowziesmobs:grottol, 2, 1, 1
5347, none, ancient_aether:sakura_jungle, CREATURE, aether:phyg, 10, 3, 4
5348, none, ancient_aether:sakura_jungle, CREATURE, aether:sheepuff, 10, 3, 4
5349, none, ancient_aether:sakura_jungle, CREATURE, aether:flying_cow, 10, 2, 5
5350, none, ancient_aether:sakura_jungle, CREATURE, aether:aerbunny, 10, 3, 3
5351, none, ancient_aether:sakura_jungle, CREATURE, aether:moa, 8, 1, 3
5352, none, ancient_aether:sakura_jungle, CREATURE, goblins_tyranny:wanderer_goblin, 1, 1, 1
5353, none, ancient_aether:sakura_jungle, AMBIENT, goblins_tyranny:coal_cave_goblin, 1, 1, 1
5354, none, ancient_aether:sakura_jungle, AMBIENT, goblins_tyranny:copper_cave_goblin, 1, 1, 1
5355, none, ancient_aether:sakura_jungle, AMBIENT, goblins_tyranny:gold_cave_goblin, 1, 1, 1
5356, none, ancient_aether:sakura_jungle, AMBIENT, goblins_tyranny:iron_cave_goblin, 1, 1, 1
5357, none, ancient_aether:sakura_jungle, AETHER_SURFACE_MONSTER, aether:aechor_plant, 7, 1, 1
5358, none, ancient_aether:sakura_jungle, AETHER_SURFACE_MONSTER, aether:blue_swet, 6, 1, 1
5359, none, ancient_aether:sakura_jungle, AETHER_SURFACE_MONSTER, aether:golden_swet, 6, 1, 1
5360, none, ancient_aether:sakura_jungle, AETHER_SURFACE_MONSTER, aether:whirlwind, 3, 1, 1
5361, none, ancient_aether:sakura_jungle, AETHER_SURFACE_MONSTER, aether:evil_whirlwind, 1, 1, 1
5362, none, ancient_aether:sakura_jungle, AETHER_DARKNESS_MONSTER, aether:cockatrice, 10, 1, 3
5363, none, ancient_aether:sakura_jungle, AETHER_DARKNESS_MONSTER, ancient_aether:slammroot, 2, 1, 1
5364, none, ancient_aether:sakura_jungle, AETHER_SKY_MONSTER, aether:zephyr, 10, 1, 1
5365, none, ancient_aether:sakura_jungle, AETHER_AERWHALE, aether:aerwhale, 10, 1, 1
5366, savanna, minecraft:savanna, MONSTER, minecraft:spider, 10, 4, 4
5367, savanna, minecraft:savanna, MONSTER, minecraft:zombie, 10, 4, 4
5368, savanna, minecraft:savanna, MONSTER, minecraft:zombie_villager, 5, 1, 1
5369, savanna, minecraft:savanna, MONSTER, minecraft:skeleton, 10, 4, 4
5370, savanna, minecraft:savanna, MONSTER, minecraft:creeper, 10, 4, 4
5371, savanna, minecraft:savanna, MONSTER, minecraft:slime, 10, 4, 4
5372, savanna, minecraft:savanna, MONSTER, minecraft:enderman, 10, 1, 4
5373, savanna, minecraft:savanna, MONSTER, minecraft:witch, 5, 1, 1
5374, savanna, minecraft:savanna, MONSTER, alexsmobs:centipede_head, 5, 1, 1
5375, savanna, minecraft:savanna, MONSTER, alexsmobs:farseer, 5, 1, 1
5376, savanna, minecraft:savanna, MONSTER, alexsmobs:murmur, 5, 1, 1
5377, savanna, minecraft:savanna, MONSTER, realmrpg_demons:chort, 1, 1, 3
5378, savanna, minecraft:savanna, MONSTER, realmrpg_demons:demon, 8, 1, 3
5379, savanna, minecraft:savanna, MONSTER, realmrpg_demons:demon_lord, 2, 1, 1
5380, savanna, minecraft:savanna, MONSTER, mythicmobs:chupacabra, 5, 1, 1
5381, savanna, minecraft:savanna, MONSTER, the_awakening_of_the_elder_souls:golden_creeper, 1, 1, 1
5382, savanna, minecraft:savanna, MONSTER, the_awakening_of_the_elder_souls:golden_witch, 1, 1, 1
5383, savanna, minecraft:savanna, MONSTER, the_awakening_of_the_elder_souls:golden_zombie, 1, 1, 1
5384, savanna, minecraft:savanna, MONSTER, realmrpg_demons:imp, 10, 1, 3
5385, savanna, minecraft:savanna, MONSTER, realmrpg_demons:imp_guard, 8, 1, 3
5386, savanna, minecraft:savanna, MONSTER, mowziesmobs:umvuthana_raptor, 5, 1, 1
5387, savanna, minecraft:savanna, MONSTER, mowziesmobs:grottol, 2, 1, 1
5388, savanna, minecraft:savanna, MONSTER, irons_spellbooks:necromancer, 1, 1, 1
5389, savanna, minecraft:savanna, MONSTER, eidolon:wraith, 1, 1, 3
5390, savanna, minecraft:savanna, MONSTER, eidolon:zombie_brute, 1, 1, 3
5391, savanna, minecraft:savanna, CREATURE, minecraft:sheep, 10, 4, 4
5392, savanna, minecraft:savanna, CREATURE, minecraft:pig, 10, 4, 4
5393, savanna, minecraft:savanna, CREATURE, minecraft:chicken, 10, 4, 4
5394, savanna, minecraft:savanna, CREATURE, minecraft:cow, 8, 4, 4
5395, savanna, minecraft:savanna, CREATURE, minecraft:horse, 1, 2, 6
5396, savanna, minecraft:savanna, CREATURE, minecraft:donkey, 1, 1, 1
5397, savanna, minecraft:savanna, CREATURE, valoria:goblin, 10, 1, 2
5398, savanna, minecraft:savanna, CREATURE, alexsmobs:gazelle, 5, 7, 7
5399, savanna, minecraft:savanna, CREATURE, alexsmobs:elephant, 5, 3, 5
5400, savanna, minecraft:savanna, CREATURE, alexsmobs:emu, 5, 2, 5
5401, savanna, minecraft:savanna, CREATURE, alexsmobs:kangaroo, 5, 3, 5
5402, savanna, minecraft:savanna, CREATURE, alexsmobs:maned_wolf, 5, 1, 1
5403, savanna, minecraft:savanna, CREATURE, alexsmobs:rhinoceros, 5, 3, 5
5404, savanna, minecraft:savanna, CREATURE, mythicmobs:drake, 5, 1, 4
5405, savanna, minecraft:savanna, CREATURE, mythicmobs:kobold, 5, 3, 6
5406, savanna, minecraft:savanna, CREATURE, mythicmobs:kobold_warrior, 5, 1, 3
5407, savanna, minecraft:savanna, CREATURE, mythicmobs:mushroom_thing, 5, 3, 5
5408, savanna, minecraft:savanna, CREATURE, iceandfire:cockatrice, 10, 1, 2
5409, savanna, minecraft:savanna, CREATURE, goblins_tyranny:wanderer_goblin, 1, 1, 1
5410, savanna, minecraft:savanna, AMBIENT, minecraft:bat, 10, 8, 8
5411, savanna, minecraft:savanna, AMBIENT, alexsmobs:fly, 5, 2, 3
5412, savanna, minecraft:savanna, AMBIENT, alexsmobs:cockroach, 5, 5, 5
5413, savanna, minecraft:savanna, AMBIENT, goblins_tyranny:coal_cave_goblin, 1, 1, 1
5414, savanna, minecraft:savanna, AMBIENT, goblins_tyranny:copper_cave_goblin, 1, 1, 1
5415, savanna, minecraft:savanna, AMBIENT, goblins_tyranny:gold_cave_goblin, 1, 1, 1
5416, savanna, minecraft:savanna, AMBIENT, goblins_tyranny:iron_cave_goblin, 1, 1, 1
5417, savanna, minecraft:savanna, UNDERGROUND_WATER_CREATURE, minecraft:glow_squid, 10, 4, 6
5418, savanna, minecraft:savanna, WATER_AMBIENT, alexsmobs:devils_hole_pupfish, 5, 5, 12
5419, savanna, minecraft:savanna_plateau, MONSTER, minecraft:spider, 10, 4, 4
5420, savanna, minecraft:savanna_plateau, MONSTER, minecraft:zombie, 10, 4, 4
5421, savanna, minecraft:savanna_plateau, MONSTER, minecraft:zombie_villager, 5, 1, 1
5422, savanna, minecraft:savanna_plateau, MONSTER, minecraft:skeleton, 10, 4, 4
5423, savanna, minecraft:savanna_plateau, MONSTER, minecraft:creeper, 10, 4, 4
5424, savanna, minecraft:savanna_plateau, MONSTER, minecraft:slime, 10, 4, 4
5425, savanna, minecraft:savanna_plateau, MONSTER, minecraft:enderman, 10, 1, 4
5426, savanna, minecraft:savanna_plateau, MONSTER, minecraft:witch, 5, 1, 1
5427, savanna, minecraft:savanna_plateau, MONSTER, alexsmobs:centipede_head, 5, 1, 1
5428, savanna, minecraft:savanna_plateau, MONSTER, alexsmobs:farseer, 5, 1, 1
5429, savanna, minecraft:savanna_plateau, MONSTER, alexsmobs:murmur, 5, 1, 1
5430, savanna, minecraft:savanna_plateau, MONSTER, realmrpg_demons:chort, 1, 1, 3
5431, savanna, minecraft:savanna_plateau, MONSTER, realmrpg_demons:demon, 8, 1, 3
5432, savanna, minecraft:savanna_plateau, MONSTER, realmrpg_demons:demon_lord, 2, 1, 1
5433, savanna, minecraft:savanna_plateau, MONSTER, mythicmobs:chupacabra, 5, 1, 1
5434, savanna, minecraft:savanna_plateau, MONSTER, the_awakening_of_the_elder_souls:golden_creeper, 1, 1, 1
5435, savanna, minecraft:savanna_plateau, MONSTER, the_awakening_of_the_elder_souls:golden_witch, 1, 1, 1
5436, savanna, minecraft:savanna_plateau, MONSTER, the_awakening_of_the_elder_souls:golden_zombie, 1, 1, 1
5437, savanna, minecraft:savanna_plateau, MONSTER, iceandfire:troll, 10, 1, 3
5438, savanna, minecraft:savanna_plateau, MONSTER, realmrpg_demons:imp, 10, 1, 3
5439, savanna, minecraft:savanna_plateau, MONSTER, realmrpg_demons:imp_guard, 8, 1, 3
5440, savanna, minecraft:savanna_plateau, MONSTER, mowziesmobs:umvuthana_raptor, 5, 1, 1
5441, savanna, minecraft:savanna_plateau, MONSTER, mowziesmobs:grottol, 2, 1, 1
5442, savanna, minecraft:savanna_plateau, MONSTER, irons_spellbooks:necromancer, 1, 1, 1
5443, savanna, minecraft:savanna_plateau, MONSTER, eidolon:wraith, 1, 1, 3
5444, savanna, minecraft:savanna_plateau, MONSTER, eidolon:zombie_brute, 1, 1, 3
5445, savanna, minecraft:savanna_plateau, CREATURE, minecraft:sheep, 10, 4, 4
5446, savanna, minecraft:savanna_plateau, CREATURE, minecraft:pig, 10, 4, 4
5447, savanna, minecraft:savanna_plateau, CREATURE, minecraft:chicken, 10, 4, 4
5448, savanna, minecraft:savanna_plateau, CREATURE, minecraft:cow, 8, 4, 4
5449, savanna, minecraft:savanna_plateau, CREATURE, minecraft:horse, 1, 2, 6
5450, savanna, minecraft:savanna_plateau, CREATURE, minecraft:donkey, 1, 1, 1
5451, savanna, minecraft:savanna_plateau, CREATURE, minecraft:llama, 8, 4, 4
5452, savanna, minecraft:savanna_plateau, CREATURE, valoria:goblin, 10, 1, 2
5453, savanna, minecraft:savanna_plateau, CREATURE, alexsmobs:gazelle, 5, 7, 7
5454, savanna, minecraft:savanna_plateau, CREATURE, alexsmobs:elephant, 5, 3, 5
5455, savanna, minecraft:savanna_plateau, CREATURE, alexsmobs:emu, 5, 2, 5
5456, savanna, minecraft:savanna_plateau, CREATURE, alexsmobs:kangaroo, 5, 3, 5
5457, savanna, minecraft:savanna_plateau, CREATURE, alexsmobs:maned_wolf, 5, 1, 1
5458, savanna, minecraft:savanna_plateau, CREATURE, alexsmobs:rhinoceros, 5, 3, 5
5459, savanna, minecraft:savanna_plateau, CREATURE, mythicmobs:drake, 5, 1, 4
5460, savanna, minecraft:savanna_plateau, CREATURE, mythicmobs:kobold, 5, 3, 6
5461, savanna, minecraft:savanna_plateau, CREATURE, mythicmobs:kobold_warrior, 5, 1, 3
5462, savanna, minecraft:savanna_plateau, CREATURE, mythicmobs:mushroom_thing, 5, 3, 5
5463, savanna, minecraft:savanna_plateau, CREATURE, iceandfire:hippogryph, 1, 1, 1
5464, savanna, minecraft:savanna_plateau, CREATURE, iceandfire:cockatrice, 10, 1, 2
5465, savanna, minecraft:savanna_plateau, CREATURE, goblins_tyranny:wanderer_goblin, 1, 1, 1
5466, savanna, minecraft:savanna_plateau, AMBIENT, minecraft:bat, 10, 8, 8
5467, savanna, minecraft:savanna_plateau, AMBIENT, alexsmobs:fly, 5, 2, 3
5468, savanna, minecraft:savanna_plateau, AMBIENT, alexsmobs:cockroach, 5, 5, 5
5469, savanna, minecraft:savanna_plateau, AMBIENT, goblins_tyranny:coal_cave_goblin, 1, 1, 1
5470, savanna, minecraft:savanna_plateau, AMBIENT, goblins_tyranny:copper_cave_goblin, 1, 1, 1
5471, savanna, minecraft:savanna_plateau, AMBIENT, goblins_tyranny:gold_cave_goblin, 1, 1, 1
5472, savanna, minecraft:savanna_plateau, AMBIENT, goblins_tyranny:iron_cave_goblin, 1, 1, 1
5473, savanna, minecraft:savanna_plateau, UNDERGROUND_WATER_CREATURE, minecraft:glow_squid, 10, 4, 6
5474, savanna, minecraft:savanna_plateau, WATER_AMBIENT, alexsmobs:devils_hole_pupfish, 5, 5, 12
5475, none, valoria:shade_forest, MONSTER, minecraft:skeleton, 5, 1, 2
5476, none, valoria:shade_forest, MONSTER, valoria:shadewood_spider, 10, 1, 3
5477, none, valoria:shade_forest, MONSTER, alexsmobs:farseer, 5, 1, 1
5478, none, valoria:shade_forest, MONSTER, realmrpg_demons:chort, 1, 1, 3
5479, none, valoria:shade_forest, MONSTER, realmrpg_demons:demon, 8, 1, 3
5480, none, valoria:shade_forest, MONSTER, realmrpg_demons:demon_lord, 2, 1, 1
5481, none, valoria:shade_forest, MONSTER, the_awakening_of_the_elder_souls:golden_creeper, 1, 1, 1
5482, none, valoria:shade_forest, MONSTER, the_awakening_of_the_elder_souls:golden_witch, 1, 1, 1
5483, none, valoria:shade_forest, MONSTER, the_awakening_of_the_elder_souls:golden_zombie, 1, 1, 1
5484, none, valoria:shade_forest, MONSTER, realmrpg_demons:imp, 10, 1, 3
5485, none, valoria:shade_forest, MONSTER, realmrpg_demons:imp_guard, 8, 1, 3
5486, none, valoria:shade_forest, MONSTER, mowziesmobs:grottol, 2, 1, 1
5487, none, valoria:shade_forest, CREATURE, goblins_tyranny:wanderer_goblin, 1, 1, 1
5488, none, valoria:shade_forest, AMBIENT, minecraft:bat, 3, 1, 1
5489, none, valoria:shade_forest, AMBIENT, goblins_tyranny:coal_cave_goblin, 1, 1, 1
5490, none, valoria:shade_forest, AMBIENT, goblins_tyranny:copper_cave_goblin, 1, 1, 1
5491, none, valoria:shade_forest, AMBIENT, goblins_tyranny:gold_cave_goblin, 1, 1, 1
5492, none, valoria:shade_forest, AMBIENT, goblins_tyranny:iron_cave_goblin, 1, 1, 1
5493, none, valoria:shade_forest, UNDERGROUND_WATER_CREATURE, minecraft:glow_squid, 3, 1, 2
5494, the_end, betterend:shadow_forest, MONSTER, betterend:shadow_walker, 10, 2, 4
5495, the_end, betterend:shadow_forest, MONSTER, minecraft:enderman, 10, 1, 4
5496, the_end, betterend:shadow_forest, MONSTER, minecraft:phantom, 1, 1, 2
5497, the_end, betterend:shadow_forest, MONSTER, alexsmobs:farseer, 5, 1, 1
5498, the_end, betterend:shadow_forest, MONSTER, realmrpg_demons:chort, 1, 1, 3
5499, the_end, betterend:shadow_forest, MONSTER, realmrpg_demons:demon, 8, 1, 3
5500, the_end, betterend:shadow_forest, MONSTER, realmrpg_demons:demon_lord, 2, 1, 1
5501, the_end, betterend:shadow_forest, MONSTER, the_awakening_of_the_elder_souls:golden_creeper, 1, 1, 1
5502, the_end, betterend:shadow_forest, MONSTER, the_awakening_of_the_elder_souls:golden_witch, 1, 1, 1
5503, the_end, betterend:shadow_forest, MONSTER, the_awakening_of_the_elder_souls:golden_zombie, 1, 1, 1
5504, the_end, betterend:shadow_forest, MONSTER, realmrpg_demons:imp, 10, 1, 3
5505, the_end, betterend:shadow_forest, MONSTER, realmrpg_demons:imp_guard, 8, 1, 3
5506, the_end, betterend:shadow_forest, MONSTER, mowziesmobs:grottol, 2, 1, 1
5507, the_end, betterend:shadow_forest, CREATURE, alexsmobs:endergrade, 5, 2, 6
5508, the_end, betterend:shadow_forest, CREATURE, alexsmobs:spectre, 5, 1, 2
5509, the_end, betterend:shadow_forest, CREATURE, alexsmobs:enderiophage, 5, 2, 2
5510, the_end, betterend:shadow_forest, CREATURE, alexsmobs:cosmaw, 5, 1, 2
5511, the_end, betterend:shadow_forest, CREATURE, goblins_tyranny:wanderer_goblin, 1, 1, 1
5512, the_end, betterend:shadow_forest, AMBIENT, alexsmobs:cosmic_cod, 5, 9, 13
5513, the_end, betterend:shadow_forest, AMBIENT, goblins_tyranny:coal_cave_goblin, 1, 1, 1
5514, the_end, betterend:shadow_forest, AMBIENT, goblins_tyranny:copper_cave_goblin, 1, 1, 1
5515, the_end, betterend:shadow_forest, AMBIENT, goblins_tyranny:gold_cave_goblin, 1, 1, 1
5516, the_end, betterend:shadow_forest, AMBIENT, goblins_tyranny:iron_cave_goblin, 1, 1, 1
5517, none, biomeswevegone:shattered_glacier, MONSTER, minecraft:spider, 10, 4, 4
5518, none, biomeswevegone:shattered_glacier, MONSTER, minecraft:zombie, 10, 4, 4
5519, none, biomeswevegone:shattered_glacier, MONSTER, minecraft:zombie_villager, 5, 1, 1
5520, none, biomeswevegone:shattered_glacier, MONSTER, minecraft:skeleton, 10, 4, 4
5521, none, biomeswevegone:shattered_glacier, MONSTER, minecraft:creeper, 10, 4, 4
5522, none, biomeswevegone:shattered_glacier, MONSTER, minecraft:slime, 10, 4, 4
5523, none, biomeswevegone:shattered_glacier, MONSTER, minecraft:enderman, 10, 1, 4
5524, none, biomeswevegone:shattered_glacier, MONSTER, minecraft:witch, 5, 1, 1
5525, none, biomeswevegone:shattered_glacier, MONSTER, minecraft:stray, 10, 4, 4
5526, none, biomeswevegone:shattered_glacier, MONSTER, alexsmobs:centipede_head, 5, 1, 1
5527, none, biomeswevegone:shattered_glacier, MONSTER, alexsmobs:farseer, 5, 1, 1
5528, none, biomeswevegone:shattered_glacier, MONSTER, alexsmobs:murmur, 5, 1, 1
5529, none, biomeswevegone:shattered_glacier, MONSTER, realmrpg_demons:chort, 1, 1, 3
5530, none, biomeswevegone:shattered_glacier, MONSTER, realmrpg_demons:demon, 8, 1, 3
5531, none, biomeswevegone:shattered_glacier, MONSTER, realmrpg_demons:demon_lord, 2, 1, 1
5532, none, biomeswevegone:shattered_glacier, MONSTER, the_awakening_of_the_elder_souls:golden_creeper, 1, 1, 1
5533, none, biomeswevegone:shattered_glacier, MONSTER, the_awakening_of_the_elder_souls:golden_witch, 1, 1, 1
5534, none, biomeswevegone:shattered_glacier, MONSTER, the_awakening_of_the_elder_souls:golden_zombie, 1, 1, 1
5535, none, biomeswevegone:shattered_glacier, MONSTER, iceandfire:troll, 10, 1, 3
5536, none, biomeswevegone:shattered_glacier, MONSTER, realmrpg_demons:imp, 10, 1, 3
5537, none, biomeswevegone:shattered_glacier, MONSTER, realmrpg_demons:imp_guard, 8, 1, 3
5538, none, biomeswevegone:shattered_glacier, MONSTER, mowziesmobs:grottol, 2, 1, 1
5539, none, biomeswevegone:shattered_glacier, MONSTER, irons_spellbooks:necromancer, 1, 1, 1
5540, none, biomeswevegone:shattered_glacier, MONSTER, eidolon:wraith, 1, 1, 3
5541, none, biomeswevegone:shattered_glacier, MONSTER, eidolon:zombie_brute, 1, 1, 3
5542, none, biomeswevegone:shattered_glacier, CREATURE, valoria:goblin, 10, 1, 2
5543, none, biomeswevegone:shattered_glacier, CREATURE, iceandfire:hippogryph, 1, 1, 1
5544, none, biomeswevegone:shattered_glacier, CREATURE, eidolon:slimy_slug, 1, 2, 3
5545, none, biomeswevegone:shattered_glacier, CREATURE, goblins_tyranny:wanderer_goblin, 1, 1, 1
5546, none, biomeswevegone:shattered_glacier, AMBIENT, minecraft:bat, 10, 8, 8
5547, none, biomeswevegone:shattered_glacier, AMBIENT, alexsmobs:fly, 5, 2, 3
5548, none, biomeswevegone:shattered_glacier, AMBIENT, alexsmobs:cockroach, 5, 5, 5
5549, none, biomeswevegone:shattered_glacier, AMBIENT, goblins_tyranny:coal_cave_goblin, 1, 1, 1
5550, none, biomeswevegone:shattered_glacier, AMBIENT, goblins_tyranny:copper_cave_goblin, 1, 1, 1
5551, none, biomeswevegone:shattered_glacier, AMBIENT, goblins_tyranny:gold_cave_goblin, 1, 1, 1
5552, none, biomeswevegone:shattered_glacier, AMBIENT, goblins_tyranny:iron_cave_goblin, 1, 1, 1
5553, none, biomeswevegone:shattered_glacier, UNDERGROUND_WATER_CREATURE, minecraft:glow_squid, 10, 4, 6
5554, none, biomeswevegone:shattered_glacier, WATER_AMBIENT, alexsmobs:devils_hole_pupfish, 5, 5, 12
5555, badlands, biomeswevegone:sierra_badlands, MONSTER, minecraft:spider, 10, 4, 4
5556, badlands, biomeswevegone:sierra_badlands, MONSTER, minecraft:husk, 10, 4, 4
5557, badlands, biomeswevegone:sierra_badlands, MONSTER, minecraft:zombie_villager, 5, 1, 1
5558, badlands, biomeswevegone:sierra_badlands, MONSTER, minecraft:skeleton, 10, 4, 4
5559, badlands, biomeswevegone:sierra_badlands, MONSTER, minecraft:creeper, 10, 4, 4
5560, badlands, biomeswevegone:sierra_badlands, MONSTER, minecraft:slime, 10, 4, 4
5561, badlands, biomeswevegone:sierra_badlands, MONSTER, minecraft:enderman, 10, 1, 4
5562, badlands, biomeswevegone:sierra_badlands, MONSTER, minecraft:witch, 5, 1, 1
5563, badlands, biomeswevegone:sierra_badlands, MONSTER, alexsmobs:centipede_head, 5, 1, 1
5564, badlands, biomeswevegone:sierra_badlands, MONSTER, alexsmobs:farseer, 5, 1, 1
5565, badlands, biomeswevegone:sierra_badlands, MONSTER, alexsmobs:murmur, 5, 1, 1
5566, badlands, biomeswevegone:sierra_badlands, MONSTER, realmrpg_demons:chort, 1, 1, 3
5567, badlands, biomeswevegone:sierra_badlands, MONSTER, realmrpg_demons:demon, 8, 1, 3
5568, badlands, biomeswevegone:sierra_badlands, MONSTER, realmrpg_demons:demon_lord, 2, 1, 1
5569, badlands, biomeswevegone:sierra_badlands, MONSTER, the_awakening_of_the_elder_souls:golden_creeper, 1, 1, 1
5570, badlands, biomeswevegone:sierra_badlands, MONSTER, the_awakening_of_the_elder_souls:golden_witch, 1, 1, 1
5571, badlands, biomeswevegone:sierra_badlands, MONSTER, the_awakening_of_the_elder_souls:golden_zombie, 1, 1, 1
5572, badlands, biomeswevegone:sierra_badlands, MONSTER, realmrpg_demons:imp, 10, 1, 3
5573, badlands, biomeswevegone:sierra_badlands, MONSTER, realmrpg_demons:imp_guard, 8, 1, 3
5574, badlands, biomeswevegone:sierra_badlands, MONSTER, mowziesmobs:grottol, 2, 1, 1
5575, badlands, biomeswevegone:sierra_badlands, MONSTER, irons_spellbooks:necromancer, 1, 1, 1
5576, badlands, biomeswevegone:sierra_badlands, MONSTER, eidolon:wraith, 1, 1, 3
5577, badlands, biomeswevegone:sierra_badlands, MONSTER, eidolon:zombie_brute, 1, 1, 3
5578, badlands, biomeswevegone:sierra_badlands, CREATURE, minecraft:rabbit, 4, 2, 3
5579, badlands, biomeswevegone:sierra_badlands, CREATURE, valoria:goblin, 10, 1, 2
5580, badlands, biomeswevegone:sierra_badlands, CREATURE, alexsmobs:roadrunner, 5, 2, 2
5581, badlands, biomeswevegone:sierra_badlands, CREATURE, alexsmobs:rattlesnake, 5, 1, 2
5582, badlands, biomeswevegone:sierra_badlands, CREATURE, alexsmobs:emu, 5, 2, 5
5583, badlands, biomeswevegone:sierra_badlands, CREATURE, alexsmobs:kangaroo, 5, 3, 5
5584, badlands, biomeswevegone:sierra_badlands, CREATURE, iceandfire:hippogryph, 1, 1, 1
5585, badlands, biomeswevegone:sierra_badlands, CREATURE, goblins_tyranny:wanderer_goblin, 1, 1, 1
5586, badlands, biomeswevegone:sierra_badlands, AMBIENT, minecraft:bat, 10, 8, 8
5587, badlands, biomeswevegone:sierra_badlands, AMBIENT, alexsmobs:fly, 5, 2, 3
5588, badlands, biomeswevegone:sierra_badlands, AMBIENT, alexsmobs:cockroach, 5, 5, 5
5589, badlands, biomeswevegone:sierra_badlands, AMBIENT, goblins_tyranny:coal_cave_goblin, 1, 1, 1
5590, badlands, biomeswevegone:sierra_badlands, AMBIENT, goblins_tyranny:copper_cave_goblin, 1, 1, 1
5591, badlands, biomeswevegone:sierra_badlands, AMBIENT, goblins_tyranny:gold_cave_goblin, 1, 1, 1
5592, badlands, biomeswevegone:sierra_badlands, AMBIENT, goblins_tyranny:iron_cave_goblin, 1, 1, 1
5593, badlands, biomeswevegone:sierra_badlands, WATER_AMBIENT, alexsmobs:devils_hole_pupfish, 5, 5, 12
5594, none, ancient_aether:sky_lake, MONSTER, alexsmobs:farseer, 5, 1, 1
5595, none, ancient_aether:sky_lake, MONSTER, realmrpg_demons:chort, 1, 1, 3
5596, none, ancient_aether:sky_lake, MONSTER, realmrpg_demons:demon, 8, 1, 3
5597, none, ancient_aether:sky_lake, MONSTER, realmrpg_demons:demon_lord, 2, 1, 1
5598, none, ancient_aether:sky_lake, MONSTER, the_awakening_of_the_elder_souls:golden_creeper, 1, 1, 1
5599, none, ancient_aether:sky_lake, MONSTER, the_awakening_of_the_elder_souls:golden_witch, 1, 1, 1
5600, none, ancient_aether:sky_lake, MONSTER, the_awakening_of_the_elder_souls:golden_zombie, 1, 1, 1
5601, none, ancient_aether:sky_lake, MONSTER, realmrpg_demons:imp, 10, 1, 3
5602, none, ancient_aether:sky_lake, MONSTER, realmrpg_demons:imp_guard, 8, 1, 3
5603, none, ancient_aether:sky_lake, MONSTER, mowziesmobs:grottol, 2, 1, 1
5604, none, ancient_aether:sky_lake, CREATURE, aether:phyg, 10, 3, 4
5605, none, ancient_aether:sky_lake, CREATURE, aether:sheepuff, 10, 3, 4
5606, none, ancient_aether:sky_lake, CREATURE, aether:flying_cow, 10, 2, 5
5607, none, ancient_aether:sky_lake, CREATURE, aether:aerbunny, 10, 3, 3
5608, none, ancient_aether:sky_lake, CREATURE, aether:moa, 8, 1, 3
5609, none, ancient_aether:sky_lake, CREATURE, goblins_tyranny:wanderer_goblin, 1, 1, 1
5610, none, ancient_aether:sky_lake, AMBIENT, goblins_tyranny:coal_cave_goblin, 1, 1, 1
5611, none, ancient_aether:sky_lake, AMBIENT, goblins_tyranny:copper_cave_goblin, 1, 1, 1
5612, none, ancient_aether:sky_lake, AMBIENT, goblins_tyranny:gold_cave_goblin, 1, 1, 1
5613, none, ancient_aether:sky_lake, AMBIENT, goblins_tyranny:iron_cave_goblin, 1, 1, 1
5614, none, ancient_aether:sky_lake, AETHER_SURFACE_MONSTER, aether:aechor_plant, 7, 1, 1
5615, none, ancient_aether:sky_lake, AETHER_SURFACE_MONSTER, aether:blue_swet, 6, 1, 1
5616, none, ancient_aether:sky_lake, AETHER_SURFACE_MONSTER, aether:golden_swet, 6, 1, 1
5617, none, ancient_aether:sky_lake, AETHER_SURFACE_MONSTER, aether:whirlwind, 3, 1, 1
5618, none, ancient_aether:sky_lake, AETHER_SURFACE_MONSTER, aether:evil_whirlwind, 1, 1, 1
5619, none, ancient_aether:sky_lake, AETHER_DARKNESS_MONSTER, aether:cockatrice, 10, 1, 3
5620, none, ancient_aether:sky_lake, AETHER_SKY_MONSTER, aether:zephyr, 10, 1, 1
5621, none, ancient_aether:sky_lake, AETHER_AERWHALE, aether:aerwhale, 10, 1, 1
5622, forest, biomeswevegone:skyrise_vale, MONSTER, minecraft:spider, 10, 4, 4
5623, forest, biomeswevegone:skyrise_vale, MONSTER, minecraft:skeleton, 10, 4, 4
5624, forest, biomeswevegone:skyrise_vale, MONSTER, minecraft:slime, 10, 4, 4
5625, forest, biomeswevegone:skyrise_vale, MONSTER, minecraft:enderman, 10, 1, 4
5626, forest, biomeswevegone:skyrise_vale, MONSTER, minecraft:witch, 5, 1, 1
5627, forest, biomeswevegone:skyrise_vale, MONSTER, alexsmobs:centipede_head, 5, 1, 1
5628, forest, biomeswevegone:skyrise_vale, MONSTER, alexsmobs:farseer, 5, 1, 1
5629, forest, biomeswevegone:skyrise_vale, MONSTER, alexsmobs:murmur, 5, 1, 1
5630, forest, biomeswevegone:skyrise_vale, MONSTER, realmrpg_demons:chort, 1, 1, 3
5631, forest, biomeswevegone:skyrise_vale, MONSTER, realmrpg_demons:demon, 8, 1, 3
5632, forest, biomeswevegone:skyrise_vale, MONSTER, realmrpg_demons:demon_lord, 2, 1, 1
5633, forest, biomeswevegone:skyrise_vale, MONSTER, the_awakening_of_the_elder_souls:golden_creeper, 1, 1, 1
5634, forest, biomeswevegone:skyrise_vale, MONSTER, the_awakening_of_the_elder_souls:golden_witch, 1, 1, 1
5635, forest, biomeswevegone:skyrise_vale, MONSTER, the_awakening_of_the_elder_souls:golden_zombie, 1, 1, 1
5636, forest, biomeswevegone:skyrise_vale, MONSTER, iceandfire:troll, 10, 1, 3
5637, forest, biomeswevegone:skyrise_vale, MONSTER, realmrpg_demons:imp, 10, 1, 3
5638, forest, biomeswevegone:skyrise_vale, MONSTER, realmrpg_demons:imp_guard, 8, 1, 3
5639, forest, biomeswevegone:skyrise_vale, MONSTER, mowziesmobs:grottol, 2, 1, 1
5640, forest, biomeswevegone:skyrise_vale, MONSTER, irons_spellbooks:necromancer, 1, 1, 1
5641, forest, biomeswevegone:skyrise_vale, MONSTER, eidolon:wraith, 1, 1, 3
5642, forest, biomeswevegone:skyrise_vale, MONSTER, eidolon:zombie_brute, 1, 1, 3
5643, forest, biomeswevegone:skyrise_vale, CREATURE, minecraft:sheep, 10, 4, 4
5644, forest, biomeswevegone:skyrise_vale, CREATURE, minecraft:pig, 10, 4, 4
5645, forest, biomeswevegone:skyrise_vale, CREATURE, minecraft:chicken, 10, 4, 4
5646, forest, biomeswevegone:skyrise_vale, CREATURE, minecraft:cow, 8, 4, 4
5647, forest, biomeswevegone:skyrise_vale, CREATURE, minecraft:rabbit, 4, 2, 3
5648, forest, biomeswevegone:skyrise_vale, CREATURE, minecraft:fox, 8, 2, 4
5649, forest, biomeswevegone:skyrise_vale, CREATURE, valoria:goblin, 10, 1, 2
5650, forest, biomeswevegone:skyrise_vale, CREATURE, alexsmobs:grizzly_bear, 5, 2, 3
5651, forest, biomeswevegone:skyrise_vale, CREATURE, alexsmobs:raccoon, 5, 2, 4
5652, forest, biomeswevegone:skyrise_vale, CREATURE, alexsmobs:crow, 5, 3, 5
5653, forest, biomeswevegone:skyrise_vale, CREATURE, alexsmobs:tasmanian_devil, 5, 1, 2
5654, forest, biomeswevegone:skyrise_vale, CREATURE, alexsmobs:skunk, 5, 1, 2
5655, forest, biomeswevegone:skyrise_vale, CREATURE, alexsmobs:blue_jay, 5, 2, 4
5656, forest, biomeswevegone:skyrise_vale, CREATURE, eidolon:raven, 1, 2, 4
5657, forest, biomeswevegone:skyrise_vale, CREATURE, eidolon:slimy_slug, 1, 2, 5
5658, forest, biomeswevegone:skyrise_vale, CREATURE, goblins_tyranny:wanderer_goblin, 1, 1, 1
5659, forest, biomeswevegone:skyrise_vale, AMBIENT, minecraft:bat, 10, 8, 8
5660, forest, biomeswevegone:skyrise_vale, AMBIENT, alexsmobs:fly, 5, 2, 3
5661, forest, biomeswevegone:skyrise_vale, AMBIENT, alexsmobs:cockroach, 5, 5, 5
5662, forest, biomeswevegone:skyrise_vale, AMBIENT, goblins_tyranny:coal_cave_goblin, 1, 1, 1
5663, forest, biomeswevegone:skyrise_vale, AMBIENT, goblins_tyranny:copper_cave_goblin, 1, 1, 1
5664, forest, biomeswevegone:skyrise_vale, AMBIENT, goblins_tyranny:gold_cave_goblin, 1, 1, 1
5665, forest, biomeswevegone:skyrise_vale, AMBIENT, goblins_tyranny:iron_cave_goblin, 1, 1, 1
5666, forest, biomeswevegone:skyrise_vale, WATER_AMBIENT, alexsmobs:devils_hole_pupfish, 5, 5, 12
5667, none, aether:skyroot_forest, MONSTER, alexsmobs:farseer, 5, 1, 1
5668, none, aether:skyroot_forest, MONSTER, realmrpg_demons:chort, 1, 1, 3
5669, none, aether:skyroot_forest, MONSTER, realmrpg_demons:demon, 8, 1, 3
5670, none, aether:skyroot_forest, MONSTER, realmrpg_demons:demon_lord, 2, 1, 1
5671, none, aether:skyroot_forest, MONSTER, the_awakening_of_the_elder_souls:golden_creeper, 1, 1, 1
5672, none, aether:skyroot_forest, MONSTER, the_awakening_of_the_elder_souls:golden_witch, 1, 1, 1
5673, none, aether:skyroot_forest, MONSTER, the_awakening_of_the_elder_souls:golden_zombie, 1, 1, 1
5674, none, aether:skyroot_forest, MONSTER, realmrpg_demons:imp, 10, 1, 3
5675, none, aether:skyroot_forest, MONSTER, realmrpg_demons:imp_guard, 8, 1, 3
5676, none, aether:skyroot_forest, MONSTER, mowziesmobs:grottol, 2, 1, 1
5677, none, aether:skyroot_forest, CREATURE, aether:phyg, 10, 3, 4
5678, none, aether:skyroot_forest, CREATURE, aether:sheepuff, 10, 3, 4
5679, none, aether:skyroot_forest, CREATURE, aether:flying_cow, 10, 2, 5
5680, none, aether:skyroot_forest, CREATURE, aether:aerbunny, 10, 3, 3
5681, none, aether:skyroot_forest, CREATURE, aether:moa, 8, 1, 3
5682, none, aether:skyroot_forest, CREATURE, goblins_tyranny:wanderer_goblin, 1, 1, 1
5683, none, aether:skyroot_forest, AMBIENT, goblins_tyranny:coal_cave_goblin, 1, 1, 1
5684, none, aether:skyroot_forest, AMBIENT, goblins_tyranny:copper_cave_goblin, 1, 1, 1
5685, none, aether:skyroot_forest, AMBIENT, goblins_tyranny:gold_cave_goblin, 1, 1, 1
5686, none, aether:skyroot_forest, AMBIENT, goblins_tyranny:iron_cave_goblin, 1, 1, 1
5687, none, aether:skyroot_forest, AETHER_SURFACE_MONSTER, aether:aechor_plant, 7, 1, 1
5688, none, aether:skyroot_forest, AETHER_SURFACE_MONSTER, aether:blue_swet, 6, 1, 1
5689, none, aether:skyroot_forest, AETHER_SURFACE_MONSTER, aether:golden_swet, 6, 1, 1
5690, none, aether:skyroot_forest, AETHER_SURFACE_MONSTER, aether:whirlwind, 3, 1, 1
5691, none, aether:skyroot_forest, AETHER_SURFACE_MONSTER, aether:evil_whirlwind, 1, 1, 1
5692, none, aether:skyroot_forest, AETHER_DARKNESS_MONSTER, aether:cockatrice, 10, 1, 3
5693, none, aether:skyroot_forest, AETHER_SKY_MONSTER, aether:zephyr, 10, 1, 1
5694, none, aether:skyroot_forest, AETHER_AERWHALE, aether:aerwhale, 10, 1, 1
5695, none, aether:skyroot_grove, MONSTER, alexsmobs:farseer, 5, 1, 1
5696, none, aether:skyroot_grove, MONSTER, realmrpg_demons:chort, 1, 1, 3
5697, none, aether:skyroot_grove, MONSTER, realmrpg_demons:demon, 8, 1, 3
5698, none, aether:skyroot_grove, MONSTER, realmrpg_demons:demon_lord, 2, 1, 1
5699, none, aether:skyroot_grove, MONSTER, the_awakening_of_the_elder_souls:golden_creeper, 1, 1, 1
5700, none, aether:skyroot_grove, MONSTER, the_awakening_of_the_elder_souls:golden_witch, 1, 1, 1
5701, none, aether:skyroot_grove, MONSTER, the_awakening_of_the_elder_souls:golden_zombie, 1, 1, 1
5702, none, aether:skyroot_grove, MONSTER, realmrpg_demons:imp, 10, 1, 3
5703, none, aether:skyroot_grove, MONSTER, realmrpg_demons:imp_guard, 8, 1, 3
5704, none, aether:skyroot_grove, MONSTER, mowziesmobs:grottol, 2, 1, 1
5705, none, aether:skyroot_grove, CREATURE, aether:phyg, 10, 3, 4
5706, none, aether:skyroot_grove, CREATURE, aether:sheepuff, 10, 3, 4
5707, none, aether:skyroot_grove, CREATURE, aether:flying_cow, 10, 2, 5
5708, none, aether:skyroot_grove, CREATURE, aether:aerbunny, 10, 3, 3
5709, none, aether:skyroot_grove, CREATURE, aether:moa, 8, 1, 3
5710, none, aether:skyroot_grove, CREATURE, goblins_tyranny:wanderer_goblin, 1, 1, 1
5711, none, aether:skyroot_grove, AMBIENT, goblins_tyranny:coal_cave_goblin, 1, 1, 1
5712, none, aether:skyroot_grove, AMBIENT, goblins_tyranny:copper_cave_goblin, 1, 1, 1
5713, none, aether:skyroot_grove, AMBIENT, goblins_tyranny:gold_cave_goblin, 1, 1, 1
5714, none, aether:skyroot_grove, AMBIENT, goblins_tyranny:iron_cave_goblin, 1, 1, 1
5715, none, aether:skyroot_grove, AETHER_SURFACE_MONSTER, aether:aechor_plant, 7, 1, 1
5716, none, aether:skyroot_grove, AETHER_SURFACE_MONSTER, aether:blue_swet, 6, 1, 1
5717, none, aether:skyroot_grove, AETHER_SURFACE_MONSTER, aether:golden_swet, 6, 1, 1
5718, none, aether:skyroot_grove, AETHER_SURFACE_MONSTER, aether:whirlwind, 3, 1, 1
5719, none, aether:skyroot_grove, AETHER_SURFACE_MONSTER, aether:evil_whirlwind, 1, 1, 1
5720, none, aether:skyroot_grove, AETHER_DARKNESS_MONSTER, aether:cockatrice, 10, 1, 3
5721, none, aether:skyroot_grove, AETHER_SKY_MONSTER, aether:zephyr, 10, 1, 1
5722, none, aether:skyroot_grove, AETHER_AERWHALE, aether:aerwhale, 10, 1, 1
5723, none, ancient_aether:skyroot_jungle, MONSTER, alexsmobs:farseer, 5, 1, 1
5724, none, ancient_aether:skyroot_jungle, MONSTER, realmrpg_demons:chort, 1, 1, 3
5725, none, ancient_aether:skyroot_jungle, MONSTER, realmrpg_demons:demon, 8, 1, 3
5726, none, ancient_aether:skyroot_jungle, MONSTER, realmrpg_demons:demon_lord, 2, 1, 1
5727, none, ancient_aether:skyroot_jungle, MONSTER, the_awakening_of_the_elder_souls:golden_creeper, 1, 1, 1
5728, none, ancient_aether:skyroot_jungle, MONSTER, the_awakening_of_the_elder_souls:golden_witch, 1, 1, 1
5729, none, ancient_aether:skyroot_jungle, MONSTER, the_awakening_of_the_elder_souls:golden_zombie, 1, 1, 1
5730, none, ancient_aether:skyroot_jungle, MONSTER, realmrpg_demons:imp, 10, 1, 3
5731, none, ancient_aether:skyroot_jungle, MONSTER, realmrpg_demons:imp_guard, 8, 1, 3
5732, none, ancient_aether:skyroot_jungle, MONSTER, mowziesmobs:grottol, 2, 1, 1
5733, none, ancient_aether:skyroot_jungle, CREATURE, aether:phyg, 10, 3, 4
5734, none, ancient_aether:skyroot_jungle, CREATURE, aether:sheepuff, 10, 3, 4
5735, none, ancient_aether:skyroot_jungle, CREATURE, aether:flying_cow, 10, 2, 5
5736, none, ancient_aether:skyroot_jungle, CREATURE, aether:aerbunny, 10, 3, 3
5737, none, ancient_aether:skyroot_jungle, CREATURE, aether:moa, 8, 1, 3
5738, none, ancient_aether:skyroot_jungle, CREATURE, goblins_tyranny:wanderer_goblin, 1, 1, 1
5739, none, ancient_aether:skyroot_jungle, AMBIENT, goblins_tyranny:coal_cave_goblin, 1, 1, 1
5740, none, ancient_aether:skyroot_jungle, AMBIENT, goblins_tyranny:copper_cave_goblin, 1, 1, 1
5741, none, ancient_aether:skyroot_jungle, AMBIENT, goblins_tyranny:gold_cave_goblin, 1, 1, 1
5742, none, ancient_aether:skyroot_jungle, AMBIENT, goblins_tyranny:iron_cave_goblin, 1, 1, 1
5743, none, ancient_aether:skyroot_jungle, AETHER_SURFACE_MONSTER, aether:aechor_plant, 7, 1, 1
5744, none, ancient_aether:skyroot_jungle, AETHER_SURFACE_MONSTER, aether:blue_swet, 6, 1, 1
5745, none, ancient_aether:skyroot_jungle, AETHER_SURFACE_MONSTER, aether:golden_swet, 6, 1, 1
5746, none, ancient_aether:skyroot_jungle, AETHER_SURFACE_MONSTER, aether:whirlwind, 3, 1, 1
5747, none, ancient_aether:skyroot_jungle, AETHER_SURFACE_MONSTER, aether:evil_whirlwind, 1, 1, 1
5748, none, ancient_aether:skyroot_jungle, AETHER_DARKNESS_MONSTER, aether:cockatrice, 10, 1, 3
5749, none, ancient_aether:skyroot_jungle, AETHER_SKY_MONSTER, aether:zephyr, 10, 1, 1
5750, none, ancient_aether:skyroot_jungle, AETHER_AERWHALE, aether:aerwhale, 10, 1, 1
5751, none, aether:skyroot_meadow, MONSTER, alexsmobs:farseer, 5, 1, 1
5752, none, aether:skyroot_meadow, MONSTER, realmrpg_demons:chort, 1, 1, 3
5753, none, aether:skyroot_meadow, MONSTER, realmrpg_demons:demon, 8, 1, 3
5754, none, aether:skyroot_meadow, MONSTER, realmrpg_demons:demon_lord, 2, 1, 1
5755, none, aether:skyroot_meadow, MONSTER, the_awakening_of_the_elder_souls:golden_creeper, 1, 1, 1
5756, none, aether:skyroot_meadow, MONSTER, the_awakening_of_the_elder_souls:golden_witch, 1, 1, 1
5757, none, aether:skyroot_meadow, MONSTER, the_awakening_of_the_elder_souls:golden_zombie, 1, 1, 1
5758, none, aether:skyroot_meadow, MONSTER, realmrpg_demons:imp, 10, 1, 3
5759, none, aether:skyroot_meadow, MONSTER, realmrpg_demons:imp_guard, 8, 1, 3
5760, none, aether:skyroot_meadow, MONSTER, mowziesmobs:grottol, 2, 1, 1
5761, none, aether:skyroot_meadow, CREATURE, aether:phyg, 10, 3, 4
5762, none, aether:skyroot_meadow, CREATURE, aether:sheepuff, 10, 3, 4
5763, none, aether:skyroot_meadow, CREATURE, aether:flying_cow, 10, 2, 5
5764, none, aether:skyroot_meadow, CREATURE, aether:aerbunny, 10, 3, 3
5765, none, aether:skyroot_meadow, CREATURE, aether:moa, 8, 1, 3
5766, none, aether:skyroot_meadow, CREATURE, goblins_tyranny:wanderer_goblin, 1, 1, 1
5767, none, aether:skyroot_meadow, AMBIENT, goblins_tyranny:coal_cave_goblin, 1, 1, 1
5768, none, aether:skyroot_meadow, AMBIENT, goblins_tyranny:copper_cave_goblin, 1, 1, 1
5769, none, aether:skyroot_meadow, AMBIENT, goblins_tyranny:gold_cave_goblin, 1, 1, 1
5770, none, aether:skyroot_meadow, AMBIENT, goblins_tyranny:iron_cave_goblin, 1, 1, 1
5771, none, aether:skyroot_meadow, AETHER_SURFACE_MONSTER, aether:aechor_plant, 7, 1, 1
5772, none, aether:skyroot_meadow, AETHER_SURFACE_MONSTER, aether:blue_swet, 6, 1, 1
5773, none, aether:skyroot_meadow, AETHER_SURFACE_MONSTER, aether:golden_swet, 6, 1, 1
5774, none, aether:skyroot_meadow, AETHER_SURFACE_MONSTER, aether:whirlwind, 3, 1, 1
5775, none, aether:skyroot_meadow, AETHER_SURFACE_MONSTER, aether:evil_whirlwind, 1, 1, 1
5776, none, aether:skyroot_meadow, AETHER_DARKNESS_MONSTER, aether:cockatrice, 10, 1, 3
5777, none, aether:skyroot_meadow, AETHER_SKY_MONSTER, aether:zephyr, 10, 1, 1
5778, none, aether:skyroot_meadow, AETHER_AERWHALE, aether:aerwhale, 10, 1, 1
5779, none, aether:skyroot_woodland, MONSTER, alexsmobs:farseer, 5, 1, 1
5780, none, aether:skyroot_woodland, MONSTER, realmrpg_demons:chort, 1, 1, 3
5781, none, aether:skyroot_woodland, MONSTER, realmrpg_demons:demon, 8, 1, 3
5782, none, aether:skyroot_woodland, MONSTER, realmrpg_demons:demon_lord, 2, 1, 1
5783, none, aether:skyroot_woodland, MONSTER, the_awakening_of_the_elder_souls:golden_creeper, 1, 1, 1
5784, none, aether:skyroot_woodland, MONSTER, the_awakening_of_the_elder_souls:golden_witch, 1, 1, 1
5785, none, aether:skyroot_woodland, MONSTER, the_awakening_of_the_elder_souls:golden_zombie, 1, 1, 1
5786, none, aether:skyroot_woodland, MONSTER, realmrpg_demons:imp, 10, 1, 3
5787, none, aether:skyroot_woodland, MONSTER, realmrpg_demons:imp_guard, 8, 1, 3
5788, none, aether:skyroot_woodland, MONSTER, mowziesmobs:grottol, 2, 1, 1
5789, none, aether:skyroot_woodland, CREATURE, aether:phyg, 10, 3, 4
5790, none, aether:skyroot_woodland, CREATURE, aether:sheepuff, 10, 3, 4
5791, none, aether:skyroot_woodland, CREATURE, aether:flying_cow, 10, 2, 5
5792, none, aether:skyroot_woodland, CREATURE, aether:aerbunny, 10, 3, 3
5793, none, aether:skyroot_woodland, CREATURE, aether:moa, 8, 1, 3
5794, none, aether:skyroot_woodland, CREATURE, goblins_tyranny:wanderer_goblin, 1, 1, 1
5795, none, aether:skyroot_woodland, AMBIENT, goblins_tyranny:coal_cave_goblin, 1, 1, 1
5796, none, aether:skyroot_woodland, AMBIENT, goblins_tyranny:copper_cave_goblin, 1, 1, 1
5797, none, aether:skyroot_woodland, AMBIENT, goblins_tyranny:gold_cave_goblin, 1, 1, 1
5798, none, aether:skyroot_woodland, AMBIENT, goblins_tyranny:iron_cave_goblin, 1, 1, 1
5799, none, aether:skyroot_woodland, AETHER_SURFACE_MONSTER, aether:aechor_plant, 7, 1, 1
5800, none, aether:skyroot_woodland, AETHER_SURFACE_MONSTER, aether:blue_swet, 6, 1, 1
5801, none, aether:skyroot_woodland, AETHER_SURFACE_MONSTER, aether:golden_swet, 6, 1, 1
5802, none, aether:skyroot_woodland, AETHER_SURFACE_MONSTER, aether:whirlwind, 3, 1, 1
5803, none, aether:skyroot_woodland, AETHER_SURFACE_MONSTER, aether:evil_whirlwind, 1, 1, 1
5804, none, aether:skyroot_woodland, AETHER_DARKNESS_MONSTER, aether:cockatrice, 10, 1, 3
5805, none, aether:skyroot_woodland, AETHER_SKY_MONSTER, aether:zephyr, 10, 1, 1
5806, none, aether:skyroot_woodland, AETHER_AERWHALE, aether:aerwhale, 10, 1, 1
5807, the_end, minecraft:small_end_islands, MONSTER, minecraft:enderman, 10, 4, 4
5808, the_end, minecraft:small_end_islands, MONSTER, alexsmobs:farseer, 5, 1, 1
5809, the_end, minecraft:small_end_islands, MONSTER, realmrpg_demons:chort, 1, 1, 3
5810, the_end, minecraft:small_end_islands, MONSTER, legendary_monsters:chorusling, 3, 1, 1
5811, the_end, minecraft:small_end_islands, MONSTER, realmrpg_demons:demon, 8, 1, 3
5812, the_end, minecraft:small_end_islands, MONSTER, realmrpg_demons:demon_lord, 2, 1, 1
5813, the_end, minecraft:small_end_islands, MONSTER, the_awakening_of_the_elder_souls:golden_creeper, 1, 1, 1
5814, the_end, minecraft:small_end_islands, MONSTER, the_awakening_of_the_elder_souls:golden_witch, 1, 1, 1
5815, the_end, minecraft:small_end_islands, MONSTER, the_awakening_of_the_elder_souls:golden_zombie, 1, 1, 1
5816, the_end, minecraft:small_end_islands, MONSTER, realmrpg_demons:imp, 10, 1, 3
5817, the_end, minecraft:small_end_islands, MONSTER, realmrpg_demons:imp_guard, 8, 1, 3
5818, the_end, minecraft:small_end_islands, MONSTER, mowziesmobs:grottol, 2, 1, 1
5819, the_end, minecraft:small_end_islands, CREATURE, alexsmobs:endergrade, 5, 2, 6
5820, the_end, minecraft:small_end_islands, CREATURE, alexsmobs:spectre, 5, 1, 2
5821, the_end, minecraft:small_end_islands, CREATURE, goblins_tyranny:wanderer_goblin, 1, 1, 1
5822, the_end, minecraft:small_end_islands, AMBIENT, alexsmobs:cosmic_cod, 5, 9, 13
5823, the_end, minecraft:small_end_islands, AMBIENT, goblins_tyranny:coal_cave_goblin, 1, 1, 1
5824, the_end, minecraft:small_end_islands, AMBIENT, goblins_tyranny:copper_cave_goblin, 1, 1, 1
5825, the_end, minecraft:small_end_islands, AMBIENT, goblins_tyranny:gold_cave_goblin, 1, 1, 1
5826, the_end, minecraft:small_end_islands, AMBIENT, goblins_tyranny:iron_cave_goblin, 1, 1, 1
5827, beach, minecraft:snowy_beach, MONSTER, minecraft:spider, 10, 4, 4
5828, beach, minecraft:snowy_beach, MONSTER, minecraft:zombie, 10, 4, 4
5829, beach, minecraft:snowy_beach, MONSTER, minecraft:zombie_villager, 5, 1, 1
5830, beach, minecraft:snowy_beach, MONSTER, minecraft:skeleton, 10, 4, 4
5831, beach, minecraft:snowy_beach, MONSTER, minecraft:creeper, 10, 4, 4
5832, beach, minecraft:snowy_beach, MONSTER, minecraft:slime, 10, 4, 4
5833, beach, minecraft:snowy_beach, MONSTER, minecraft:enderman, 10, 1, 4
5834, beach, minecraft:snowy_beach, MONSTER, minecraft:witch, 5, 1, 1
5835, beach, minecraft:snowy_beach, MONSTER, alexsmobs:centipede_head, 5, 1, 1
5836, beach, minecraft:snowy_beach, MONSTER, alexsmobs:farseer, 5, 1, 1
5837, beach, minecraft:snowy_beach, MONSTER, alexsmobs:murmur, 5, 1, 1
5838, beach, minecraft:snowy_beach, MONSTER, realmrpg_demons:chort, 1, 1, 3
5839, beach, minecraft:snowy_beach, MONSTER, realmrpg_demons:demon, 8, 1, 3
5840, beach, minecraft:snowy_beach, MONSTER, realmrpg_demons:demon_lord, 2, 1, 1
5841, beach, minecraft:snowy_beach, MONSTER, mythicmobs:chupacabra, 5, 1, 1
5842, beach, minecraft:snowy_beach, MONSTER, the_awakening_of_the_elder_souls:golden_creeper, 1, 1, 1
5843, beach, minecraft:snowy_beach, MONSTER, the_awakening_of_the_elder_souls:golden_witch, 1, 1, 1
5844, beach, minecraft:snowy_beach, MONSTER, the_awakening_of_the_elder_souls:golden_zombie, 1, 1, 1
5845, beach, minecraft:snowy_beach, MONSTER, iceandfire:dread_lich, 5, 1, 1
5846, beach, minecraft:snowy_beach, MONSTER, iceandfire:troll, 10, 1, 3
5847, beach, minecraft:snowy_beach, MONSTER, realmrpg_demons:imp, 10, 1, 3
5848, beach, minecraft:snowy_beach, MONSTER, realmrpg_demons:imp_guard, 8, 1, 3
5849, beach, minecraft:snowy_beach, MONSTER, mowziesmobs:grottol, 2, 1, 1
5850, beach, minecraft:snowy_beach, MONSTER, irons_spellbooks:necromancer, 1, 1, 1
5851, beach, minecraft:snowy_beach, MONSTER, eidolon:wraith, 1, 1, 3
5852, beach, minecraft:snowy_beach, MONSTER, eidolon:zombie_brute, 1, 1, 3
5853, beach, minecraft:snowy_beach, CREATURE, valoria:goblin, 10, 1, 2
5854, beach, minecraft:snowy_beach, CREATURE, alexsmobs:seal, 5, 3, 8
5855, beach, minecraft:snowy_beach, CREATURE, alexsmobs:snow_leopard, 5, 1, 2
5856, beach, minecraft:snowy_beach, CREATURE, alexsmobs:seagull, 5, 3, 6
5857, beach, minecraft:snowy_beach, CREATURE, mythicmobs:drake, 5, 1, 4
5858, beach, minecraft:snowy_beach, CREATURE, mythicmobs:kobold, 5, 3, 6
5859, beach, minecraft:snowy_beach, CREATURE, mythicmobs:kobold_warrior, 5, 1, 3
5860, beach, minecraft:snowy_beach, CREATURE, mythicmobs:mushroom_thing, 5, 3, 5
5861, beach, minecraft:snowy_beach, CREATURE, eidolon:slimy_slug, 1, 2, 3
5862, beach, minecraft:snowy_beach, CREATURE, goblins_tyranny:wanderer_goblin, 1, 1, 1
5863, beach, minecraft:snowy_beach, AMBIENT, minecraft:bat, 10, 8, 8
5864, beach, minecraft:snowy_beach, AMBIENT, alexsmobs:fly, 5, 2, 3
5865, beach, minecraft:snowy_beach, AMBIENT, alexsmobs:cockroach, 5, 5, 5
5866, beach, minecraft:snowy_beach, AMBIENT, goblins_tyranny:coal_cave_goblin, 1, 1, 1
5867, beach, minecraft:snowy_beach, AMBIENT, goblins_tyranny:copper_cave_goblin, 1, 1, 1
5868, beach, minecraft:snowy_beach, AMBIENT, goblins_tyranny:gold_cave_goblin, 1, 1, 1
5869, beach, minecraft:snowy_beach, AMBIENT, goblins_tyranny:iron_cave_goblin, 1, 1, 1
5870, beach, minecraft:snowy_beach, UNDERGROUND_WATER_CREATURE, minecraft:glow_squid, 10, 4, 6
5871, beach, minecraft:snowy_beach, WATER_AMBIENT, alexsmobs:lobster, 5, 3, 5
5872, beach, minecraft:snowy_beach, WATER_AMBIENT, alexsmobs:devils_hole_pupfish, 5, 5, 12
5873, icy, minecraft:snowy_plains, MONSTER, minecraft:spider, 10, 4, 4
5874, icy, minecraft:snowy_plains, MONSTER, minecraft:zombie, 10, 4, 4
5875, icy, minecraft:snowy_plains, MONSTER, minecraft:zombie_villager, 5, 1, 1
5876, icy, minecraft:snowy_plains, MONSTER, minecraft:skeleton, 10, 4, 4
5877, icy, minecraft:snowy_plains, MONSTER, minecraft:creeper, 10, 4, 4
5878, icy, minecraft:snowy_plains, MONSTER, minecraft:slime, 10, 4, 4
5879, icy, minecraft:snowy_plains, MONSTER, minecraft:enderman, 10, 1, 4
5880, icy, minecraft:snowy_plains, MONSTER, minecraft:witch, 5, 1, 1
5881, icy, minecraft:snowy_plains, MONSTER, minecraft:stray, 10, 4, 4
5882, icy, minecraft:snowy_plains, MONSTER, alexsmobs:centipede_head, 5, 1, 1
5883, icy, minecraft:snowy_plains, MONSTER, alexsmobs:farseer, 5, 1, 1
5884, icy, minecraft:snowy_plains, MONSTER, alexsmobs:murmur, 5, 1, 1
5885, icy, minecraft:snowy_plains, MONSTER, realmrpg_demons:chort, 1, 1, 3
5886, icy, minecraft:snowy_plains, MONSTER, realmrpg_demons:demon, 8, 1, 3
5887, icy, minecraft:snowy_plains, MONSTER, realmrpg_demons:demon_lord, 2, 1, 1
5888, icy, minecraft:snowy_plains, MONSTER, mythicmobs:chupacabra, 5, 1, 1
5889, icy, minecraft:snowy_plains, MONSTER, the_awakening_of_the_elder_souls:golden_creeper, 1, 1, 1
5890, icy, minecraft:snowy_plains, MONSTER, the_awakening_of_the_elder_souls:golden_witch, 1, 1, 1
5891, icy, minecraft:snowy_plains, MONSTER, the_awakening_of_the_elder_souls:golden_zombie, 1, 1, 1
5892, icy, minecraft:snowy_plains, MONSTER, iceandfire:dread_lich, 5, 1, 1
5893, icy, minecraft:snowy_plains, MONSTER, iceandfire:troll, 10, 1, 3
5894, icy, minecraft:snowy_plains, MONSTER, realmrpg_demons:imp, 10, 1, 3
5895, icy, minecraft:snowy_plains, MONSTER, realmrpg_demons:imp_guard, 8, 1, 3
5896, icy, minecraft:snowy_plains, MONSTER, mowziesmobs:grottol, 2, 1, 1
5897, icy, minecraft:snowy_plains, MONSTER, irons_spellbooks:necromancer, 1, 1, 1
5898, icy, minecraft:snowy_plains, MONSTER, eidolon:wraith, 1, 1, 3
5899, icy, minecraft:snowy_plains, MONSTER, eidolon:zombie_brute, 1, 1, 3
5900, icy, minecraft:snowy_plains, CREATURE, minecraft:rabbit, 10, 2, 3
5901, icy, minecraft:snowy_plains, CREATURE, minecraft:polar_bear, 1, 1, 2
5902, icy, minecraft:snowy_plains, CREATURE, valoria:goblin, 10, 1, 2
5903, icy, minecraft:snowy_plains, CREATURE, alexsmobs:moose, 5, 3, 4
5904, icy, minecraft:snowy_plains, CREATURE, alexsmobs:raccoon, 5, 2, 4
5905, icy, minecraft:snowy_plains, CREATURE, alexsmobs:snow_leopard, 5, 1, 2
5906, icy, minecraft:snowy_plains, CREATURE, alexsmobs:crow, 5, 3, 5
5907, icy, minecraft:snowy_plains, CREATURE, alexsmobs:tusklin, 5, 3, 5
5908, icy, minecraft:snowy_plains, CREATURE, alexsmobs:bison, 5, 6, 10
5909, icy, minecraft:snowy_plains, CREATURE, mythicmobs:drake, 5, 1, 4
5910, icy, minecraft:snowy_plains, CREATURE, mythicmobs:kobold, 5, 3, 6
5911, icy, minecraft:snowy_plains, CREATURE, mythicmobs:kobold_warrior, 5, 1, 3
5912, icy, minecraft:snowy_plains, CREATURE, mythicmobs:mushroom_thing, 5, 3, 5
5913, icy, minecraft:snowy_plains, CREATURE, eidolon:slimy_slug, 1, 2, 3
5914, icy, minecraft:snowy_plains, CREATURE, goblins_tyranny:wanderer_goblin, 1, 1, 1
5915, icy, minecraft:snowy_plains, AMBIENT, minecraft:bat, 10, 8, 8
5916, icy, minecraft:snowy_plains, AMBIENT, alexsmobs:fly, 5, 2, 3
5917, icy, minecraft:snowy_plains, AMBIENT, alexsmobs:cockroach, 5, 5, 5
5918, icy, minecraft:snowy_plains, AMBIENT, goblins_tyranny:coal_cave_goblin, 1, 1, 1
5919, icy, minecraft:snowy_plains, AMBIENT, goblins_tyranny:copper_cave_goblin, 1, 1, 1
5920, icy, minecraft:snowy_plains, AMBIENT, goblins_tyranny:gold_cave_goblin, 1, 1, 1
5921, icy, minecraft:snowy_plains, AMBIENT, goblins_tyranny:iron_cave_goblin, 1, 1, 1
5922, icy, minecraft:snowy_plains, UNDERGROUND_WATER_CREATURE, minecraft:glow_squid, 10, 4, 6
5923, icy, minecraft:snowy_plains, WATER_AMBIENT, alexsmobs:devils_hole_pupfish, 5, 5, 12
5924, extreme_hills, minecraft:snowy_slopes, MONSTER, minecraft:spider, 10, 4, 4
5925, extreme_hills, minecraft:snowy_slopes, MONSTER, minecraft:zombie, 10, 4, 4
5926, extreme_hills, minecraft:snowy_slopes, MONSTER, minecraft:zombie_villager, 5, 1, 1
5927, extreme_hills, minecraft:snowy_slopes, MONSTER, minecraft:skeleton, 10, 4, 4
5928, extreme_hills, minecraft:snowy_slopes, MONSTER, minecraft:creeper, 10, 4, 4
5929, extreme_hills, minecraft:snowy_slopes, MONSTER, minecraft:slime, 10, 4, 4
5930, extreme_hills, minecraft:snowy_slopes, MONSTER, minecraft:enderman, 10, 1, 4
5931, extreme_hills, minecraft:snowy_slopes, MONSTER, minecraft:witch, 5, 1, 1
5932, extreme_hills, minecraft:snowy_slopes, MONSTER, alexsmobs:centipede_head, 5, 1, 1
5933, extreme_hills, minecraft:snowy_slopes, MONSTER, alexsmobs:farseer, 5, 1, 1
5934, extreme_hills, minecraft:snowy_slopes, MONSTER, alexsmobs:murmur, 5, 1, 1
5935, extreme_hills, minecraft:snowy_slopes, MONSTER, realmrpg_demons:chort, 1, 1, 3
5936, extreme_hills, minecraft:snowy_slopes, MONSTER, realmrpg_demons:demon, 8, 1, 3
5937, extreme_hills, minecraft:snowy_slopes, MONSTER, realmrpg_demons:demon_lord, 2, 1, 1
5938, extreme_hills, minecraft:snowy_slopes, MONSTER, mythicmobs:chupacabra, 5, 1, 1
5939, extreme_hills, minecraft:snowy_slopes, MONSTER, the_awakening_of_the_elder_souls:golden_creeper, 1, 1, 1
5940, extreme_hills, minecraft:snowy_slopes, MONSTER, the_awakening_of_the_elder_souls:golden_witch, 1, 1, 1
5941, extreme_hills, minecraft:snowy_slopes, MONSTER, the_awakening_of_the_elder_souls:golden_zombie, 1, 1, 1
5942, extreme_hills, minecraft:snowy_slopes, MONSTER, iceandfire:dread_lich, 5, 1, 1
5943, extreme_hills, minecraft:snowy_slopes, MONSTER, iceandfire:troll, 10, 1, 3
5944, extreme_hills, minecraft:snowy_slopes, MONSTER, realmrpg_demons:imp, 10, 1, 3
5945, extreme_hills, minecraft:snowy_slopes, MONSTER, realmrpg_demons:imp_guard, 8, 1, 3
5946, extreme_hills, minecraft:snowy_slopes, MONSTER, mowziesmobs:grottol, 2, 1, 1
5947, extreme_hills, minecraft:snowy_slopes, MONSTER, irons_spellbooks:necromancer, 1, 1, 1
5948, extreme_hills, minecraft:snowy_slopes, MONSTER, eidolon:wraith, 1, 1, 3
5949, extreme_hills, minecraft:snowy_slopes, MONSTER, eidolon:zombie_brute, 1, 1, 3
5950, extreme_hills, minecraft:snowy_slopes, CREATURE, minecraft:rabbit, 4, 2, 3
5951, extreme_hills, minecraft:snowy_slopes, CREATURE, minecraft:goat, 5, 1, 3
5952, extreme_hills, minecraft:snowy_slopes, CREATURE, valoria:goblin, 10, 1, 2
5953, extreme_hills, minecraft:snowy_slopes, CREATURE, alexsmobs:sunbird, 5, 1, 1
5954, extreme_hills, minecraft:snowy_slopes, CREATURE, alexsmobs:snow_leopard, 5, 1, 2
5955, extreme_hills, minecraft:snowy_slopes, CREATURE, mythicmobs:drake, 5, 1, 4
5956, extreme_hills, minecraft:snowy_slopes, CREATURE, mythicmobs:kobold, 5, 3, 6
5957, extreme_hills, minecraft:snowy_slopes, CREATURE, mythicmobs:kobold_warrior, 5, 1, 3
5958, extreme_hills, minecraft:snowy_slopes, CREATURE, mythicmobs:mushroom_thing, 5, 3, 5
5959, extreme_hills, minecraft:snowy_slopes, CREATURE, iceandfire:hippogryph, 1, 1, 1
5960, extreme_hills, minecraft:snowy_slopes, CREATURE, eidolon:slimy_slug, 1, 2, 3
5961, extreme_hills, minecraft:snowy_slopes, CREATURE, goblins_tyranny:wanderer_goblin, 1, 1, 1
5962, extreme_hills, minecraft:snowy_slopes, AMBIENT, minecraft:bat, 10, 8, 8
5963, extreme_hills, minecraft:snowy_slopes, AMBIENT, alexsmobs:fly, 5, 2, 3
5964, extreme_hills, minecraft:snowy_slopes, AMBIENT, alexsmobs:cockroach, 5, 5, 5
5965, extreme_hills, minecraft:snowy_slopes, AMBIENT, goblins_tyranny:coal_cave_goblin, 1, 1, 1
5966, extreme_hills, minecraft:snowy_slopes, AMBIENT, goblins_tyranny:copper_cave_goblin, 1, 1, 1
5967, extreme_hills, minecraft:snowy_slopes, AMBIENT, goblins_tyranny:gold_cave_goblin, 1, 1, 1
5968, extreme_hills, minecraft:snowy_slopes, AMBIENT, goblins_tyranny:iron_cave_goblin, 1, 1, 1
5969, extreme_hills, minecraft:snowy_slopes, UNDERGROUND_WATER_CREATURE, minecraft:glow_squid, 10, 4, 6
5970, extreme_hills, minecraft:snowy_slopes, WATER_AMBIENT, alexsmobs:devils_hole_pupfish, 5, 5, 12
5971, taiga, minecraft:snowy_taiga, MONSTER, minecraft:spider, 10, 4, 4
5972, taiga, minecraft:snowy_taiga, MONSTER, minecraft:zombie, 10, 4, 4
5973, taiga, minecraft:snowy_taiga, MONSTER, minecraft:zombie_villager, 5, 1, 1
5974, taiga, minecraft:snowy_taiga, MONSTER, minecraft:skeleton, 10, 4, 4
5975, taiga, minecraft:snowy_taiga, MONSTER, minecraft:creeper, 10, 4, 4
5976, taiga, minecraft:snowy_taiga, MONSTER, minecraft:slime, 10, 4, 4
5977, taiga, minecraft:snowy_taiga, MONSTER, minecraft:enderman, 10, 1, 4
5978, taiga, minecraft:snowy_taiga, MONSTER, minecraft:witch, 5, 1, 1
5979, taiga, minecraft:snowy_taiga, MONSTER, alexsmobs:centipede_head, 5, 1, 1
5980, taiga, minecraft:snowy_taiga, MONSTER, alexsmobs:farseer, 5, 1, 1
5981, taiga, minecraft:snowy_taiga, MONSTER, alexsmobs:murmur, 5, 1, 1
5982, taiga, minecraft:snowy_taiga, MONSTER, realmrpg_demons:chort, 1, 1, 3
5983, taiga, minecraft:snowy_taiga, MONSTER, realmrpg_demons:demon, 8, 1, 3
5984, taiga, minecraft:snowy_taiga, MONSTER, realmrpg_demons:demon_lord, 2, 1, 1
5985, taiga, minecraft:snowy_taiga, MONSTER, mythicmobs:chupacabra, 5, 1, 1
5986, taiga, minecraft:snowy_taiga, MONSTER, the_awakening_of_the_elder_souls:golden_creeper, 1, 1, 1
5987, taiga, minecraft:snowy_taiga, MONSTER, the_awakening_of_the_elder_souls:golden_witch, 1, 1, 1
5988, taiga, minecraft:snowy_taiga, MONSTER, the_awakening_of_the_elder_souls:golden_zombie, 1, 1, 1
5989, taiga, minecraft:snowy_taiga, MONSTER, iceandfire:dread_lich, 5, 1, 1
5990, taiga, minecraft:snowy_taiga, MONSTER, iceandfire:troll, 10, 1, 3
5991, taiga, minecraft:snowy_taiga, MONSTER, realmrpg_demons:imp, 10, 1, 3
5992, taiga, minecraft:snowy_taiga, MONSTER, realmrpg_demons:imp_guard, 8, 1, 3
5993, taiga, minecraft:snowy_taiga, MONSTER, mowziesmobs:grottol, 2, 1, 1
5994, taiga, minecraft:snowy_taiga, MONSTER, irons_spellbooks:necromancer, 1, 1, 1
5995, taiga, minecraft:snowy_taiga, MONSTER, eidolon:wraith, 1, 1, 3
5996, taiga, minecraft:snowy_taiga, MONSTER, eidolon:zombie_brute, 1, 1, 3
5997, taiga, minecraft:snowy_taiga, CREATURE, minecraft:sheep, 10, 4, 4
5998, taiga, minecraft:snowy_taiga, CREATURE, minecraft:pig, 10, 4, 4
5999, taiga, minecraft:snowy_taiga, CREATURE, minecraft:chicken, 10, 4, 4
6000, taiga, minecraft:snowy_taiga, CREATURE, minecraft:cow, 8, 4, 4
6001, taiga, minecraft:snowy_taiga, CREATURE, minecraft:wolf, 8, 4, 4
6002, taiga, minecraft:snowy_taiga, CREATURE, minecraft:rabbit, 4, 2, 3
6003, taiga, minecraft:snowy_taiga, CREATURE, minecraft:fox, 8, 2, 4
6004, taiga, minecraft:snowy_taiga, CREATURE, valoria:goblin, 10, 1, 2
6005, taiga, minecraft:snowy_taiga, CREATURE, alexsmobs:grizzly_bear, 5, 2, 3
6006, taiga, minecraft:snowy_taiga, CREATURE, alexsmobs:moose, 5, 3, 4
6007, taiga, minecraft:snowy_taiga, CREATURE, alexsmobs:raccoon, 5, 2, 4
6008, taiga, minecraft:snowy_taiga, CREATURE, alexsmobs:snow_leopard, 5, 1, 2
6009, taiga, minecraft:snowy_taiga, CREATURE, alexsmobs:crow, 5, 3, 5
6010, taiga, minecraft:snowy_taiga, CREATURE, alexsmobs:blue_jay, 5, 2, 4
6011, taiga, minecraft:snowy_taiga, CREATURE, mythicmobs:drake, 5, 1, 4
6012, taiga, minecraft:snowy_taiga, CREATURE, mythicmobs:kobold, 5, 3, 6
6013, taiga, minecraft:snowy_taiga, CREATURE, mythicmobs:kobold_warrior, 5, 1, 3
6014, taiga, minecraft:snowy_taiga, CREATURE, mythicmobs:mushroom_thing, 5, 3, 5
6015, taiga, minecraft:snowy_taiga, CREATURE, eidolon:slimy_slug, 1, 2, 3
6016, taiga, minecraft:snowy_taiga, CREATURE, goblins_tyranny:wanderer_goblin, 1, 1, 1
6017, taiga, minecraft:snowy_taiga, AMBIENT, minecraft:bat, 10, 8, 8
6018, taiga, minecraft:snowy_taiga, AMBIENT, alexsmobs:fly, 5, 2, 3
6019, taiga, minecraft:snowy_taiga, AMBIENT, alexsmobs:cockroach, 5, 5, 5
6020, taiga, minecraft:snowy_taiga, AMBIENT, goblins_tyranny:coal_cave_goblin, 1, 1, 1
6021, taiga, minecraft:snowy_taiga, AMBIENT, goblins_tyranny:copper_cave_goblin, 1, 1, 1
6022, taiga, minecraft:snowy_taiga, AMBIENT, goblins_tyranny:gold_cave_goblin, 1, 1, 1
6023, taiga, minecraft:snowy_taiga, AMBIENT, goblins_tyranny:iron_cave_goblin, 1, 1, 1
6024, taiga, minecraft:snowy_taiga, UNDERGROUND_WATER_CREATURE, minecraft:glow_squid, 10, 4, 6
6025, taiga, minecraft:snowy_taiga, WATER_AMBIENT, alexsmobs:devils_hole_pupfish, 5, 5, 12
6026, nether, betternether:soul_plain, MONSTER, minecraft:ghast, 10, 4, 4
6027, nether, betternether:soul_plain, MONSTER, minecraft:zombified_piglin, 10, 4, 4
6028, nether, betternether:soul_plain, MONSTER, minecraft:magma_cube, 2, 4, 4
6029, nether, betternether:soul_plain, MONSTER, betternether:skull, 2, 2, 4
6030, nether, betternether:soul_plain, MONSTER, minecraft:enderman, 1, 4, 4
6031, nether, betternether:soul_plain, MONSTER, minecraft:piglin, 10, 4, 4
6032, nether, betternether:soul_plain, MONSTER, minecraft:hoglin, 0, 1, 2
6033, nether, betternether:soul_plain, MONSTER, betternether:naga, 8, 3, 5
6034, nether, betternether:soul_plain, MONSTER, betternether:jungle_skeleton, 0, 2, 4
6035, nether, betternether:soul_plain, MONSTER, minecraft:piglin_brute, 0, 1, 1
6036, nether, betternether:soul_plain, MONSTER, alexsmobs:bone_serpent, 5, 1, 1
6037, nether, betternether:soul_plain, MONSTER, alexsmobs:farseer, 5, 1, 1
6038, nether, betternether:soul_plain, MONSTER, realmrpg_demons:chort, 1, 1, 3
6039, nether, betternether:soul_plain, MONSTER, realmrpg_demons:demon, 8, 1, 3
6040, nether, betternether:soul_plain, MONSTER, realmrpg_demons:demon_lord, 2, 1, 1
6041, nether, betternether:soul_plain, MONSTER, the_awakening_of_the_elder_souls:golden_creeper, 1, 1, 1
6042, nether, betternether:soul_plain, MONSTER, the_awakening_of_the_elder_souls:golden_witch, 1, 1, 1
6043, nether, betternether:soul_plain, MONSTER, the_awakening_of_the_elder_souls:golden_zombie, 1, 1, 1
6044, nether, betternether:soul_plain, MONSTER, realmrpg_demons:imp, 10, 1, 3
6045, nether, betternether:soul_plain, MONSTER, realmrpg_demons:imp_guard, 8, 1, 3
6046, nether, betternether:soul_plain, MONSTER, mowziesmobs:grottol, 2, 1, 1
6047, nether, betternether:soul_plain, MONSTER, soulsweapons:evil_forlorn, 10, 1, 1
6048, nether, betternether:soul_plain, MONSTER, soulsweapons:withered_demon, 10, 1, 1
6049, nether, betternether:soul_plain, CREATURE, minecraft:strider, 10, 1, 2
6050, nether, betternether:soul_plain, CREATURE, alexsmobs:laviathan, 5, 1, 1
6051, nether, betternether:soul_plain, CREATURE, goblins_tyranny:wanderer_goblin, 1, 1, 1
6052, nether, betternether:soul_plain, AMBIENT, betternether:firefly, 5, 1, 3
6053, nether, betternether:soul_plain, AMBIENT, betternether:hydrogen_jellyfish, 5, 2, 6
6054, nether, betternether:soul_plain, AMBIENT, betternether:flying_pig, 0, 2, 4
6055, nether, betternether:soul_plain, AMBIENT, goblins_tyranny:coal_cave_goblin, 1, 1, 1
6056, nether, betternether:soul_plain, AMBIENT, goblins_tyranny:copper_cave_goblin, 1, 1, 1
6057, nether, betternether:soul_plain, AMBIENT, goblins_tyranny:gold_cave_goblin, 1, 1, 1
6058, nether, betternether:soul_plain, AMBIENT, goblins_tyranny:iron_cave_goblin, 1, 1, 1
6059, nether, minecraft:soul_sand_valley, MONSTER, minecraft:skeleton, 10, 5, 5
6060, nether, minecraft:soul_sand_valley, MONSTER, minecraft:ghast, 10, 4, 4
6061, nether, minecraft:soul_sand_valley, MONSTER, minecraft:enderman, 1, 4, 4
6062, nether, minecraft:soul_sand_valley, MONSTER, alexsmobs:bone_serpent, 5, 1, 1
6063, nether, minecraft:soul_sand_valley, MONSTER, alexsmobs:farseer, 5, 1, 1
6064, nether, minecraft:soul_sand_valley, MONSTER, realmrpg_demons:chort, 1, 1, 3
6065, nether, minecraft:soul_sand_valley, MONSTER, realmrpg_demons:demon, 8, 1, 3
6066, nether, minecraft:soul_sand_valley, MONSTER, realmrpg_demons:demon_lord, 2, 1, 1
6067, nether, minecraft:soul_sand_valley, MONSTER, the_awakening_of_the_elder_souls:golden_creeper, 1, 1, 1
6068, nether, minecraft:soul_sand_valley, MONSTER, the_awakening_of_the_elder_souls:golden_witch, 1, 1, 1
6069, nether, minecraft:soul_sand_valley, MONSTER, the_awakening_of_the_elder_souls:golden_zombie, 1, 1, 1
6070, nether, minecraft:soul_sand_valley, MONSTER, realmrpg_demons:imp, 10, 1, 3
6071, nether, minecraft:soul_sand_valley, MONSTER, realmrpg_demons:imp_guard, 8, 1, 3
6072, nether, minecraft:soul_sand_valley, MONSTER, mowziesmobs:grottol, 2, 1, 1
6073, nether, minecraft:soul_sand_valley, MONSTER, legendary_monsters:skeletosaurus, 0, 1, 1
6074, nether, minecraft:soul_sand_valley, MONSTER, soulsweapons:evil_forlorn, 10, 1, 1
6075, nether, minecraft:soul_sand_valley, MONSTER, soulsweapons:withered_demon, 10, 1, 1
6076, nether, minecraft:soul_sand_valley, MONSTER, minecraft:zombified_piglin, 1, 1, 4
6077, nether, minecraft:soul_sand_valley, MONSTER, betternether:naga, 8, 3, 5
6078, nether, minecraft:soul_sand_valley, CREATURE, minecraft:strider, 10, 1, 2
6079, nether, minecraft:soul_sand_valley, CREATURE, alexsmobs:laviathan, 5, 1, 1
6080, nether, minecraft:soul_sand_valley, CREATURE, goblins_tyranny:wanderer_goblin, 1, 1, 1
6081, nether, minecraft:soul_sand_valley, AMBIENT, goblins_tyranny:coal_cave_goblin, 1, 1, 1
6082, nether, minecraft:soul_sand_valley, AMBIENT, goblins_tyranny:copper_cave_goblin, 1, 1, 1
6083, nether, minecraft:soul_sand_valley, AMBIENT, goblins_tyranny:gold_cave_goblin, 1, 1, 1
6084, nether, minecraft:soul_sand_valley, AMBIENT, goblins_tyranny:iron_cave_goblin, 1, 1, 1
6085, nether, minecraft:soul_sand_valley, AMBIENT, betternether:firefly, 5, 1, 3
6086, nether, minecraft:soul_sand_valley, AMBIENT, betternether:hydrogen_jellyfish, 5, 2, 6
6087, jungle, minecraft:sparse_jungle, MONSTER, minecraft:spider, 10, 4, 4
6088, jungle, minecraft:sparse_jungle, MONSTER, minecraft:zombie, 10, 4, 4
6089, jungle, minecraft:sparse_jungle, MONSTER, minecraft:zombie_villager, 5, 1, 1
6090, jungle, minecraft:sparse_jungle, MONSTER, minecraft:skeleton, 10, 4, 4
6091, jungle, minecraft:sparse_jungle, MONSTER, minecraft:creeper, 10, 4, 4
6092, jungle, minecraft:sparse_jungle, MONSTER, minecraft:slime, 10, 4, 4
6093, jungle, minecraft:sparse_jungle, MONSTER, minecraft:enderman, 10, 1, 4
6094, jungle, minecraft:sparse_jungle, MONSTER, minecraft:witch, 5, 1, 1
6095, jungle, minecraft:sparse_jungle, MONSTER, alexsmobs:centipede_head, 5, 1, 1
6096, jungle, minecraft:sparse_jungle, MONSTER, alexsmobs:farseer, 5, 1, 1
6097, jungle, minecraft:sparse_jungle, MONSTER, alexsmobs:murmur, 5, 1, 1
6098, jungle, minecraft:sparse_jungle, MONSTER, realmrpg_demons:chort, 1, 1, 3
6099, jungle, minecraft:sparse_jungle, MONSTER, realmrpg_demons:demon, 8, 1, 3
6100, jungle, minecraft:sparse_jungle, MONSTER, realmrpg_demons:demon_lord, 2, 1, 1
6101, jungle, minecraft:sparse_jungle, MONSTER, mythicmobs:chupacabra, 5, 1, 1
6102, jungle, minecraft:sparse_jungle, MONSTER, the_awakening_of_the_elder_souls:golden_creeper, 1, 1, 1
6103, jungle, minecraft:sparse_jungle, MONSTER, the_awakening_of_the_elder_souls:golden_witch, 1, 1, 1
6104, jungle, minecraft:sparse_jungle, MONSTER, the_awakening_of_the_elder_souls:golden_zombie, 1, 1, 1
6105, jungle, minecraft:sparse_jungle, MONSTER, realmrpg_demons:imp, 10, 1, 3
6106, jungle, minecraft:sparse_jungle, MONSTER, realmrpg_demons:imp_guard, 8, 1, 3
6107, jungle, minecraft:sparse_jungle, MONSTER, mowziesmobs:foliaath, 10, 1, 4
6108, jungle, minecraft:sparse_jungle, MONSTER, mowziesmobs:grottol, 2, 1, 1
6109, jungle, minecraft:sparse_jungle, MONSTER, irons_spellbooks:necromancer, 1, 1, 1
6110, jungle, minecraft:sparse_jungle, MONSTER, eidolon:wraith, 1, 1, 3
6111, jungle, minecraft:sparse_jungle, MONSTER, eidolon:zombie_brute, 1, 1, 3
6112, jungle, minecraft:sparse_jungle, CREATURE, minecraft:sheep, 10, 4, 4
6113, jungle, minecraft:sparse_jungle, CREATURE, minecraft:pig, 10, 4, 4
6114, jungle, minecraft:sparse_jungle, CREATURE, minecraft:chicken, 10, 4, 4
6115, jungle, minecraft:sparse_jungle, CREATURE, minecraft:cow, 8, 4, 4
6116, jungle, minecraft:sparse_jungle, CREATURE, minecraft:chicken, 10, 4, 4
6117, jungle, minecraft:sparse_jungle, CREATURE, valoria:goblin, 10, 1, 2
6118, jungle, minecraft:sparse_jungle, CREATURE, alexsmobs:hummingbird, 5, 7, 7
6119, jungle, minecraft:sparse_jungle, CREATURE, alexsmobs:gorilla, 5, 7, 7
6120, jungle, minecraft:sparse_jungle, CREATURE, alexsmobs:komodo_dragon, 5, 1, 2
6121, jungle, minecraft:sparse_jungle, CREATURE, alexsmobs:capuchin_monkey, 5, 9, 16
6122, jungle, minecraft:sparse_jungle, CREATURE, alexsmobs:toucan, 5, 5, 5
6123, jungle, minecraft:sparse_jungle, CREATURE, alexsmobs:anteater, 5, 1, 3
6124, jungle, minecraft:sparse_jungle, CREATURE, mythicmobs:drake, 5, 1, 4
6125, jungle, minecraft:sparse_jungle, CREATURE, mythicmobs:kobold, 5, 3, 6
6126, jungle, minecraft:sparse_jungle, CREATURE, mythicmobs:kobold_warrior, 5, 1, 3
6127, jungle, minecraft:sparse_jungle, CREATURE, mythicmobs:mushroom_thing, 5, 3, 5
6128, jungle, minecraft:sparse_jungle, CREATURE, iceandfire:amphithere, 10, 1, 3
6129, jungle, minecraft:sparse_jungle, CREATURE, eidolon:slimy_slug, 1, 2, 3
6130, jungle, minecraft:sparse_jungle, CREATURE, eidolon:slimy_slug, 1, 2, 5
6131, jungle, minecraft:sparse_jungle, CREATURE, goblins_tyranny:wanderer_goblin, 1, 1, 1
6132, jungle, minecraft:sparse_jungle, AMBIENT, minecraft:bat, 10, 8, 8
6133, jungle, minecraft:sparse_jungle, AMBIENT, alexsmobs:fly, 5, 2, 3
6134, jungle, minecraft:sparse_jungle, AMBIENT, alexsmobs:cockroach, 5, 5, 5
6135, jungle, minecraft:sparse_jungle, AMBIENT, goblins_tyranny:coal_cave_goblin, 1, 1, 1
6136, jungle, minecraft:sparse_jungle, AMBIENT, goblins_tyranny:copper_cave_goblin, 1, 1, 1
6137, jungle, minecraft:sparse_jungle, AMBIENT, goblins_tyranny:gold_cave_goblin, 1, 1, 1
6138, jungle, minecraft:sparse_jungle, AMBIENT, goblins_tyranny:iron_cave_goblin, 1, 1, 1
6139, jungle, minecraft:sparse_jungle, UNDERGROUND_WATER_CREATURE, minecraft:glow_squid, 10, 4, 6
6140, jungle, minecraft:sparse_jungle, WATER_AMBIENT, alexsmobs:devils_hole_pupfish, 5, 5, 12
6141, extreme_hills, minecraft:stony_peaks, MONSTER, minecraft:spider, 10, 4, 4
6142, extreme_hills, minecraft:stony_peaks, MONSTER, minecraft:zombie, 10, 4, 4
6143, extreme_hills, minecraft:stony_peaks, MONSTER, minecraft:zombie_villager, 5, 1, 1
6144, extreme_hills, minecraft:stony_peaks, MONSTER, minecraft:skeleton, 10, 4, 4
6145, extreme_hills, minecraft:stony_peaks, MONSTER, minecraft:creeper, 10, 4, 4
6146, extreme_hills, minecraft:stony_peaks, MONSTER, minecraft:slime, 10, 4, 4
6147, extreme_hills, minecraft:stony_peaks, MONSTER, minecraft:enderman, 10, 1, 4
6148, extreme_hills, minecraft:stony_peaks, MONSTER, minecraft:witch, 5, 1, 1
6149, extreme_hills, minecraft:stony_peaks, MONSTER, alexsmobs:centipede_head, 5, 1, 1
6150, extreme_hills, minecraft:stony_peaks, MONSTER, alexsmobs:farseer, 5, 1, 1
6151, extreme_hills, minecraft:stony_peaks, MONSTER, alexsmobs:murmur, 5, 1, 1
6152, extreme_hills, minecraft:stony_peaks, MONSTER, realmrpg_demons:chort, 1, 1, 3
6153, extreme_hills, minecraft:stony_peaks, MONSTER, realmrpg_demons:demon, 8, 1, 3
6154, extreme_hills, minecraft:stony_peaks, MONSTER, realmrpg_demons:demon_lord, 2, 1, 1
6155, extreme_hills, minecraft:stony_peaks, MONSTER, mythicmobs:chupacabra, 5, 1, 1
6156, extreme_hills, minecraft:stony_peaks, MONSTER, the_awakening_of_the_elder_souls:golden_creeper, 1, 1, 1
6157, extreme_hills, minecraft:stony_peaks, MONSTER, the_awakening_of_the_elder_souls:golden_witch, 1, 1, 1
6158, extreme_hills, minecraft:stony_peaks, MONSTER, the_awakening_of_the_elder_souls:golden_zombie, 1, 1, 1
6159, extreme_hills, minecraft:stony_peaks, MONSTER, iceandfire:troll, 10, 1, 3
6160, extreme_hills, minecraft:stony_peaks, MONSTER, realmrpg_demons:imp, 10, 1, 3
6161, extreme_hills, minecraft:stony_peaks, MONSTER, realmrpg_demons:imp_guard, 8, 1, 3
6162, extreme_hills, minecraft:stony_peaks, MONSTER, mowziesmobs:grottol, 2, 1, 1
6163, extreme_hills, minecraft:stony_peaks, MONSTER, irons_spellbooks:necromancer, 1, 1, 1
6164, extreme_hills, minecraft:stony_peaks, MONSTER, eidolon:wraith, 1, 1, 3
6165, extreme_hills, minecraft:stony_peaks, MONSTER, eidolon:zombie_brute, 1, 1, 3
6166, extreme_hills, minecraft:stony_peaks, CREATURE, valoria:goblin, 10, 1, 2
6167, extreme_hills, minecraft:stony_peaks, CREATURE, alexsmobs:sunbird, 5, 1, 1
6168, extreme_hills, minecraft:stony_peaks, CREATURE, mythicmobs:drake, 5, 1, 4
6169, extreme_hills, minecraft:stony_peaks, CREATURE, mythicmobs:kobold, 5, 3, 6
6170, extreme_hills, minecraft:stony_peaks, CREATURE, mythicmobs:kobold_warrior, 5, 1, 3
6171, extreme_hills, minecraft:stony_peaks, CREATURE, mythicmobs:mushroom_thing, 5, 3, 5
6172, extreme_hills, minecraft:stony_peaks, CREATURE, iceandfire:hippogryph, 1, 1, 1
6173, extreme_hills, minecraft:stony_peaks, CREATURE, goblins_tyranny:wanderer_goblin, 1, 1, 1
6174, extreme_hills, minecraft:stony_peaks, AMBIENT, minecraft:bat, 10, 8, 8
6175, extreme_hills, minecraft:stony_peaks, AMBIENT, alexsmobs:fly, 5, 2, 3
6176, extreme_hills, minecraft:stony_peaks, AMBIENT, alexsmobs:cockroach, 5, 5, 5
6177, extreme_hills, minecraft:stony_peaks, AMBIENT, goblins_tyranny:coal_cave_goblin, 1, 1, 1
6178, extreme_hills, minecraft:stony_peaks, AMBIENT, goblins_tyranny:copper_cave_goblin, 1, 1, 1
6179, extreme_hills, minecraft:stony_peaks, AMBIENT, goblins_tyranny:gold_cave_goblin, 1, 1, 1
6180, extreme_hills, minecraft:stony_peaks, AMBIENT, goblins_tyranny:iron_cave_goblin, 1, 1, 1
6181, extreme_hills, minecraft:stony_peaks, UNDERGROUND_WATER_CREATURE, minecraft:glow_squid, 10, 4, 6
6182, extreme_hills, minecraft:stony_peaks, WATER_AMBIENT, alexsmobs:devils_hole_pupfish, 5, 5, 12
6183, none, minecraft:stony_shore, MONSTER, minecraft:spider, 10, 4, 4
6184, none, minecraft:stony_shore, MONSTER, minecraft:zombie, 10, 4, 4
6185, none, minecraft:stony_shore, MONSTER, minecraft:zombie_villager, 5, 1, 1
6186, none, minecraft:stony_shore, MONSTER, minecraft:skeleton, 10, 4, 4
6187, none, minecraft:stony_shore, MONSTER, minecraft:creeper, 10, 4, 4
6188, none, minecraft:stony_shore, MONSTER, minecraft:slime, 10, 4, 4
6189, none, minecraft:stony_shore, MONSTER, minecraft:enderman, 10, 1, 4
6190, none, minecraft:stony_shore, MONSTER, minecraft:witch, 5, 1, 1
6191, none, minecraft:stony_shore, MONSTER, alexsmobs:centipede_head, 5, 1, 1
6192, none, minecraft:stony_shore, MONSTER, alexsmobs:farseer, 5, 1, 1
6193, none, minecraft:stony_shore, MONSTER, alexsmobs:murmur, 5, 1, 1
6194, none, minecraft:stony_shore, MONSTER, realmrpg_demons:chort, 1, 1, 3
6195, none, minecraft:stony_shore, MONSTER, realmrpg_demons:demon, 8, 1, 3
6196, none, minecraft:stony_shore, MONSTER, realmrpg_demons:demon_lord, 2, 1, 1
6197, none, minecraft:stony_shore, MONSTER, mythicmobs:chupacabra, 5, 1, 1
6198, none, minecraft:stony_shore, MONSTER, the_awakening_of_the_elder_souls:golden_creeper, 1, 1, 1
6199, none, minecraft:stony_shore, MONSTER, the_awakening_of_the_elder_souls:golden_witch, 1, 1, 1
6200, none, minecraft:stony_shore, MONSTER, the_awakening_of_the_elder_souls:golden_zombie, 1, 1, 1
6201, none, minecraft:stony_shore, MONSTER, realmrpg_demons:imp, 10, 1, 3
6202, none, minecraft:stony_shore, MONSTER, realmrpg_demons:imp_guard, 8, 1, 3
6203, none, minecraft:stony_shore, MONSTER, mowziesmobs:grottol, 2, 1, 1
6204, none, minecraft:stony_shore, MONSTER, irons_spellbooks:necromancer, 1, 1, 1
6205, none, minecraft:stony_shore, MONSTER, eidolon:wraith, 1, 1, 3
6206, none, minecraft:stony_shore, MONSTER, eidolon:zombie_brute, 1, 1, 3
6207, none, minecraft:stony_shore, CREATURE, valoria:goblin, 10, 1, 2
6208, none, minecraft:stony_shore, CREATURE, alexsmobs:seal, 5, 3, 8
6209, none, minecraft:stony_shore, CREATURE, alexsmobs:seagull, 5, 3, 6
6210, none, minecraft:stony_shore, CREATURE, mythicmobs:drake, 5, 1, 4
6211, none, minecraft:stony_shore, CREATURE, mythicmobs:kobold, 5, 3, 6
6212, none, minecraft:stony_shore, CREATURE, mythicmobs:kobold_warrior, 5, 1, 3
6213, none, minecraft:stony_shore, CREATURE, mythicmobs:mushroom_thing, 5, 3, 5
6214, none, minecraft:stony_shore, CREATURE, goblins_tyranny:wanderer_goblin, 1, 1, 1
6215, none, minecraft:stony_shore, AMBIENT, minecraft:bat, 10, 8, 8
6216, none, minecraft:stony_shore, AMBIENT, alexsmobs:fly, 5, 2, 3
6217, none, minecraft:stony_shore, AMBIENT, alexsmobs:cockroach, 5, 5, 5
6218, none, minecraft:stony_shore, AMBIENT, goblins_tyranny:coal_cave_goblin, 1, 1, 1
6219, none, minecraft:stony_shore, AMBIENT, goblins_tyranny:copper_cave_goblin, 1, 1, 1
6220, none, minecraft:stony_shore, AMBIENT, goblins_tyranny:gold_cave_goblin, 1, 1, 1
6221, none, minecraft:stony_shore, AMBIENT, goblins_tyranny:iron_cave_goblin, 1, 1, 1
6222, none, minecraft:stony_shore, UNDERGROUND_WATER_CREATURE, minecraft:glow_squid, 10, 4, 6
6223, none, minecraft:stony_shore, WATER_AMBIENT, alexsmobs:lobster, 5, 3, 5
6224, none, minecraft:stony_shore, WATER_AMBIENT, alexsmobs:devils_hole_pupfish, 5, 5, 12
6225, nether, betternether:sulfuric_bone_reef, MONSTER, minecraft:ghast, 10, 4, 4
6226, nether, betternether:sulfuric_bone_reef, MONSTER, minecraft:zombified_piglin, 10, 4, 4
6227, nether, betternether:sulfuric_bone_reef, MONSTER, minecraft:magma_cube, 2, 4, 4
6228, nether, betternether:sulfuric_bone_reef, MONSTER, betternether:skull, 2, 2, 4
6229, nether, betternether:sulfuric_bone_reef, MONSTER, minecraft:enderman, 1, 4, 4
6230, nether, betternether:sulfuric_bone_reef, MONSTER, minecraft:piglin, 10, 4, 4
6231, nether, betternether:sulfuric_bone_reef, MONSTER, minecraft:hoglin, 0, 1, 2
6232, nether, betternether:sulfuric_bone_reef, MONSTER, betternether:naga, 8, 3, 5
6233, nether, betternether:sulfuric_bone_reef, MONSTER, betternether:jungle_skeleton, 0, 2, 4
6234, nether, betternether:sulfuric_bone_reef, MONSTER, minecraft:piglin_brute, 0, 1, 1
6235, nether, betternether:sulfuric_bone_reef, MONSTER, alexsmobs:bone_serpent, 5, 1, 1
6236, nether, betternether:sulfuric_bone_reef, MONSTER, alexsmobs:farseer, 5, 1, 1
6237, nether, betternether:sulfuric_bone_reef, MONSTER, realmrpg_demons:chort, 1, 1, 3
6238, nether, betternether:sulfuric_bone_reef, MONSTER, realmrpg_demons:demon, 8, 1, 3
6239, nether, betternether:sulfuric_bone_reef, MONSTER, realmrpg_demons:demon_lord, 2, 1, 1
6240, nether, betternether:sulfuric_bone_reef, MONSTER, the_awakening_of_the_elder_souls:golden_creeper, 1, 1, 1
6241, nether, betternether:sulfuric_bone_reef, MONSTER, the_awakening_of_the_elder_souls:golden_witch, 1, 1, 1
6242, nether, betternether:sulfuric_bone_reef, MONSTER, the_awakening_of_the_elder_souls:golden_zombie, 1, 1, 1
6243, nether, betternether:sulfuric_bone_reef, MONSTER, realmrpg_demons:imp, 10, 1, 3
6244, nether, betternether:sulfuric_bone_reef, MONSTER, realmrpg_demons:imp_guard, 8, 1, 3
6245, nether, betternether:sulfuric_bone_reef, MONSTER, mowziesmobs:grottol, 2, 1, 1
6246, nether, betternether:sulfuric_bone_reef, MONSTER, soulsweapons:evil_forlorn, 10, 1, 1
6247, nether, betternether:sulfuric_bone_reef, MONSTER, soulsweapons:withered_demon, 10, 1, 1
6248, nether, betternether:sulfuric_bone_reef, CREATURE, minecraft:strider, 10, 1, 2
6249, nether, betternether:sulfuric_bone_reef, CREATURE, alexsmobs:laviathan, 5, 1, 1
6250, nether, betternether:sulfuric_bone_reef, CREATURE, goblins_tyranny:wanderer_goblin, 1, 1, 1
6251, nether, betternether:sulfuric_bone_reef, AMBIENT, betternether:firefly, 5, 1, 3
6252, nether, betternether:sulfuric_bone_reef, AMBIENT, betternether:hydrogen_jellyfish, 5, 2, 6
6253, nether, betternether:sulfuric_bone_reef, AMBIENT, betternether:flying_pig, 0, 2, 4
6254, nether, betternether:sulfuric_bone_reef, AMBIENT, goblins_tyranny:coal_cave_goblin, 1, 1, 1
6255, nether, betternether:sulfuric_bone_reef, AMBIENT, goblins_tyranny:copper_cave_goblin, 1, 1, 1
6256, nether, betternether:sulfuric_bone_reef, AMBIENT, goblins_tyranny:gold_cave_goblin, 1, 1, 1
6257, nether, betternether:sulfuric_bone_reef, AMBIENT, goblins_tyranny:iron_cave_goblin, 1, 1, 1
6258, the_end, betterend:sulphur_springs, MONSTER, minecraft:enderman, 10, 1, 4
6259, the_end, betterend:sulphur_springs, MONSTER, alexsmobs:farseer, 5, 1, 1
6260, the_end, betterend:sulphur_springs, MONSTER, realmrpg_demons:chort, 1, 1, 3
6261, the_end, betterend:sulphur_springs, MONSTER, realmrpg_demons:demon, 8, 1, 3
6262, the_end, betterend:sulphur_springs, MONSTER, realmrpg_demons:demon_lord, 2, 1, 1
6263, the_end, betterend:sulphur_springs, MONSTER, the_awakening_of_the_elder_souls:golden_creeper, 1, 1, 1
6264, the_end, betterend:sulphur_springs, MONSTER, the_awakening_of_the_elder_souls:golden_witch, 1, 1, 1
6265, the_end, betterend:sulphur_springs, MONSTER, the_awakening_of_the_elder_souls:golden_zombie, 1, 1, 1
6266, the_end, betterend:sulphur_springs, MONSTER, realmrpg_demons:imp, 10, 1, 3
6267, the_end, betterend:sulphur_springs, MONSTER, realmrpg_demons:imp_guard, 8, 1, 3
6268, the_end, betterend:sulphur_springs, MONSTER, mowziesmobs:grottol, 2, 1, 1
6269, the_end, betterend:sulphur_springs, CREATURE, alexsmobs:endergrade, 5, 2, 6
6270, the_end, betterend:sulphur_springs, CREATURE, alexsmobs:spectre, 5, 1, 2
6271, the_end, betterend:sulphur_springs, CREATURE, alexsmobs:enderiophage, 5, 2, 2
6272, the_end, betterend:sulphur_springs, CREATURE, alexsmobs:cosmaw, 5, 1, 2
6273, the_end, betterend:sulphur_springs, CREATURE, goblins_tyranny:wanderer_goblin, 1, 1, 1
6274, the_end, betterend:sulphur_springs, AMBIENT, alexsmobs:cosmic_cod, 5, 9, 13
6275, the_end, betterend:sulphur_springs, AMBIENT, goblins_tyranny:coal_cave_goblin, 1, 1, 1
6276, the_end, betterend:sulphur_springs, AMBIENT, goblins_tyranny:copper_cave_goblin, 1, 1, 1
6277, the_end, betterend:sulphur_springs, AMBIENT, goblins_tyranny:gold_cave_goblin, 1, 1, 1
6278, the_end, betterend:sulphur_springs, AMBIENT, goblins_tyranny:iron_cave_goblin, 1, 1, 1
6279, the_end, betterend:sulphur_springs, WATER_AMBIENT, betterend:end_fish, 10, 3, 8
6280, the_end, betterend:sulphur_springs, WATER_AMBIENT, betterend:cubozoa, 10, 3, 8
6281, none, ancient_aether:sun_forest, MONSTER, alexsmobs:farseer, 5, 1, 1
6282, none, ancient_aether:sun_forest, MONSTER, realmrpg_demons:chort, 1, 1, 3
6283, none, ancient_aether:sun_forest, MONSTER, realmrpg_demons:demon, 8, 1, 3
6284, none, ancient_aether:sun_forest, MONSTER, realmrpg_demons:demon_lord, 2, 1, 1
6285, none, ancient_aether:sun_forest, MONSTER, the_awakening_of_the_elder_souls:golden_creeper, 1, 1, 1
6286, none, ancient_aether:sun_forest, MONSTER, the_awakening_of_the_elder_souls:golden_witch, 1, 1, 1
6287, none, ancient_aether:sun_forest, MONSTER, the_awakening_of_the_elder_souls:golden_zombie, 1, 1, 1
6288, none, ancient_aether:sun_forest, MONSTER, realmrpg_demons:imp, 10, 1, 3
6289, none, ancient_aether:sun_forest, MONSTER, realmrpg_demons:imp_guard, 8, 1, 3
6290, none, ancient_aether:sun_forest, MONSTER, mowziesmobs:grottol, 2, 1, 1
6291, none, ancient_aether:sun_forest, CREATURE, aether:phyg, 10, 3, 4
6292, none, ancient_aether:sun_forest, CREATURE, aether:sheepuff, 10, 3, 4
6293, none, ancient_aether:sun_forest, CREATURE, aether:flying_cow, 10, 2, 5
6294, none, ancient_aether:sun_forest, CREATURE, aether:aerbunny, 10, 3, 3
6295, none, ancient_aether:sun_forest, CREATURE, aether:moa, 8, 1, 3
6296, none, ancient_aether:sun_forest, CREATURE, goblins_tyranny:wanderer_goblin, 1, 1, 1
6297, none, ancient_aether:sun_forest, AMBIENT, goblins_tyranny:coal_cave_goblin, 1, 1, 1
6298, none, ancient_aether:sun_forest, AMBIENT, goblins_tyranny:copper_cave_goblin, 1, 1, 1
6299, none, ancient_aether:sun_forest, AMBIENT, goblins_tyranny:gold_cave_goblin, 1, 1, 1
6300, none, ancient_aether:sun_forest, AMBIENT, goblins_tyranny:iron_cave_goblin, 1, 1, 1
6301, none, ancient_aether:sun_forest, AETHER_SURFACE_MONSTER, aether:aechor_plant, 7, 1, 1
6302, none, ancient_aether:sun_forest, AETHER_SURFACE_MONSTER, aether:blue_swet, 6, 1, 1
6303, none, ancient_aether:sun_forest, AETHER_SURFACE_MONSTER, aether:golden_swet, 6, 1, 1
6304, none, ancient_aether:sun_forest, AETHER_SURFACE_MONSTER, aether:whirlwind, 3, 1, 1
6305, none, ancient_aether:sun_forest, AETHER_SURFACE_MONSTER, aether:evil_whirlwind, 1, 1, 1
6306, none, ancient_aether:sun_forest, AETHER_DARKNESS_MONSTER, aether:cockatrice, 10, 1, 3
6307, none, ancient_aether:sun_forest, AETHER_SKY_MONSTER, aether:zephyr, 10, 1, 1
6308, none, ancient_aether:sun_forest, AETHER_AERWHALE, aether:aerwhale, 10, 1, 1
6309, none, the_awakening_of_the_elder_souls:sunflower_land, MONSTER, alexsmobs:farseer, 5, 1, 1
6310, none, the_awakening_of_the_elder_souls:sunflower_land, MONSTER, realmrpg_demons:chort, 1, 1, 3
6311, none, the_awakening_of_the_elder_souls:sunflower_land, MONSTER, realmrpg_demons:demon, 8, 1, 3
6312, none, the_awakening_of_the_elder_souls:sunflower_land, MONSTER, realmrpg_demons:demon_lord, 2, 1, 1
6313, none, the_awakening_of_the_elder_souls:sunflower_land, MONSTER, the_awakening_of_the_elder_souls:golden_creeper, 1, 1, 1
6314, none, the_awakening_of_the_elder_souls:sunflower_land, MONSTER, the_awakening_of_the_elder_souls:golden_witch, 1, 1, 1
6315, none, the_awakening_of_the_elder_souls:sunflower_land, MONSTER, the_awakening_of_the_elder_souls:golden_zombie, 1, 1, 1
6316, none, the_awakening_of_the_elder_souls:sunflower_land, MONSTER, realmrpg_demons:imp, 10, 1, 3
6317, none, the_awakening_of_the_elder_souls:sunflower_land, MONSTER, realmrpg_demons:imp_guard, 8, 1, 3
6318, none, the_awakening_of_the_elder_souls:sunflower_land, MONSTER, mowziesmobs:grottol, 2, 1, 1
6319, none, the_awakening_of_the_elder_souls:sunflower_land, CREATURE, the_awakening_of_the_elder_souls:sun_cow, 10, 1, 3
6320, none, the_awakening_of_the_elder_souls:sunflower_land, CREATURE, goblins_tyranny:wanderer_goblin, 1, 1, 1
6321, none, the_awakening_of_the_elder_souls:sunflower_land, AMBIENT, goblins_tyranny:coal_cave_goblin, 1, 1, 1
6322, none, the_awakening_of_the_elder_souls:sunflower_land, AMBIENT, goblins_tyranny:copper_cave_goblin, 1, 1, 1
6323, none, the_awakening_of_the_elder_souls:sunflower_land, AMBIENT, goblins_tyranny:gold_cave_goblin, 1, 1, 1
6324, none, the_awakening_of_the_elder_souls:sunflower_land, AMBIENT, goblins_tyranny:iron_cave_goblin, 1, 1, 1
6325, none, minecraft:sunflower_plains, MONSTER, minecraft:spider, 10, 4, 4
6326, none, minecraft:sunflower_plains, MONSTER, minecraft:zombie, 10, 4, 4
6327, none, minecraft:sunflower_plains, MONSTER, minecraft:zombie_villager, 5, 1, 1
6328, none, minecraft:sunflower_plains, MONSTER, minecraft:skeleton, 10, 4, 4
6329, none, minecraft:sunflower_plains, MONSTER, minecraft:creeper, 10, 4, 4
6330, none, minecraft:sunflower_plains, MONSTER, minecraft:slime, 10, 4, 4
6331, none, minecraft:sunflower_plains, MONSTER, minecraft:enderman, 10, 1, 4
6332, none, minecraft:sunflower_plains, MONSTER, minecraft:witch, 5, 1, 1
6333, none, minecraft:sunflower_plains, MONSTER, alexsmobs:centipede_head, 5, 1, 1
6334, none, minecraft:sunflower_plains, MONSTER, alexsmobs:farseer, 5, 1, 1
6335, none, minecraft:sunflower_plains, MONSTER, alexsmobs:murmur, 5, 1, 1
6336, none, minecraft:sunflower_plains, MONSTER, realmrpg_demons:chort, 1, 1, 3
6337, none, minecraft:sunflower_plains, MONSTER, realmrpg_demons:demon, 8, 1, 3
6338, none, minecraft:sunflower_plains, MONSTER, realmrpg_demons:demon_lord, 2, 1, 1
6339, none, minecraft:sunflower_plains, MONSTER, mythicmobs:chupacabra, 5, 1, 1
6340, none, minecraft:sunflower_plains, MONSTER, the_awakening_of_the_elder_souls:golden_creeper, 1, 1, 1
6341, none, minecraft:sunflower_plains, MONSTER, the_awakening_of_the_elder_souls:golden_witch, 1, 1, 1
6342, none, minecraft:sunflower_plains, MONSTER, the_awakening_of_the_elder_souls:golden_zombie, 1, 1, 1
6343, none, minecraft:sunflower_plains, MONSTER, realmrpg_demons:imp, 10, 1, 3
6344, none, minecraft:sunflower_plains, MONSTER, realmrpg_demons:imp_guard, 8, 1, 3
6345, none, minecraft:sunflower_plains, MONSTER, mowziesmobs:grottol, 2, 1, 1
6346, none, minecraft:sunflower_plains, MONSTER, irons_spellbooks:necromancer, 1, 1, 1
6347, none, minecraft:sunflower_plains, MONSTER, eidolon:wraith, 1, 1, 3
6348, none, minecraft:sunflower_plains, MONSTER, eidolon:zombie_brute, 1, 1, 3
6349, none, minecraft:sunflower_plains, CREATURE, minecraft:sheep, 10, 4, 4
6350, none, minecraft:sunflower_plains, CREATURE, minecraft:pig, 10, 4, 4
6351, none, minecraft:sunflower_plains, CREATURE, minecraft:chicken, 10, 4, 4
6352, none, minecraft:sunflower_plains, CREATURE, minecraft:cow, 8, 4, 4
6353, none, minecraft:sunflower_plains, CREATURE, minecraft:horse, 5, 2, 6
6354, none, minecraft:sunflower_plains, CREATURE, minecraft:donkey, 1, 1, 3
6355, none, minecraft:sunflower_plains, CREATURE, valoria:goblin, 10, 1, 2
6356, none, minecraft:sunflower_plains, CREATURE, alexsmobs:hummingbird, 5, 7, 7
6357, none, minecraft:sunflower_plains, CREATURE, alexsmobs:raccoon, 5, 2, 4
6358, none, minecraft:sunflower_plains, CREATURE, alexsmobs:crow, 5, 3, 5
6359, none, minecraft:sunflower_plains, CREATURE, alexsmobs:bison, 5, 6, 10
6360, none, minecraft:sunflower_plains, CREATURE, mythicmobs:drake, 5, 1, 4
6361, none, minecraft:sunflower_plains, CREATURE, mythicmobs:kobold, 5, 3, 6
6362, none, minecraft:sunflower_plains, CREATURE, mythicmobs:kobold_warrior, 5, 1, 3
6363, none, minecraft:sunflower_plains, CREATURE, mythicmobs:mushroom_thing, 5, 3, 5
6364, none, minecraft:sunflower_plains, CREATURE, goblins_tyranny:wanderer_goblin, 1, 1, 1
6365, none, minecraft:sunflower_plains, AMBIENT, minecraft:bat, 10, 8, 8
6366, none, minecraft:sunflower_plains, AMBIENT, alexsmobs:fly, 5, 2, 3
6367, none, minecraft:sunflower_plains, AMBIENT, alexsmobs:cockroach, 5, 5, 5
6368, none, minecraft:sunflower_plains, AMBIENT, goblins_tyranny:coal_cave_goblin, 1, 1, 1
6369, none, minecraft:sunflower_plains, AMBIENT, goblins_tyranny:copper_cave_goblin, 1, 1, 1
6370, none, minecraft:sunflower_plains, AMBIENT, goblins_tyranny:gold_cave_goblin, 1, 1, 1
6371, none, minecraft:sunflower_plains, AMBIENT, goblins_tyranny:iron_cave_goblin, 1, 1, 1
6372, none, minecraft:sunflower_plains, UNDERGROUND_WATER_CREATURE, minecraft:glow_squid, 10, 4, 6
6373, none, minecraft:sunflower_plains, WATER_AMBIENT, alexsmobs:devils_hole_pupfish, 5, 5, 12
6374, swamp, minecraft:swamp, MONSTER, minecraft:spider, 10, 4, 4
6375, swamp, minecraft:swamp, MONSTER, minecraft:zombie, 10, 4, 4
6376, swamp, minecraft:swamp, MONSTER, minecraft:zombie_villager, 5, 1, 1
6377, swamp, minecraft:swamp, MONSTER, minecraft:skeleton, 10, 4, 4
6378, swamp, minecraft:swamp, MONSTER, minecraft:creeper, 10, 4, 4
6379, swamp, minecraft:swamp, MONSTER, minecraft:slime, 10, 4, 4
6380, swamp, minecraft:swamp, MONSTER, minecraft:enderman, 10, 1, 4
6381, swamp, minecraft:swamp, MONSTER, minecraft:witch, 5, 1, 1
6382, swamp, minecraft:swamp, MONSTER, minecraft:slime, 1, 1, 1
6383, swamp, minecraft:swamp, MONSTER, valoria:swamp_wanderer, 10, 1, 3
6384, swamp, minecraft:swamp, MONSTER, alexsmobs:centipede_head, 5, 1, 1
6385, swamp, minecraft:swamp, MONSTER, alexsmobs:farseer, 5, 1, 1
6386, swamp, minecraft:swamp, MONSTER, alexsmobs:murmur, 5, 1, 1
6387, swamp, minecraft:swamp, MONSTER, realmrpg_demons:chort, 1, 1, 3
6388, swamp, minecraft:swamp, MONSTER, realmrpg_demons:demon, 8, 1, 3
6389, swamp, minecraft:swamp, MONSTER, realmrpg_demons:demon_lord, 2, 1, 1
6390, swamp, minecraft:swamp, MONSTER, mythicmobs:chupacabra, 5, 1, 1
6391, swamp, minecraft:swamp, MONSTER, the_awakening_of_the_elder_souls:golden_creeper, 1, 1, 1
6392, swamp, minecraft:swamp, MONSTER, the_awakening_of_the_elder_souls:golden_witch, 1, 1, 1
6393, swamp, minecraft:swamp, MONSTER, the_awakening_of_the_elder_souls:golden_zombie, 1, 1, 1
6394, swamp, minecraft:swamp, MONSTER, realmrpg_demons:imp, 10, 1, 3
6395, swamp, minecraft:swamp, MONSTER, realmrpg_demons:imp_guard, 8, 1, 3
6396, swamp, minecraft:swamp, MONSTER, mowziesmobs:grottol, 2, 1, 1
6397, swamp, minecraft:swamp, MONSTER, irons_spellbooks:necromancer, 1, 1, 1
6398, swamp, minecraft:swamp, MONSTER, eidolon:wraith, 1, 1, 3
6399, swamp, minecraft:swamp, MONSTER, eidolon:zombie_brute, 1, 1, 3
6400, swamp, minecraft:swamp, CREATURE, minecraft:sheep, 10, 4, 4
6401, swamp, minecraft:swamp, CREATURE, minecraft:pig, 10, 4, 4
6402, swamp, minecraft:swamp, CREATURE, minecraft:chicken, 10, 4, 4
6403, swamp, minecraft:swamp, CREATURE, minecraft:cow, 8, 4, 4
6404, swamp, minecraft:swamp, CREATURE, minecraft:frog, 10, 2, 5
6405, swamp, minecraft:swamp, CREATURE, valoria:goblin, 10, 1, 2
6406, swamp, minecraft:swamp, CREATURE, alexsmobs:crocodile, 5, 1, 2
6407, swamp, minecraft:swamp, CREATURE, alexsmobs:shoebill, 5, 1, 2
6408, swamp, minecraft:swamp, CREATURE, alexsmobs:alligator_snapping_turtle, 10, 1, 2
6409, swamp, minecraft:swamp, CREATURE, alexsmobs:anaconda, 5, 1, 1
6410, swamp, minecraft:swamp, CREATURE, mythicmobs:drake, 5, 1, 4
6411, swamp, minecraft:swamp, CREATURE, mythicmobs:kobold, 5, 3, 6
6412, swamp, minecraft:swamp, CREATURE, mythicmobs:kobold_warrior, 5, 1, 3
6413, swamp, minecraft:swamp, CREATURE, mythicmobs:mushroom_thing, 5, 3, 5
6414, swamp, minecraft:swamp, CREATURE, eidolon:slimy_slug, 1, 2, 5
6415, swamp, minecraft:swamp, CREATURE, goblins_tyranny:wanderer_goblin, 1, 1, 1
6416, swamp, minecraft:swamp, AMBIENT, minecraft:bat, 10, 8, 8
6417, swamp, minecraft:swamp, AMBIENT, alexsmobs:fly, 5, 2, 3
6418, swamp, minecraft:swamp, AMBIENT, alexsmobs:cockroach, 5, 5, 5
6419, swamp, minecraft:swamp, AMBIENT, goblins_tyranny:coal_cave_goblin, 1, 1, 1
6420, swamp, minecraft:swamp, AMBIENT, goblins_tyranny:copper_cave_goblin, 1, 1, 1
6421, swamp, minecraft:swamp, AMBIENT, goblins_tyranny:gold_cave_goblin, 1, 1, 1
6422, swamp, minecraft:swamp, AMBIENT, goblins_tyranny:iron_cave_goblin, 1, 1, 1
6423, swamp, minecraft:swamp, UNDERGROUND_WATER_CREATURE, minecraft:glow_squid, 10, 4, 6
6424, swamp, minecraft:swamp, WATER_AMBIENT, alexsmobs:devils_hole_pupfish, 5, 5, 12
6425, swamp, minecraft:swamp, WATER_AMBIENT, alexsmobs:catfish, 5, 1, 3
6426, taiga, minecraft:taiga, MONSTER, minecraft:spider, 10, 4, 4
6427, taiga, minecraft:taiga, MONSTER, minecraft:zombie, 10, 4, 4
6428, taiga, minecraft:taiga, MONSTER, minecraft:zombie_villager, 5, 1, 1
6429, taiga, minecraft:taiga, MONSTER, minecraft:skeleton, 10, 4, 4
6430, taiga, minecraft:taiga, MONSTER, minecraft:creeper, 10, 4, 4
6431, taiga, minecraft:taiga, MONSTER, minecraft:slime, 10, 4, 4
6432, taiga, minecraft:taiga, MONSTER, minecraft:enderman, 10, 1, 4
6433, taiga, minecraft:taiga, MONSTER, minecraft:witch, 5, 1, 1
6434, taiga, minecraft:taiga, MONSTER, alexsmobs:centipede_head, 5, 1, 1
6435, taiga, minecraft:taiga, MONSTER, alexsmobs:farseer, 5, 1, 1
6436, taiga, minecraft:taiga, MONSTER, alexsmobs:murmur, 5, 1, 1
6437, taiga, minecraft:taiga, MONSTER, realmrpg_demons:chort, 1, 1, 3
6438, taiga, minecraft:taiga, MONSTER, realmrpg_demons:demon, 8, 1, 3
6439, taiga, minecraft:taiga, MONSTER, realmrpg_demons:demon_lord, 2, 1, 1
6440, taiga, minecraft:taiga, MONSTER, mythicmobs:chupacabra, 5, 1, 1
6441, taiga, minecraft:taiga, MONSTER, the_awakening_of_the_elder_souls:golden_creeper, 1, 1, 1
6442, taiga, minecraft:taiga, MONSTER, the_awakening_of_the_elder_souls:golden_witch, 1, 1, 1
6443, taiga, minecraft:taiga, MONSTER, the_awakening_of_the_elder_souls:golden_zombie, 1, 1, 1
6444, taiga, minecraft:taiga, MONSTER, realmrpg_demons:imp, 10, 1, 3
6445, taiga, minecraft:taiga, MONSTER, realmrpg_demons:imp_guard, 8, 1, 3
6446, taiga, minecraft:taiga, MONSTER, mowziesmobs:grottol, 2, 1, 1
6447, taiga, minecraft:taiga, MONSTER, irons_spellbooks:necromancer, 1, 1, 1
6448, taiga, minecraft:taiga, MONSTER, eidolon:wraith, 1, 1, 3
6449, taiga, minecraft:taiga, MONSTER, eidolon:zombie_brute, 1, 1, 3
6450, taiga, minecraft:taiga, CREATURE, minecraft:sheep, 10, 4, 4
6451, taiga, minecraft:taiga, CREATURE, minecraft:pig, 10, 4, 4
6452, taiga, minecraft:taiga, CREATURE, minecraft:chicken, 10, 4, 4
6453, taiga, minecraft:taiga, CREATURE, minecraft:cow, 8, 4, 4
6454, taiga, minecraft:taiga, CREATURE, minecraft:wolf, 8, 4, 4
6455, taiga, minecraft:taiga, CREATURE, minecraft:rabbit, 4, 2, 3
6456, taiga, minecraft:taiga, CREATURE, minecraft:fox, 8, 2, 4
6457, taiga, minecraft:taiga, CREATURE, valoria:goblin, 10, 1, 2
6458, taiga, minecraft:taiga, CREATURE, alexsmobs:grizzly_bear, 5, 2, 3
6459, taiga, minecraft:taiga, CREATURE, alexsmobs:raccoon, 5, 2, 4
6460, taiga, minecraft:taiga, CREATURE, alexsmobs:crow, 5, 3, 5
6461, taiga, minecraft:taiga, CREATURE, alexsmobs:blue_jay, 5, 2, 4
6462, taiga, minecraft:taiga, CREATURE, mythicmobs:drake, 5, 1, 4
6463, taiga, minecraft:taiga, CREATURE, mythicmobs:kobold, 5, 3, 6
6464, taiga, minecraft:taiga, CREATURE, mythicmobs:kobold_warrior, 5, 1, 3
6465, taiga, minecraft:taiga, CREATURE, mythicmobs:mushroom_thing, 5, 3, 5
6466, taiga, minecraft:taiga, CREATURE, eidolon:slimy_slug, 1, 2, 3
6467, taiga, minecraft:taiga, CREATURE, goblins_tyranny:wanderer_goblin, 1, 1, 1
6468, taiga, minecraft:taiga, AMBIENT, minecraft:bat, 10, 8, 8
6469, taiga, minecraft:taiga, AMBIENT, alexsmobs:fly, 5, 2, 3
6470, taiga, minecraft:taiga, AMBIENT, alexsmobs:cockroach, 5, 5, 5
6471, taiga, minecraft:taiga, AMBIENT, goblins_tyranny:coal_cave_goblin, 1, 1, 1
6472, taiga, minecraft:taiga, AMBIENT, goblins_tyranny:copper_cave_goblin, 1, 1, 1
6473, taiga, minecraft:taiga, AMBIENT, goblins_tyranny:gold_cave_goblin, 1, 1, 1
6474, taiga, minecraft:taiga, AMBIENT, goblins_tyranny:iron_cave_goblin, 1, 1, 1
6475, taiga, minecraft:taiga, UNDERGROUND_WATER_CREATURE, minecraft:glow_squid, 10, 4, 6
6476, taiga, minecraft:taiga, WATER_AMBIENT, alexsmobs:devils_hole_pupfish, 5, 5, 12
6477, plains, biomeswevegone:temperate_grove, MONSTER, minecraft:spider, 10, 4, 4
6478, plains, biomeswevegone:temperate_grove, MONSTER, minecraft:zombie, 10, 4, 4
6479, plains, biomeswevegone:temperate_grove, MONSTER, minecraft:zombie_villager, 5, 1, 1
6480, plains, biomeswevegone:temperate_grove, MONSTER, minecraft:skeleton, 10, 4, 4
6481, plains, biomeswevegone:temperate_grove, MONSTER, minecraft:creeper, 10, 4, 4
6482, plains, biomeswevegone:temperate_grove, MONSTER, minecraft:slime, 10, 4, 4
6483, plains, biomeswevegone:temperate_grove, MONSTER, minecraft:enderman, 10, 1, 4
6484, plains, biomeswevegone:temperate_grove, MONSTER, minecraft:witch, 5, 1, 1
6485, plains, biomeswevegone:temperate_grove, MONSTER, alexsmobs:centipede_head, 5, 1, 1
6486, plains, biomeswevegone:temperate_grove, MONSTER, alexsmobs:farseer, 5, 1, 1
6487, plains, biomeswevegone:temperate_grove, MONSTER, alexsmobs:murmur, 5, 1, 1
6488, plains, biomeswevegone:temperate_grove, MONSTER, realmrpg_demons:chort, 1, 1, 3
6489, plains, biomeswevegone:temperate_grove, MONSTER, realmrpg_demons:demon, 8, 1, 3
6490, plains, biomeswevegone:temperate_grove, MONSTER, realmrpg_demons:demon_lord, 2, 1, 1
6491, plains, biomeswevegone:temperate_grove, MONSTER, the_awakening_of_the_elder_souls:golden_creeper, 1, 1, 1
6492, plains, biomeswevegone:temperate_grove, MONSTER, the_awakening_of_the_elder_souls:golden_witch, 1, 1, 1
6493, plains, biomeswevegone:temperate_grove, MONSTER, the_awakening_of_the_elder_souls:golden_zombie, 1, 1, 1
6494, plains, biomeswevegone:temperate_grove, MONSTER, realmrpg_demons:imp, 10, 1, 3
6495, plains, biomeswevegone:temperate_grove, MONSTER, realmrpg_demons:imp_guard, 8, 1, 3
6496, plains, biomeswevegone:temperate_grove, MONSTER, mowziesmobs:grottol, 2, 1, 1
6497, plains, biomeswevegone:temperate_grove, MONSTER, irons_spellbooks:necromancer, 1, 1, 1
6498, plains, biomeswevegone:temperate_grove, MONSTER, eidolon:wraith, 1, 1, 3
6499, plains, biomeswevegone:temperate_grove, MONSTER, eidolon:zombie_brute, 1, 1, 3
6500, plains, biomeswevegone:temperate_grove, CREATURE, minecraft:sheep, 10, 4, 4
6501, plains, biomeswevegone:temperate_grove, CREATURE, minecraft:pig, 10, 4, 4
6502, plains, biomeswevegone:temperate_grove, CREATURE, minecraft:chicken, 10, 4, 4
6503, plains, biomeswevegone:temperate_grove, CREATURE, minecraft:cow, 8, 4, 4
6504, plains, biomeswevegone:temperate_grove, CREATURE, valoria:goblin, 10, 1, 2
6505, plains, biomeswevegone:temperate_grove, CREATURE, alexsmobs:raccoon, 5, 2, 4
6506, plains, biomeswevegone:temperate_grove, CREATURE, alexsmobs:crow, 5, 3, 5
6507, plains, biomeswevegone:temperate_grove, CREATURE, alexsmobs:bison, 5, 6, 10
6508, plains, biomeswevegone:temperate_grove, CREATURE, goblins_tyranny:wanderer_goblin, 1, 1, 1
6509, plains, biomeswevegone:temperate_grove, AMBIENT, minecraft:bat, 10, 8, 8
6510, plains, biomeswevegone:temperate_grove, AMBIENT, alexsmobs:fly, 5, 2, 3
6511, plains, biomeswevegone:temperate_grove, AMBIENT, alexsmobs:cockroach, 5, 5, 5
6512, plains, biomeswevegone:temperate_grove, AMBIENT, goblins_tyranny:coal_cave_goblin, 1, 1, 1
6513, plains, biomeswevegone:temperate_grove, AMBIENT, goblins_tyranny:copper_cave_goblin, 1, 1, 1
6514, plains, biomeswevegone:temperate_grove, AMBIENT, goblins_tyranny:gold_cave_goblin, 1, 1, 1
6515, plains, biomeswevegone:temperate_grove, AMBIENT, goblins_tyranny:iron_cave_goblin, 1, 1, 1
6516, plains, biomeswevegone:temperate_grove, WATER_AMBIENT, alexsmobs:devils_hole_pupfish, 5, 5, 12
6517, the_end, minecraft:the_end, MONSTER, minecraft:enderman, 10, 4, 4
6518, the_end, minecraft:the_end, MONSTER, alexsmobs:farseer, 5, 1, 1
6519, the_end, minecraft:the_end, MONSTER, realmrpg_demons:chort, 1, 1, 3
6520, the_end, minecraft:the_end, MONSTER, realmrpg_demons:demon, 8, 1, 3
6521, the_end, minecraft:the_end, MONSTER, realmrpg_demons:demon_lord, 2, 1, 1
6522, the_end, minecraft:the_end, MONSTER, the_awakening_of_the_elder_souls:golden_creeper, 1, 1, 1
6523, the_end, minecraft:the_end, MONSTER, the_awakening_of_the_elder_souls:golden_witch, 1, 1, 1
6524, the_end, minecraft:the_end, MONSTER, the_awakening_of_the_elder_souls:golden_zombie, 1, 1, 1
6525, the_end, minecraft:the_end, MONSTER, realmrpg_demons:imp, 10, 1, 3
6526, the_end, minecraft:the_end, MONSTER, realmrpg_demons:imp_guard, 8, 1, 3
6527, the_end, minecraft:the_end, MONSTER, mowziesmobs:grottol, 2, 1, 1
6528, the_end, minecraft:the_end, CREATURE, goblins_tyranny:wanderer_goblin, 1, 1, 1
6529, the_end, minecraft:the_end, AMBIENT, alexsmobs:cosmic_cod, 5, 9, 13
6530, the_end, minecraft:the_end, AMBIENT, goblins_tyranny:coal_cave_goblin, 1, 1, 1
6531, the_end, minecraft:the_end, AMBIENT, goblins_tyranny:copper_cave_goblin, 1, 1, 1
6532, the_end, minecraft:the_end, AMBIENT, goblins_tyranny:gold_cave_goblin, 1, 1, 1
6533, the_end, minecraft:the_end, AMBIENT, goblins_tyranny:iron_cave_goblin, 1, 1, 1
6534, none, minecraft:the_void, MONSTER, alexsmobs:farseer, 5, 1, 1
6535, none, minecraft:the_void, MONSTER, realmrpg_demons:chort, 1, 1, 3
6536, none, minecraft:the_void, MONSTER, realmrpg_demons:demon, 8, 1, 3
6537, none, minecraft:the_void, MONSTER, realmrpg_demons:demon_lord, 2, 1, 1
6538, none, minecraft:the_void, MONSTER, the_awakening_of_the_elder_souls:golden_creeper, 1, 1, 1
6539, none, minecraft:the_void, MONSTER, the_awakening_of_the_elder_souls:golden_witch, 1, 1, 1
6540, none, minecraft:the_void, MONSTER, the_awakening_of_the_elder_souls:golden_zombie, 1, 1, 1
6541, none, minecraft:the_void, MONSTER, realmrpg_demons:imp, 10, 1, 3
6542, none, minecraft:the_void, MONSTER, realmrpg_demons:imp_guard, 8, 1, 3
6543, none, minecraft:the_void, MONSTER, mowziesmobs:grottol, 2, 1, 1
6544, none, minecraft:the_void, CREATURE, goblins_tyranny:wanderer_goblin, 1, 1, 1
6545, none, minecraft:the_void, AMBIENT, goblins_tyranny:coal_cave_goblin, 1, 1, 1
6546, none, minecraft:the_void, AMBIENT, goblins_tyranny:copper_cave_goblin, 1, 1, 1
6547, none, minecraft:the_void, AMBIENT, goblins_tyranny:gold_cave_goblin, 1, 1, 1
6548, none, minecraft:the_void, AMBIENT, goblins_tyranny:iron_cave_goblin, 1, 1, 1
6549, none, alexscaves:toxic_caves, MONSTER, alexscaves:brainiac, 10, 1, 2
6550, none, alexscaves:toxic_caves, MONSTER, alexscaves:nucleeper, 10, 1, 1
6551, none, alexscaves:toxic_caves, MONSTER, minecraft:spider, 10, 4, 4
6552, none, alexscaves:toxic_caves, MONSTER, minecraft:zombie, 10, 4, 4
6553, none, alexscaves:toxic_caves, MONSTER, minecraft:zombie_villager, 5, 1, 1
6554, none, alexscaves:toxic_caves, MONSTER, minecraft:skeleton, 10, 4, 4
6555, none, alexscaves:toxic_caves, MONSTER, minecraft:creeper, 10, 4, 4
6556, none, alexscaves:toxic_caves, MONSTER, minecraft:slime, 10, 4, 4
6557, none, alexscaves:toxic_caves, MONSTER, minecraft:enderman, 10, 1, 4
6558, none, alexscaves:toxic_caves, MONSTER, minecraft:witch, 5, 1, 1
6559, none, alexscaves:toxic_caves, MONSTER, minecraft:drowned, 10, 4, 4
6560, none, alexscaves:toxic_caves, MONSTER, alexsmobs:centipede_head, 5, 1, 1
6561, none, alexscaves:toxic_caves, MONSTER, alexsmobs:farseer, 5, 1, 1
6562, none, alexscaves:toxic_caves, MONSTER, alexsmobs:murmur, 5, 1, 1
6563, none, alexscaves:toxic_caves, MONSTER, realmrpg_demons:chort, 1, 1, 3
6564, none, alexscaves:toxic_caves, MONSTER, realmrpg_demons:demon, 8, 1, 3
6565, none, alexscaves:toxic_caves, MONSTER, realmrpg_demons:demon_lord, 2, 1, 1
6566, none, alexscaves:toxic_caves, MONSTER, the_awakening_of_the_elder_souls:golden_creeper, 1, 1, 1
6567, none, alexscaves:toxic_caves, MONSTER, the_awakening_of_the_elder_souls:golden_witch, 1, 1, 1
6568, none, alexscaves:toxic_caves, MONSTER, the_awakening_of_the_elder_souls:golden_zombie, 1, 1, 1
6569, none, alexscaves:toxic_caves, MONSTER, realmrpg_demons:imp, 10, 1, 3
6570, none, alexscaves:toxic_caves, MONSTER, realmrpg_demons:imp_guard, 8, 1, 3
6571, none, alexscaves:toxic_caves, MONSTER, mowziesmobs:grottol, 2, 1, 1
6572, none, alexscaves:toxic_caves, MONSTER, irons_spellbooks:necromancer, 1, 1, 1
6573, none, alexscaves:toxic_caves, MONSTER, eidolon:wraith, 1, 1, 3
6574, none, alexscaves:toxic_caves, MONSTER, eidolon:zombie_brute, 1, 1, 3
6575, none, alexscaves:toxic_caves, CREATURE, valoria:goblin, 10, 1, 2
6576, none, alexscaves:toxic_caves, CREATURE, goblins_tyranny:wanderer_goblin, 1, 1, 1
6577, none, alexscaves:toxic_caves, AMBIENT, alexscaves:gammaroach, 10, 8, 8
6578, none, alexscaves:toxic_caves, AMBIENT, minecraft:bat, 10, 8, 8
6579, none, alexscaves:toxic_caves, AMBIENT, alexsmobs:fly, 5, 2, 3
6580, none, alexscaves:toxic_caves, AMBIENT, alexsmobs:cockroach, 5, 5, 5
6581, none, alexscaves:toxic_caves, AMBIENT, goblins_tyranny:coal_cave_goblin, 1, 1, 1
6582, none, alexscaves:toxic_caves, AMBIENT, goblins_tyranny:copper_cave_goblin, 1, 1, 1
6583, none, alexscaves:toxic_caves, AMBIENT, goblins_tyranny:gold_cave_goblin, 1, 1, 1
6584, none, alexscaves:toxic_caves, AMBIENT, goblins_tyranny:iron_cave_goblin, 1, 1, 1
6585, none, alexscaves:toxic_caves, UNDERGROUND_WATER_CREATURE, minecraft:glow_squid, 10, 4, 6
6586, none, alexscaves:toxic_caves, WATER_AMBIENT, alexscaves:radgill, 10, 1, 3
6587, none, alexscaves:toxic_caves, WATER_AMBIENT, alexsmobs:devils_hole_pupfish, 5, 5, 12
6588, none, alexscaves:toxic_caves, cave_creature, alexscaves:raycat, 10, 1, 1
6589, jungle, biomeswevegone:tropical_rainforest, MONSTER, minecraft:spider, 10, 4, 4
6590, jungle, biomeswevegone:tropical_rainforest, MONSTER, minecraft:zombie, 10, 4, 4
6591, jungle, biomeswevegone:tropical_rainforest, MONSTER, minecraft:zombie_villager, 5, 1, 1
6592, jungle, biomeswevegone:tropical_rainforest, MONSTER, minecraft:skeleton, 10, 4, 4
6593, jungle, biomeswevegone:tropical_rainforest, MONSTER, minecraft:creeper, 10, 4, 4
6594, jungle, biomeswevegone:tropical_rainforest, MONSTER, minecraft:slime, 10, 4, 4
6595, jungle, biomeswevegone:tropical_rainforest, MONSTER, minecraft:enderman, 10, 1, 4
6596, jungle, biomeswevegone:tropical_rainforest, MONSTER, minecraft:witch, 5, 1, 1
6597, jungle, biomeswevegone:tropical_rainforest, MONSTER, alexsmobs:centipede_head, 5, 1, 1
6598, jungle, biomeswevegone:tropical_rainforest, MONSTER, alexsmobs:farseer, 5, 1, 1
6599, jungle, biomeswevegone:tropical_rainforest, MONSTER, alexsmobs:murmur, 5, 1, 1
6600, jungle, biomeswevegone:tropical_rainforest, MONSTER, realmrpg_demons:chort, 1, 1, 3
6601, jungle, biomeswevegone:tropical_rainforest, MONSTER, realmrpg_demons:demon, 8, 1, 3
6602, jungle, biomeswevegone:tropical_rainforest, MONSTER, realmrpg_demons:demon_lord, 2, 1, 1
6603, jungle, biomeswevegone:tropical_rainforest, MONSTER, the_awakening_of_the_elder_souls:golden_creeper, 1, 1, 1
6604, jungle, biomeswevegone:tropical_rainforest, MONSTER, the_awakening_of_the_elder_souls:golden_witch, 1, 1, 1
6605, jungle, biomeswevegone:tropical_rainforest, MONSTER, the_awakening_of_the_elder_souls:golden_zombie, 1, 1, 1
6606, jungle, biomeswevegone:tropical_rainforest, MONSTER, realmrpg_demons:imp, 10, 1, 3
6607, jungle, biomeswevegone:tropical_rainforest, MONSTER, realmrpg_demons:imp_guard, 8, 1, 3
6608, jungle, biomeswevegone:tropical_rainforest, MONSTER, mowziesmobs:foliaath, 10, 1, 4
6609, jungle, biomeswevegone:tropical_rainforest, MONSTER, mowziesmobs:grottol, 2, 1, 1
6610, jungle, biomeswevegone:tropical_rainforest, MONSTER, irons_spellbooks:necromancer, 1, 1, 1
6611, jungle, biomeswevegone:tropical_rainforest, MONSTER, eidolon:wraith, 1, 1, 3
6612, jungle, biomeswevegone:tropical_rainforest, MONSTER, eidolon:zombie_brute, 1, 1, 3
6613, jungle, biomeswevegone:tropical_rainforest, CREATURE, minecraft:sheep, 10, 4, 4
6614, jungle, biomeswevegone:tropical_rainforest, CREATURE, minecraft:pig, 10, 4, 4
6615, jungle, biomeswevegone:tropical_rainforest, CREATURE, minecraft:chicken, 10, 4, 4
6616, jungle, biomeswevegone:tropical_rainforest, CREATURE, minecraft:cow, 8, 4, 4
6617, jungle, biomeswevegone:tropical_rainforest, CREATURE, minecraft:chicken, 10, 4, 4
6618, jungle, biomeswevegone:tropical_rainforest, CREATURE, minecraft:parrot, 10, 1, 2
6619, jungle, biomeswevegone:tropical_rainforest, CREATURE, minecraft:ocelot, 2, 1, 1
6620, jungle, biomeswevegone:tropical_rainforest, CREATURE, valoria:goblin, 10, 1, 2
6621, jungle, biomeswevegone:tropical_rainforest, CREATURE, alexsmobs:hummingbird, 5, 7, 7
6622, jungle, biomeswevegone:tropical_rainforest, CREATURE, alexsmobs:gorilla, 5, 7, 7
6623, jungle, biomeswevegone:tropical_rainforest, CREATURE, alexsmobs:capuchin_monkey, 5, 9, 16
6624, jungle, biomeswevegone:tropical_rainforest, CREATURE, alexsmobs:toucan, 5, 5, 5
6625, jungle, biomeswevegone:tropical_rainforest, CREATURE, alexsmobs:anteater, 5, 1, 3
6626, jungle, biomeswevegone:tropical_rainforest, CREATURE, iceandfire:amphithere, 10, 1, 3
6627, jungle, biomeswevegone:tropical_rainforest, CREATURE, eidolon:slimy_slug, 1, 2, 3
6628, jungle, biomeswevegone:tropical_rainforest, CREATURE, goblins_tyranny:wanderer_goblin, 1, 1, 1
6629, jungle, biomeswevegone:tropical_rainforest, AMBIENT, minecraft:bat, 10, 8, 8
6630, jungle, biomeswevegone:tropical_rainforest, AMBIENT, minecraft:bat, 10, 8, 8
6631, jungle, biomeswevegone:tropical_rainforest, AMBIENT, alexsmobs:fly, 5, 2, 3
6632, jungle, biomeswevegone:tropical_rainforest, AMBIENT, alexsmobs:cockroach, 5, 5, 5
6633, jungle, biomeswevegone:tropical_rainforest, AMBIENT, goblins_tyranny:coal_cave_goblin, 1, 1, 1
6634, jungle, biomeswevegone:tropical_rainforest, AMBIENT, goblins_tyranny:copper_cave_goblin, 1, 1, 1
6635, jungle, biomeswevegone:tropical_rainforest, AMBIENT, goblins_tyranny:gold_cave_goblin, 1, 1, 1
6636, jungle, biomeswevegone:tropical_rainforest, AMBIENT, goblins_tyranny:iron_cave_goblin, 1, 1, 1
6637, jungle, biomeswevegone:tropical_rainforest, UNDERGROUND_WATER_CREATURE, minecraft:glow_squid, 10, 4, 6
6638, jungle, biomeswevegone:tropical_rainforest, WATER_AMBIENT, alexsmobs:devils_hole_pupfish, 5, 5, 12
6639, the_end, betterend:umbra_valley, MONSTER, alexsmobs:farseer, 5, 1, 1
6640, the_end, betterend:umbra_valley, MONSTER, realmrpg_demons:chort, 1, 1, 3
6641, the_end, betterend:umbra_valley, MONSTER, realmrpg_demons:demon, 8, 1, 3
6642, the_end, betterend:umbra_valley, MONSTER, realmrpg_demons:demon_lord, 2, 1, 1
6643, the_end, betterend:umbra_valley, MONSTER, the_awakening_of_the_elder_souls:golden_creeper, 1, 1, 1
6644, the_end, betterend:umbra_valley, MONSTER, the_awakening_of_the_elder_souls:golden_witch, 1, 1, 1
6645, the_end, betterend:umbra_valley, MONSTER, the_awakening_of_the_elder_souls:golden_zombie, 1, 1, 1
6646, the_end, betterend:umbra_valley, MONSTER, realmrpg_demons:imp, 10, 1, 3
6647, the_end, betterend:umbra_valley, MONSTER, realmrpg_demons:imp_guard, 8, 1, 3
6648, the_end, betterend:umbra_valley, MONSTER, mowziesmobs:grottol, 2, 1, 1
6649, the_end, betterend:umbra_valley, CREATURE, alexsmobs:endergrade, 5, 2, 6
6650, the_end, betterend:umbra_valley, CREATURE, alexsmobs:spectre, 5, 1, 2
6651, the_end, betterend:umbra_valley, CREATURE, alexsmobs:enderiophage, 5, 2, 2
6652, the_end, betterend:umbra_valley, CREATURE, alexsmobs:cosmaw, 5, 1, 2
6653, the_end, betterend:umbra_valley, CREATURE, goblins_tyranny:wanderer_goblin, 1, 1, 1
6654, the_end, betterend:umbra_valley, AMBIENT, alexsmobs:cosmic_cod, 5, 9, 13
6655, the_end, betterend:umbra_valley, AMBIENT, goblins_tyranny:coal_cave_goblin, 1, 1, 1
6656, the_end, betterend:umbra_valley, AMBIENT, goblins_tyranny:copper_cave_goblin, 1, 1, 1
6657, the_end, betterend:umbra_valley, AMBIENT, goblins_tyranny:gold_cave_goblin, 1, 1, 1
6658, the_end, betterend:umbra_valley, AMBIENT, goblins_tyranny:iron_cave_goblin, 1, 1, 1
6659, the_end, betterend:umbrella_jungle, MONSTER, minecraft:enderman, 10, 1, 2
6660, the_end, betterend:umbrella_jungle, MONSTER, alexsmobs:farseer, 5, 1, 1
6661, the_end, betterend:umbrella_jungle, MONSTER, realmrpg_demons:chort, 1, 1, 3
6662, the_end, betterend:umbrella_jungle, MONSTER, realmrpg_demons:demon, 8, 1, 3
6663, the_end, betterend:umbrella_jungle, MONSTER, realmrpg_demons:demon_lord, 2, 1, 1
6664, the_end, betterend:umbrella_jungle, MONSTER, the_awakening_of_the_elder_souls:golden_creeper, 1, 1, 1
6665, the_end, betterend:umbrella_jungle, MONSTER, the_awakening_of_the_elder_souls:golden_witch, 1, 1, 1
6666, the_end, betterend:umbrella_jungle, MONSTER, the_awakening_of_the_elder_souls:golden_zombie, 1, 1, 1
6667, the_end, betterend:umbrella_jungle, MONSTER, realmrpg_demons:imp, 10, 1, 3
6668, the_end, betterend:umbrella_jungle, MONSTER, realmrpg_demons:imp_guard, 8, 1, 3
6669, the_end, betterend:umbrella_jungle, MONSTER, mowziesmobs:grottol, 2, 1, 1
6670, the_end, betterend:umbrella_jungle, CREATURE, alexsmobs:endergrade, 5, 2, 6
6671, the_end, betterend:umbrella_jungle, CREATURE, alexsmobs:spectre, 5, 1, 2
6672, the_end, betterend:umbrella_jungle, CREATURE, alexsmobs:enderiophage, 5, 2, 2
6673, the_end, betterend:umbrella_jungle, CREATURE, alexsmobs:cosmaw, 5, 1, 2
6674, the_end, betterend:umbrella_jungle, CREATURE, goblins_tyranny:wanderer_goblin, 1, 1, 1
6675, the_end, betterend:umbrella_jungle, AMBIENT, alexsmobs:cosmic_cod, 5, 9, 13
6676, the_end, betterend:umbrella_jungle, AMBIENT, goblins_tyranny:coal_cave_goblin, 1, 1, 1
6677, the_end, betterend:umbrella_jungle, AMBIENT, goblins_tyranny:copper_cave_goblin, 1, 1, 1
6678, the_end, betterend:umbrella_jungle, AMBIENT, goblins_tyranny:gold_cave_goblin, 1, 1, 1
6679, the_end, betterend:umbrella_jungle, AMBIENT, goblins_tyranny:iron_cave_goblin, 1, 1, 1
6680, nether, betternether:upside_down_forest, MONSTER, minecraft:ghast, 10, 4, 4
6681, nether, betternether:upside_down_forest, MONSTER, minecraft:zombified_piglin, 10, 4, 4
6682, nether, betternether:upside_down_forest, MONSTER, minecraft:magma_cube, 2, 4, 4
6683, nether, betternether:upside_down_forest, MONSTER, betternether:skull, 2, 2, 4
6684, nether, betternether:upside_down_forest, MONSTER, minecraft:enderman, 1, 4, 4
6685, nether, betternether:upside_down_forest, MONSTER, minecraft:piglin, 10, 4, 4
6686, nether, betternether:upside_down_forest, MONSTER, minecraft:hoglin, 0, 1, 2
6687, nether, betternether:upside_down_forest, MONSTER, betternether:naga, 8, 3, 5
6688, nether, betternether:upside_down_forest, MONSTER, betternether:jungle_skeleton, 0, 2, 4
6689, nether, betternether:upside_down_forest, MONSTER, minecraft:piglin_brute, 0, 1, 1
6690, nether, betternether:upside_down_forest, MONSTER, alexsmobs:bone_serpent, 5, 1, 1
6691, nether, betternether:upside_down_forest, MONSTER, alexsmobs:farseer, 5, 1, 1
6692, nether, betternether:upside_down_forest, MONSTER, realmrpg_demons:chort, 1, 1, 3
6693, nether, betternether:upside_down_forest, MONSTER, realmrpg_demons:demon, 8, 1, 3
6694, nether, betternether:upside_down_forest, MONSTER, realmrpg_demons:demon_lord, 2, 1, 1
6695, nether, betternether:upside_down_forest, MONSTER, the_awakening_of_the_elder_souls:golden_creeper, 1, 1, 1
6696, nether, betternether:upside_down_forest, MONSTER, the_awakening_of_the_elder_souls:golden_witch, 1, 1, 1
6697, nether, betternether:upside_down_forest, MONSTER, the_awakening_of_the_elder_souls:golden_zombie, 1, 1, 1
6698, nether, betternether:upside_down_forest, MONSTER, realmrpg_demons:imp, 10, 1, 3
6699, nether, betternether:upside_down_forest, MONSTER, realmrpg_demons:imp_guard, 8, 1, 3
6700, nether, betternether:upside_down_forest, MONSTER, mowziesmobs:grottol, 2, 1, 1
6701, nether, betternether:upside_down_forest, MONSTER, soulsweapons:evil_forlorn, 10, 1, 1
6702, nether, betternether:upside_down_forest, MONSTER, soulsweapons:withered_demon, 10, 1, 1
6703, nether, betternether:upside_down_forest, CREATURE, minecraft:strider, 10, 1, 2
6704, nether, betternether:upside_down_forest, CREATURE, alexsmobs:laviathan, 5, 1, 1
6705, nether, betternether:upside_down_forest, CREATURE, goblins_tyranny:wanderer_goblin, 1, 1, 1
6706, nether, betternether:upside_down_forest, AMBIENT, betternether:firefly, 5, 1, 3
6707, nether, betternether:upside_down_forest, AMBIENT, betternether:hydrogen_jellyfish, 5, 2, 6
6708, nether, betternether:upside_down_forest, AMBIENT, betternether:flying_pig, 0, 2, 4
6709, nether, betternether:upside_down_forest, AMBIENT, goblins_tyranny:coal_cave_goblin, 1, 1, 1
6710, nether, betternether:upside_down_forest, AMBIENT, goblins_tyranny:copper_cave_goblin, 1, 1, 1
6711, nether, betternether:upside_down_forest, AMBIENT, goblins_tyranny:gold_cave_goblin, 1, 1, 1
6712, nether, betternether:upside_down_forest, AMBIENT, goblins_tyranny:iron_cave_goblin, 1, 1, 1
6713, nether, betternether:upside_down_forest_cleared, MONSTER, minecraft:ghast, 10, 4, 4
6714, nether, betternether:upside_down_forest_cleared, MONSTER, minecraft:zombified_piglin, 10, 4, 4
6715, nether, betternether:upside_down_forest_cleared, MONSTER, minecraft:magma_cube, 2, 4, 4
6716, nether, betternether:upside_down_forest_cleared, MONSTER, betternether:skull, 2, 2, 4
6717, nether, betternether:upside_down_forest_cleared, MONSTER, minecraft:enderman, 1, 4, 4
6718, nether, betternether:upside_down_forest_cleared, MONSTER, minecraft:piglin, 10, 4, 4
6719, nether, betternether:upside_down_forest_cleared, MONSTER, minecraft:hoglin, 0, 1, 2
6720, nether, betternether:upside_down_forest_cleared, MONSTER, betternether:naga, 8, 3, 5
6721, nether, betternether:upside_down_forest_cleared, MONSTER, betternether:jungle_skeleton, 0, 2, 4
6722, nether, betternether:upside_down_forest_cleared, MONSTER, minecraft:piglin_brute, 0, 1, 1
6723, nether, betternether:upside_down_forest_cleared, MONSTER, alexsmobs:bone_serpent, 5, 1, 1
6724, nether, betternether:upside_down_forest_cleared, MONSTER, alexsmobs:farseer, 5, 1, 1
6725, nether, betternether:upside_down_forest_cleared, MONSTER, realmrpg_demons:chort, 1, 1, 3
6726, nether, betternether:upside_down_forest_cleared, MONSTER, realmrpg_demons:demon, 8, 1, 3
6727, nether, betternether:upside_down_forest_cleared, MONSTER, realmrpg_demons:demon_lord, 2, 1, 1
6728, nether, betternether:upside_down_forest_cleared, MONSTER, the_awakening_of_the_elder_souls:golden_creeper, 1, 1, 1
6729, nether, betternether:upside_down_forest_cleared, MONSTER, the_awakening_of_the_elder_souls:golden_witch, 1, 1, 1
6730, nether, betternether:upside_down_forest_cleared, MONSTER, the_awakening_of_the_elder_souls:golden_zombie, 1, 1, 1
6731, nether, betternether:upside_down_forest_cleared, MONSTER, realmrpg_demons:imp, 10, 1, 3
6732, nether, betternether:upside_down_forest_cleared, MONSTER, realmrpg_demons:imp_guard, 8, 1, 3
6733, nether, betternether:upside_down_forest_cleared, MONSTER, mowziesmobs:grottol, 2, 1, 1
6734, nether, betternether:upside_down_forest_cleared, MONSTER, soulsweapons:evil_forlorn, 10, 1, 1
6735, nether, betternether:upside_down_forest_cleared, MONSTER, soulsweapons:withered_demon, 10, 1, 1
6736, nether, betternether:upside_down_forest_cleared, CREATURE, minecraft:strider, 10, 1, 2
6737, nether, betternether:upside_down_forest_cleared, CREATURE, alexsmobs:laviathan, 5, 1, 1
6738, nether, betternether:upside_down_forest_cleared, CREATURE, goblins_tyranny:wanderer_goblin, 1, 1, 1
6739, nether, betternether:upside_down_forest_cleared, AMBIENT, betternether:firefly, 5, 1, 3
6740, nether, betternether:upside_down_forest_cleared, AMBIENT, betternether:hydrogen_jellyfish, 5, 2, 6
6741, nether, betternether:upside_down_forest_cleared, AMBIENT, betternether:flying_pig, 0, 2, 4
6742, nether, betternether:upside_down_forest_cleared, AMBIENT, goblins_tyranny:coal_cave_goblin, 1, 1, 1
6743, nether, betternether:upside_down_forest_cleared, AMBIENT, goblins_tyranny:copper_cave_goblin, 1, 1, 1
6744, nether, betternether:upside_down_forest_cleared, AMBIENT, goblins_tyranny:gold_cave_goblin, 1, 1, 1
6745, nether, betternether:upside_down_forest_cleared, AMBIENT, goblins_tyranny:iron_cave_goblin, 1, 1, 1
6746, none, valoria:void_barren, MONSTER, alexsmobs:farseer, 5, 1, 1
6747, none, valoria:void_barren, MONSTER, realmrpg_demons:chort, 1, 1, 3
6748, none, valoria:void_barren, MONSTER, realmrpg_demons:demon, 8, 1, 3
6749, none, valoria:void_barren, MONSTER, realmrpg_demons:demon_lord, 2, 1, 1
6750, none, valoria:void_barren, MONSTER, the_awakening_of_the_elder_souls:golden_creeper, 1, 1, 1
6751, none, valoria:void_barren, MONSTER, the_awakening_of_the_elder_souls:golden_witch, 1, 1, 1
6752, none, valoria:void_barren, MONSTER, the_awakening_of_the_elder_souls:golden_zombie, 1, 1, 1
6753, none, valoria:void_barren, MONSTER, realmrpg_demons:imp, 10, 1, 3
6754, none, valoria:void_barren, MONSTER, realmrpg_demons:imp_guard, 8, 1, 3
6755, none, valoria:void_barren, MONSTER, mowziesmobs:grottol, 2, 1, 1
6756, none, valoria:void_barren, CREATURE, goblins_tyranny:wanderer_goblin, 1, 1, 1
6757, none, valoria:void_barren, AMBIENT, goblins_tyranny:coal_cave_goblin, 1, 1, 1
6758, none, valoria:void_barren, AMBIENT, goblins_tyranny:copper_cave_goblin, 1, 1, 1
6759, none, valoria:void_barren, AMBIENT, goblins_tyranny:gold_cave_goblin, 1, 1, 1
6760, none, valoria:void_barren, AMBIENT, goblins_tyranny:iron_cave_goblin, 1, 1, 1
6761, none, valoria:void_barren, UNDERGROUND_WATER_CREATURE, minecraft:glow_squid, 1, 1, 1
6762, ocean, minecraft:warm_ocean, MONSTER, minecraft:drowned, 5, 1, 1
6763, ocean, minecraft:warm_ocean, MONSTER, minecraft:spider, 10, 4, 4
6764, ocean, minecraft:warm_ocean, MONSTER, minecraft:zombie, 10, 4, 4
6765, ocean, minecraft:warm_ocean, MONSTER, minecraft:zombie_villager, 5, 1, 1
6766, ocean, minecraft:warm_ocean, MONSTER, minecraft:skeleton, 10, 4, 4
6767, ocean, minecraft:warm_ocean, MONSTER, minecraft:creeper, 10, 4, 4
6768, ocean, minecraft:warm_ocean, MONSTER, minecraft:slime, 10, 4, 4
6769, ocean, minecraft:warm_ocean, MONSTER, minecraft:enderman, 10, 1, 4
6770, ocean, minecraft:warm_ocean, MONSTER, minecraft:witch, 5, 1, 1
6771, ocean, minecraft:warm_ocean, MONSTER, alexsmobs:farseer, 5, 1, 1
6772, ocean, minecraft:warm_ocean, MONSTER, cataclysm:deepling, 1, 1, 1
6773, ocean, minecraft:warm_ocean, MONSTER, cataclysm:deepling_angler, 1, 1, 1
6774, ocean, minecraft:warm_ocean, MONSTER, cataclysm:deepling_brute, 1, 1, 1
6775, ocean, minecraft:warm_ocean, MONSTER, cataclysm:deepling_priest, 1, 1, 1
6776, ocean, minecraft:warm_ocean, MONSTER, cataclysm:deepling_warlock, 1, 1, 1
6777, ocean, minecraft:warm_ocean, MONSTER, cataclysm:coral_golem, 1, 1, 1
6778, ocean, minecraft:warm_ocean, MONSTER, realmrpg_demons:chort, 1, 1, 3
6779, ocean, minecraft:warm_ocean, MONSTER, realmrpg_demons:demon, 8, 1, 3
6780, ocean, minecraft:warm_ocean, MONSTER, realmrpg_demons:demon_lord, 2, 1, 1
6781, ocean, minecraft:warm_ocean, MONSTER, mythicmobs:chupacabra, 5, 1, 1
6782, ocean, minecraft:warm_ocean, MONSTER, the_awakening_of_the_elder_souls:golden_creeper, 1, 1, 1
6783, ocean, minecraft:warm_ocean, MONSTER, the_awakening_of_the_elder_souls:golden_witch, 1, 1, 1
6784, ocean, minecraft:warm_ocean, MONSTER, the_awakening_of_the_elder_souls:golden_zombie, 1, 1, 1
6785, ocean, minecraft:warm_ocean, MONSTER, realmrpg_demons:imp, 10, 1, 3
6786, ocean, minecraft:warm_ocean, MONSTER, realmrpg_demons:imp_guard, 8, 1, 3
6787, ocean, minecraft:warm_ocean, MONSTER, mowziesmobs:grottol, 2, 1, 1
6788, ocean, minecraft:warm_ocean, MONSTER, irons_spellbooks:necromancer, 1, 1, 1
6789, ocean, minecraft:warm_ocean, MONSTER, eidolon:wraith, 1, 1, 3
6790, ocean, minecraft:warm_ocean, MONSTER, eidolon:zombie_brute, 1, 1, 3
6791, ocean, minecraft:warm_ocean, CREATURE, valoria:goblin, 10, 1, 2
6792, ocean, minecraft:warm_ocean, CREATURE, mythicmobs:drake, 5, 1, 4
6793, ocean, minecraft:warm_ocean, CREATURE, mythicmobs:kobold, 5, 3, 6
6794, ocean, minecraft:warm_ocean, CREATURE, mythicmobs:kobold_warrior, 5, 1, 3
6795, ocean, minecraft:warm_ocean, CREATURE, mythicmobs:mushroom_thing, 5, 3, 5
6796, ocean, minecraft:warm_ocean, CREATURE, goblins_tyranny:wanderer_goblin, 1, 1, 1
6797, ocean, minecraft:warm_ocean, AMBIENT, minecraft:bat, 10, 8, 8
6798, ocean, minecraft:warm_ocean, AMBIENT, alexsmobs:fly, 5, 2, 3
6799, ocean, minecraft:warm_ocean, AMBIENT, goblins_tyranny:coal_cave_goblin, 1, 1, 1
6800, ocean, minecraft:warm_ocean, AMBIENT, goblins_tyranny:copper_cave_goblin, 1, 1, 1
6801, ocean, minecraft:warm_ocean, AMBIENT, goblins_tyranny:gold_cave_goblin, 1, 1, 1
6802, ocean, minecraft:warm_ocean, AMBIENT, goblins_tyranny:iron_cave_goblin, 1, 1, 1
6803, ocean, minecraft:warm_ocean, UNDERGROUND_WATER_CREATURE, minecraft:glow_squid, 10, 4, 6
6804, ocean, minecraft:warm_ocean, WATER_CREATURE, minecraft:squid, 10, 4, 4
6805, ocean, minecraft:warm_ocean, WATER_CREATURE, minecraft:dolphin, 2, 1, 2
6806, ocean, minecraft:warm_ocean, WATER_CREATURE, alexsmobs:hammerhead_shark, 5, 2, 3
6807, ocean, minecraft:warm_ocean, WATER_CREATURE, alexsmobs:mantis_shrimp, 5, 1, 4
6808, ocean, minecraft:warm_ocean, WATER_CREATURE, alexsmobs:mimic_octopus, 5, 1, 2
6809, ocean, minecraft:warm_ocean, WATER_AMBIENT, minecraft:pufferfish, 10, 1, 3
6810, ocean, minecraft:warm_ocean, WATER_AMBIENT, minecraft:tropical_fish, 10, 8, 8
6811, ocean, minecraft:warm_ocean, WATER_AMBIENT, alexsmobs:devils_hole_pupfish, 5, 5, 12
6812, nether, minecraft:warped_forest, MONSTER, minecraft:enderman, 1, 4, 4
6813, nether, minecraft:warped_forest, MONSTER, alexsmobs:bone_serpent, 5, 1, 1
6814, nether, minecraft:warped_forest, MONSTER, alexsmobs:farseer, 5, 1, 1
6815, nether, minecraft:warped_forest, MONSTER, realmrpg_demons:chort, 1, 1, 3
6816, nether, minecraft:warped_forest, MONSTER, realmrpg_demons:demon, 8, 1, 3
6817, nether, minecraft:warped_forest, MONSTER, realmrpg_demons:demon_lord, 2, 1, 1
6818, nether, minecraft:warped_forest, MONSTER, the_awakening_of_the_elder_souls:golden_creeper, 1, 1, 1
6819, nether, minecraft:warped_forest, MONSTER, the_awakening_of_the_elder_souls:golden_witch, 1, 1, 1
6820, nether, minecraft:warped_forest, MONSTER, the_awakening_of_the_elder_souls:golden_zombie, 1, 1, 1
6821, nether, minecraft:warped_forest, MONSTER, realmrpg_demons:imp, 10, 1, 3
6822, nether, minecraft:warped_forest, MONSTER, realmrpg_demons:imp_guard, 8, 1, 3
6823, nether, minecraft:warped_forest, MONSTER, mowziesmobs:grottol, 2, 1, 1
6824, nether, minecraft:warped_forest, MONSTER, soulsweapons:evil_forlorn, 10, 1, 1
6825, nether, minecraft:warped_forest, MONSTER, soulsweapons:withered_demon, 10, 1, 1
6826, nether, minecraft:warped_forest, MONSTER, minecraft:zombified_piglin, 1, 1, 4
6827, nether, minecraft:warped_forest, MONSTER, minecraft:ghast, 0, 4, 4
6828, nether, minecraft:warped_forest, MONSTER, betternether:naga, 8, 3, 5
6829, nether, minecraft:warped_forest, CREATURE, minecraft:strider, 10, 1, 2
6830, nether, minecraft:warped_forest, CREATURE, alexsmobs:warped_toad, 5, 5, 5
6831, nether, minecraft:warped_forest, CREATURE, alexsmobs:laviathan, 5, 1, 1
6832, nether, minecraft:warped_forest, CREATURE, goblins_tyranny:wanderer_goblin, 1, 1, 1
6833, nether, minecraft:warped_forest, AMBIENT, goblins_tyranny:coal_cave_goblin, 1, 1, 1
6834, nether, minecraft:warped_forest, AMBIENT, goblins_tyranny:copper_cave_goblin, 1, 1, 1
6835, nether, minecraft:warped_forest, AMBIENT, goblins_tyranny:gold_cave_goblin, 1, 1, 1
6836, nether, minecraft:warped_forest, AMBIENT, goblins_tyranny:iron_cave_goblin, 1, 1, 1
6837, nether, minecraft:warped_forest, AMBIENT, betternether:firefly, 5, 1, 3
6838, nether, minecraft:warped_forest, AMBIENT, betternether:hydrogen_jellyfish, 5, 2, 6
6839, nether, betternether:wart_forest, MONSTER, minecraft:ghast, 10, 4, 4
6840, nether, betternether:wart_forest, MONSTER, minecraft:zombified_piglin, 10, 4, 4
6841, nether, betternether:wart_forest, MONSTER, minecraft:magma_cube, 2, 4, 4
6842, nether, betternether:wart_forest, MONSTER, betternether:skull, 2, 2, 4
6843, nether, betternether:wart_forest, MONSTER, minecraft:enderman, 1, 4, 4
6844, nether, betternether:wart_forest, MONSTER, minecraft:piglin, 10, 4, 4
6845, nether, betternether:wart_forest, MONSTER, minecraft:hoglin, 0, 1, 2
6846, nether, betternether:wart_forest, MONSTER, betternether:naga, 0, 3, 5
6847, nether, betternether:wart_forest, MONSTER, betternether:jungle_skeleton, 0, 2, 4
6848, nether, betternether:wart_forest, MONSTER, minecraft:piglin_brute, 0, 1, 1
6849, nether, betternether:wart_forest, MONSTER, alexsmobs:bone_serpent, 5, 1, 1
6850, nether, betternether:wart_forest, MONSTER, alexsmobs:farseer, 5, 1, 1
6851, nether, betternether:wart_forest, MONSTER, realmrpg_demons:chort, 1, 1, 3
6852, nether, betternether:wart_forest, MONSTER, realmrpg_demons:demon, 8, 1, 3
6853, nether, betternether:wart_forest, MONSTER, realmrpg_demons:demon_lord, 2, 1, 1
6854, nether, betternether:wart_forest, MONSTER, the_awakening_of_the_elder_souls:golden_creeper, 1, 1, 1
6855, nether, betternether:wart_forest, MONSTER, the_awakening_of_the_elder_souls:golden_witch, 1, 1, 1
6856, nether, betternether:wart_forest, MONSTER, the_awakening_of_the_elder_souls:golden_zombie, 1, 1, 1
6857, nether, betternether:wart_forest, MONSTER, realmrpg_demons:imp, 10, 1, 3
6858, nether, betternether:wart_forest, MONSTER, realmrpg_demons:imp_guard, 8, 1, 3
6859, nether, betternether:wart_forest, MONSTER, mowziesmobs:grottol, 2, 1, 1
6860, nether, betternether:wart_forest, MONSTER, soulsweapons:evil_forlorn, 10, 1, 1
6861, nether, betternether:wart_forest, MONSTER, soulsweapons:withered_demon, 10, 1, 1
6862, nether, betternether:wart_forest, CREATURE, minecraft:strider, 10, 1, 2
6863, nether, betternether:wart_forest, CREATURE, alexsmobs:laviathan, 5, 1, 1
6864, nether, betternether:wart_forest, CREATURE, goblins_tyranny:wanderer_goblin, 1, 1, 1
6865, nether, betternether:wart_forest, AMBIENT, betternether:firefly, 5, 1, 3
6866, nether, betternether:wart_forest, AMBIENT, betternether:hydrogen_jellyfish, 5, 2, 6
6867, nether, betternether:wart_forest, AMBIENT, betternether:flying_pig, 10, 2, 4
6868, nether, betternether:wart_forest, AMBIENT, goblins_tyranny:coal_cave_goblin, 1, 1, 1
6869, nether, betternether:wart_forest, AMBIENT, goblins_tyranny:copper_cave_goblin, 1, 1, 1
6870, nether, betternether:wart_forest, AMBIENT, goblins_tyranny:gold_cave_goblin, 1, 1, 1
6871, nether, betternether:wart_forest, AMBIENT, goblins_tyranny:iron_cave_goblin, 1, 1, 1
6872, nether, betternether:wart_forest_edge, MONSTER, minecraft:ghast, 10, 4, 4
6873, nether, betternether:wart_forest_edge, MONSTER, minecraft:zombified_piglin, 10, 4, 4
6874, nether, betternether:wart_forest_edge, MONSTER, minecraft:magma_cube, 2, 4, 4
6875, nether, betternether:wart_forest_edge, MONSTER, betternether:skull, 2, 2, 4
6876, nether, betternether:wart_forest_edge, MONSTER, minecraft:enderman, 1, 4, 4
6877, nether, betternether:wart_forest_edge, MONSTER, minecraft:piglin, 10, 4, 4
6878, nether, betternether:wart_forest_edge, MONSTER, minecraft:hoglin, 0, 1, 2
6879, nether, betternether:wart_forest_edge, MONSTER, betternether:naga, 0, 3, 5
6880, nether, betternether:wart_forest_edge, MONSTER, betternether:jungle_skeleton, 0, 2, 4
6881, nether, betternether:wart_forest_edge, MONSTER, minecraft:piglin_brute, 0, 1, 1
6882, nether, betternether:wart_forest_edge, MONSTER, alexsmobs:bone_serpent, 5, 1, 1
6883, nether, betternether:wart_forest_edge, MONSTER, alexsmobs:farseer, 5, 1, 1
6884, nether, betternether:wart_forest_edge, MONSTER, realmrpg_demons:chort, 1, 1, 3
6885, nether, betternether:wart_forest_edge, MONSTER, realmrpg_demons:demon, 8, 1, 3
6886, nether, betternether:wart_forest_edge, MONSTER, realmrpg_demons:demon_lord, 2, 1, 1
6887, nether, betternether:wart_forest_edge, MONSTER, the_awakening_of_the_elder_souls:golden_creeper, 1, 1, 1
6888, nether, betternether:wart_forest_edge, MONSTER, the_awakening_of_the_elder_souls:golden_witch, 1, 1, 1
6889, nether, betternether:wart_forest_edge, MONSTER, the_awakening_of_the_elder_souls:golden_zombie, 1, 1, 1
6890, nether, betternether:wart_forest_edge, MONSTER, realmrpg_demons:imp, 10, 1, 3
6891, nether, betternether:wart_forest_edge, MONSTER, realmrpg_demons:imp_guard, 8, 1, 3
6892, nether, betternether:wart_forest_edge, MONSTER, mowziesmobs:grottol, 2, 1, 1
6893, nether, betternether:wart_forest_edge, MONSTER, soulsweapons:evil_forlorn, 10, 1, 1
6894, nether, betternether:wart_forest_edge, MONSTER, soulsweapons:withered_demon, 10, 1, 1
6895, nether, betternether:wart_forest_edge, CREATURE, minecraft:strider, 10, 1, 2
6896, nether, betternether:wart_forest_edge, CREATURE, alexsmobs:laviathan, 5, 1, 1
6897, nether, betternether:wart_forest_edge, CREATURE, goblins_tyranny:wanderer_goblin, 1, 1, 1
6898, nether, betternether:wart_forest_edge, AMBIENT, betternether:firefly, 5, 1, 3
6899, nether, betternether:wart_forest_edge, AMBIENT, betternether:hydrogen_jellyfish, 5, 2, 6
6900, nether, betternether:wart_forest_edge, AMBIENT, betternether:flying_pig, 10, 2, 4
6901, nether, betternether:wart_forest_edge, AMBIENT, goblins_tyranny:coal_cave_goblin, 1, 1, 1
6902, nether, betternether:wart_forest_edge, AMBIENT, goblins_tyranny:copper_cave_goblin, 1, 1, 1
6903, nether, betternether:wart_forest_edge, AMBIENT, goblins_tyranny:gold_cave_goblin, 1, 1, 1
6904, nether, betternether:wart_forest_edge, AMBIENT, goblins_tyranny:iron_cave_goblin, 1, 1, 1
6905, forest, biomeswevegone:weeping_witch_forest, MONSTER, minecraft:spider, 10, 4, 4
6906, forest, biomeswevegone:weeping_witch_forest, MONSTER, minecraft:zombie, 10, 4, 4
6907, forest, biomeswevegone:weeping_witch_forest, MONSTER, minecraft:zombie_villager, 5, 1, 1
6908, forest, biomeswevegone:weeping_witch_forest, MONSTER, minecraft:skeleton, 10, 4, 4
6909, forest, biomeswevegone:weeping_witch_forest, MONSTER, minecraft:creeper, 10, 4, 4
6910, forest, biomeswevegone:weeping_witch_forest, MONSTER, minecraft:slime, 10, 4, 4
6911, forest, biomeswevegone:weeping_witch_forest, MONSTER, minecraft:enderman, 10, 1, 4
6912, forest, biomeswevegone:weeping_witch_forest, MONSTER, minecraft:witch, 5, 1, 1
6913, forest, biomeswevegone:weeping_witch_forest, MONSTER, minecraft:witch, 6, 1, 1
6914, forest, biomeswevegone:weeping_witch_forest, MONSTER, minecraft:cave_spider, 10, 2, 4
6915, forest, biomeswevegone:weeping_witch_forest, MONSTER, alexsmobs:centipede_head, 5, 1, 1
6916, forest, biomeswevegone:weeping_witch_forest, MONSTER, alexsmobs:farseer, 5, 1, 1
6917, forest, biomeswevegone:weeping_witch_forest, MONSTER, alexsmobs:murmur, 5, 1, 1
6918, forest, biomeswevegone:weeping_witch_forest, MONSTER, realmrpg_demons:chort, 1, 1, 3
6919, forest, biomeswevegone:weeping_witch_forest, MONSTER, realmrpg_demons:demon, 8, 1, 3
6920, forest, biomeswevegone:weeping_witch_forest, MONSTER, realmrpg_demons:demon_lord, 2, 1, 1
6921, forest, biomeswevegone:weeping_witch_forest, MONSTER, the_awakening_of_the_elder_souls:golden_creeper, 1, 1, 1
6922, forest, biomeswevegone:weeping_witch_forest, MONSTER, the_awakening_of_the_elder_souls:golden_witch, 1, 1, 1
6923, forest, biomeswevegone:weeping_witch_forest, MONSTER, the_awakening_of_the_elder_souls:golden_zombie, 1, 1, 1
6924, forest, biomeswevegone:weeping_witch_forest, MONSTER, iceandfire:troll, 10, 1, 3
6925, forest, biomeswevegone:weeping_witch_forest, MONSTER, realmrpg_demons:imp, 10, 1, 3
6926, forest, biomeswevegone:weeping_witch_forest, MONSTER, realmrpg_demons:imp_guard, 8, 1, 3
6927, forest, biomeswevegone:weeping_witch_forest, MONSTER, mowziesmobs:grottol, 2, 1, 1
6928, forest, biomeswevegone:weeping_witch_forest, MONSTER, irons_spellbooks:necromancer, 1, 1, 1
6929, forest, biomeswevegone:weeping_witch_forest, MONSTER, eidolon:wraith, 1, 1, 3
6930, forest, biomeswevegone:weeping_witch_forest, MONSTER, eidolon:zombie_brute, 1, 1, 3
6931, forest, biomeswevegone:weeping_witch_forest, CREATURE, minecraft:sheep, 10, 4, 4
6932, forest, biomeswevegone:weeping_witch_forest, CREATURE, minecraft:pig, 10, 4, 4
6933, forest, biomeswevegone:weeping_witch_forest, CREATURE, minecraft:chicken, 10, 4, 4
6934, forest, biomeswevegone:weeping_witch_forest, CREATURE, minecraft:cow, 8, 4, 4
6935, forest, biomeswevegone:weeping_witch_forest, CREATURE, minecraft:wolf, 8, 4, 4
6936, forest, biomeswevegone:weeping_witch_forest, CREATURE, minecraft:rabbit, 4, 2, 3
6937, forest, biomeswevegone:weeping_witch_forest, CREATURE, minecraft:fox, 8, 2, 4
6938, forest, biomeswevegone:weeping_witch_forest, CREATURE, minecraft:allay, 1, 1, 2
6939, forest, biomeswevegone:weeping_witch_forest, CREATURE, valoria:goblin, 10, 1, 2
6940, forest, biomeswevegone:weeping_witch_forest, CREATURE, alexsmobs:grizzly_bear, 5, 2, 3
6941, forest, biomeswevegone:weeping_witch_forest, CREATURE, alexsmobs:raccoon, 5, 2, 4
6942, forest, biomeswevegone:weeping_witch_forest, CREATURE, alexsmobs:crow, 5, 3, 5
6943, forest, biomeswevegone:weeping_witch_forest, CREATURE, alexsmobs:tasmanian_devil, 5, 1, 2
6944, forest, biomeswevegone:weeping_witch_forest, CREATURE, alexsmobs:skunk, 5, 1, 2
6945, forest, biomeswevegone:weeping_witch_forest, CREATURE, alexsmobs:blue_jay, 5, 2, 4
6946, forest, biomeswevegone:weeping_witch_forest, CREATURE, eidolon:raven, 1, 2, 4
6947, forest, biomeswevegone:weeping_witch_forest, CREATURE, eidolon:slimy_slug, 1, 2, 5
6948, forest, biomeswevegone:weeping_witch_forest, CREATURE, goblins_tyranny:wanderer_goblin, 1, 1, 1
6949, forest, biomeswevegone:weeping_witch_forest, AMBIENT, minecraft:bat, 10, 8, 8
6950, forest, biomeswevegone:weeping_witch_forest, AMBIENT, alexsmobs:fly, 5, 2, 3
6951, forest, biomeswevegone:weeping_witch_forest, AMBIENT, alexsmobs:cockroach, 5, 5, 5
6952, forest, biomeswevegone:weeping_witch_forest, AMBIENT, goblins_tyranny:coal_cave_goblin, 1, 1, 1
6953, forest, biomeswevegone:weeping_witch_forest, AMBIENT, goblins_tyranny:copper_cave_goblin, 1, 1, 1
6954, forest, biomeswevegone:weeping_witch_forest, AMBIENT, goblins_tyranny:gold_cave_goblin, 1, 1, 1
6955, forest, biomeswevegone:weeping_witch_forest, AMBIENT, goblins_tyranny:iron_cave_goblin, 1, 1, 1
6956, forest, biomeswevegone:weeping_witch_forest, UNDERGROUND_WATER_CREATURE, minecraft:glow_squid, 10, 4, 6
6957, forest, biomeswevegone:weeping_witch_forest, WATER_AMBIENT, alexsmobs:devils_hole_pupfish, 5, 5, 12
6958, none, biomeswevegone:white_mangrove_marshes, MONSTER, minecraft:spider, 10, 4, 4
6959, none, biomeswevegone:white_mangrove_marshes, MONSTER, minecraft:zombie, 10, 4, 4
6960, none, biomeswevegone:white_mangrove_marshes, MONSTER, minecraft:zombie_villager, 5, 1, 1
6961, none, biomeswevegone:white_mangrove_marshes, MONSTER, minecraft:skeleton, 10, 4, 4
6962, none, biomeswevegone:white_mangrove_marshes, MONSTER, minecraft:creeper, 10, 4, 4
6963, none, biomeswevegone:white_mangrove_marshes, MONSTER, minecraft:slime, 10, 4, 4
6964, none, biomeswevegone:white_mangrove_marshes, MONSTER, minecraft:enderman, 10, 1, 4
6965, none, biomeswevegone:white_mangrove_marshes, MONSTER, minecraft:witch, 5, 1, 1
6966, none, biomeswevegone:white_mangrove_marshes, MONSTER, minecraft:slime, 1, 1, 1
6967, none, biomeswevegone:white_mangrove_marshes, MONSTER, alexsmobs:centipede_head, 5, 1, 1
6968, none, biomeswevegone:white_mangrove_marshes, MONSTER, alexsmobs:farseer, 5, 1, 1
6969, none, biomeswevegone:white_mangrove_marshes, MONSTER, alexsmobs:murmur, 5, 1, 1
6970, none, biomeswevegone:white_mangrove_marshes, MONSTER, realmrpg_demons:chort, 1, 1, 3
6971, none, biomeswevegone:white_mangrove_marshes, MONSTER, realmrpg_demons:demon, 8, 1, 3
6972, none, biomeswevegone:white_mangrove_marshes, MONSTER, realmrpg_demons:demon_lord, 2, 1, 1
6973, none, biomeswevegone:white_mangrove_marshes, MONSTER, the_awakening_of_the_elder_souls:golden_creeper, 1, 1, 1
6974, none, biomeswevegone:white_mangrove_marshes, MONSTER, the_awakening_of_the_elder_souls:golden_witch, 1, 1, 1
6975, none, biomeswevegone:white_mangrove_marshes, MONSTER, the_awakening_of_the_elder_souls:golden_zombie, 1, 1, 1
6976, none, biomeswevegone:white_mangrove_marshes, MONSTER, realmrpg_demons:imp, 10, 1, 3
6977, none, biomeswevegone:white_mangrove_marshes, MONSTER, realmrpg_demons:imp_guard, 8, 1, 3
6978, none, biomeswevegone:white_mangrove_marshes, MONSTER, mowziesmobs:grottol, 2, 1, 1
6979, none, biomeswevegone:white_mangrove_marshes, MONSTER, irons_spellbooks:necromancer, 1, 1, 1
6980, none, biomeswevegone:white_mangrove_marshes, MONSTER, eidolon:wraith, 1, 1, 3
6981, none, biomeswevegone:white_mangrove_marshes, MONSTER, eidolon:zombie_brute, 1, 1, 3
6982, none, biomeswevegone:white_mangrove_marshes, CREATURE, minecraft:frog, 10, 2, 5
6983, none, biomeswevegone:white_mangrove_marshes, CREATURE, valoria:goblin, 10, 1, 2
6984, none, biomeswevegone:white_mangrove_marshes, CREATURE, alexsmobs:crocodile, 5, 1, 2
6985, none, biomeswevegone:white_mangrove_marshes, CREATURE, alexsmobs:shoebill, 5, 1, 2
6986, none, biomeswevegone:white_mangrove_marshes, CREATURE, alexsmobs:alligator_snapping_turtle, 10, 1, 2
6987, none, biomeswevegone:white_mangrove_marshes, CREATURE, alexsmobs:anaconda, 5, 1, 1
6988, none, biomeswevegone:white_mangrove_marshes, CREATURE, eidolon:slimy_slug, 1, 2, 5
6989, none, biomeswevegone:white_mangrove_marshes, CREATURE, goblins_tyranny:wanderer_goblin, 1, 1, 1
6990, none, biomeswevegone:white_mangrove_marshes, AMBIENT, minecraft:bat, 10, 8, 8
6991, none, biomeswevegone:white_mangrove_marshes, AMBIENT, alexsmobs:fly, 5, 2, 3
6992, none, biomeswevegone:white_mangrove_marshes, AMBIENT, alexsmobs:cockroach, 5, 5, 5
6993, none, biomeswevegone:white_mangrove_marshes, AMBIENT, goblins_tyranny:coal_cave_goblin, 1, 1, 1
6994, none, biomeswevegone:white_mangrove_marshes, AMBIENT, goblins_tyranny:copper_cave_goblin, 1, 1, 1
6995, none, biomeswevegone:white_mangrove_marshes, AMBIENT, goblins_tyranny:gold_cave_goblin, 1, 1, 1
6996, none, biomeswevegone:white_mangrove_marshes, AMBIENT, goblins_tyranny:iron_cave_goblin, 1, 1, 1
6997, none, biomeswevegone:white_mangrove_marshes, UNDERGROUND_WATER_CREATURE, minecraft:glow_squid, 10, 4, 6
6998, none, biomeswevegone:white_mangrove_marshes, WATER_AMBIENT, minecraft:tropical_fish, 10, 8, 8
6999, none, biomeswevegone:white_mangrove_marshes, WATER_AMBIENT, alexsmobs:devils_hole_pupfish, 5, 5, 12
7000, none, biomeswevegone:white_mangrove_marshes, WATER_AMBIENT, alexsmobs:catfish, 5, 1, 3
7001, none, biomeswevegone:windswept_desert, MONSTER, minecraft:spider, 10, 4, 4
7002, none, biomeswevegone:windswept_desert, MONSTER, minecraft:zombie, 10, 4, 4
7003, none, biomeswevegone:windswept_desert, MONSTER, minecraft:zombie_villager, 1, 1, 1
7004, none, biomeswevegone:windswept_desert, MONSTER, minecraft:skeleton, 10, 4, 4
7005, none, biomeswevegone:windswept_desert, MONSTER, minecraft:creeper, 10, 4, 4
7006, none, biomeswevegone:windswept_desert, MONSTER, minecraft:slime, 10, 4, 4
7007, none, biomeswevegone:windswept_desert, MONSTER, minecraft:enderman, 10, 1, 4
7008, none, biomeswevegone:windswept_desert, MONSTER, minecraft:witch, 5, 1, 1
7009, none, biomeswevegone:windswept_desert, MONSTER, minecraft:husk, 10, 4, 4
7010, none, biomeswevegone:windswept_desert, MONSTER, alexsmobs:centipede_head, 5, 1, 1
7011, none, biomeswevegone:windswept_desert, MONSTER, alexsmobs:guster, 5, 1, 2
7012, none, biomeswevegone:windswept_desert, MONSTER, alexsmobs:farseer, 5, 1, 1
7013, none, biomeswevegone:windswept_desert, MONSTER, alexsmobs:murmur, 5, 1, 1
7014, none, biomeswevegone:windswept_desert, MONSTER, cataclysm:koboleton, 1, 1, 2
7015, none, biomeswevegone:windswept_desert, MONSTER, realmrpg_demons:chort, 1, 1, 3
7016, none, biomeswevegone:windswept_desert, MONSTER, realmrpg_demons:demon, 8, 1, 3
7017, none, biomeswevegone:windswept_desert, MONSTER, realmrpg_demons:demon_lord, 2, 1, 1
7018, none, biomeswevegone:windswept_desert, MONSTER, the_awakening_of_the_elder_souls:golden_creeper, 1, 1, 1
7019, none, biomeswevegone:windswept_desert, MONSTER, the_awakening_of_the_elder_souls:golden_witch, 1, 1, 1
7020, none, biomeswevegone:windswept_desert, MONSTER, the_awakening_of_the_elder_souls:golden_zombie, 1, 1, 1
7021, none, biomeswevegone:windswept_desert, MONSTER, realmrpg_demons:imp, 10, 1, 3
7022, none, biomeswevegone:windswept_desert, MONSTER, realmrpg_demons:imp_guard, 8, 1, 3
7023, none, biomeswevegone:windswept_desert, MONSTER, mowziesmobs:grottol, 2, 1, 1
7024, none, biomeswevegone:windswept_desert, MONSTER, irons_spellbooks:necromancer, 1, 1, 1
7025, none, biomeswevegone:windswept_desert, MONSTER, eidolon:wraith, 1, 1, 3
7026, none, biomeswevegone:windswept_desert, MONSTER, eidolon:zombie_brute, 1, 1, 3
7027, none, biomeswevegone:windswept_desert, CREATURE, minecraft:rabbit, 4, 2, 3
7028, none, biomeswevegone:windswept_desert, CREATURE, valoria:goblin, 10, 1, 2
7029, none, biomeswevegone:windswept_desert, CREATURE, alexsmobs:roadrunner, 5, 2, 2
7030, none, biomeswevegone:windswept_desert, CREATURE, alexsmobs:rattlesnake, 5, 1, 2
7031, none, biomeswevegone:windswept_desert, CREATURE, alexsmobs:tarantula_hawk, 5, 1, 1
7032, none, biomeswevegone:windswept_desert, CREATURE, goblins_tyranny:wanderer_goblin, 1, 1, 1
7033, none, biomeswevegone:windswept_desert, AMBIENT, minecraft:bat, 10, 8, 8
7034, none, biomeswevegone:windswept_desert, AMBIENT, alexsmobs:fly, 5, 2, 3
7035, none, biomeswevegone:windswept_desert, AMBIENT, alexsmobs:cockroach, 5, 5, 5
7036, none, biomeswevegone:windswept_desert, AMBIENT, alexsmobs:jerboa, 5, 1, 3
7037, none, biomeswevegone:windswept_desert, AMBIENT, alexsmobs:rain_frog, 5, 1, 3
7038, none, biomeswevegone:windswept_desert, AMBIENT, goblins_tyranny:coal_cave_goblin, 1, 1, 1
7039, none, biomeswevegone:windswept_desert, AMBIENT, goblins_tyranny:copper_cave_goblin, 1, 1, 1
7040, none, biomeswevegone:windswept_desert, AMBIENT, goblins_tyranny:gold_cave_goblin, 1, 1, 1
7041, none, biomeswevegone:windswept_desert, AMBIENT, goblins_tyranny:iron_cave_goblin, 1, 1, 1
7042, none, biomeswevegone:windswept_desert, UNDERGROUND_WATER_CREATURE, minecraft:glow_squid, 10, 4, 6
7043, none, biomeswevegone:windswept_desert, WATER_AMBIENT, alexsmobs:devils_hole_pupfish, 5, 5, 12
7044, none, biomeswevegone:windswept_desert, WATER_AMBIENT, alexsmobs:triops, 5, 2, 6
7045, none, minecraft:windswept_forest, MONSTER, minecraft:spider, 10, 4, 4
7046, none, minecraft:windswept_forest, MONSTER, minecraft:zombie, 10, 4, 4
7047, none, minecraft:windswept_forest, MONSTER, minecraft:zombie_villager, 5, 1, 1
7048, none, minecraft:windswept_forest, MONSTER, minecraft:skeleton, 10, 4, 4
7049, none, minecraft:windswept_forest, MONSTER, minecraft:creeper, 10, 4, 4
7050, none, minecraft:windswept_forest, MONSTER, minecraft:slime, 10, 4, 4
7051, none, minecraft:windswept_forest, MONSTER, minecraft:enderman, 10, 1, 4
7052, none, minecraft:windswept_forest, MONSTER, minecraft:witch, 5, 1, 1
7053, none, minecraft:windswept_forest, MONSTER, alexsmobs:centipede_head, 5, 1, 1
7054, none, minecraft:windswept_forest, MONSTER, alexsmobs:farseer, 5, 1, 1
7055, none, minecraft:windswept_forest, MONSTER, alexsmobs:murmur, 5, 1, 1
7056, none, minecraft:windswept_forest, MONSTER, realmrpg_demons:chort, 1, 1, 3
7057, none, minecraft:windswept_forest, MONSTER, realmrpg_demons:demon, 8, 1, 3
7058, none, minecraft:windswept_forest, MONSTER, realmrpg_demons:demon_lord, 2, 1, 1
7059, none, minecraft:windswept_forest, MONSTER, mythicmobs:chupacabra, 5, 1, 1
7060, none, minecraft:windswept_forest, MONSTER, the_awakening_of_the_elder_souls:golden_creeper, 1, 1, 1
7061, none, minecraft:windswept_forest, MONSTER, the_awakening_of_the_elder_souls:golden_witch, 1, 1, 1
7062, none, minecraft:windswept_forest, MONSTER, the_awakening_of_the_elder_souls:golden_zombie, 1, 1, 1
7063, none, minecraft:windswept_forest, MONSTER, iceandfire:troll, 10, 1, 3
7064, none, minecraft:windswept_forest, MONSTER, realmrpg_demons:imp, 10, 1, 3
7065, none, minecraft:windswept_forest, MONSTER, realmrpg_demons:imp_guard, 8, 1, 3
7066, none, minecraft:windswept_forest, MONSTER, mowziesmobs:grottol, 2, 1, 1
7067, none, minecraft:windswept_forest, MONSTER, irons_spellbooks:necromancer, 1, 1, 1
7068, none, minecraft:windswept_forest, MONSTER, eidolon:wraith, 1, 1, 3
7069, none, minecraft:windswept_forest, MONSTER, eidolon:zombie_brute, 1, 1, 3
7070, none, minecraft:windswept_forest, CREATURE, minecraft:sheep, 10, 4, 4
7071, none, minecraft:windswept_forest, CREATURE, minecraft:pig, 10, 4, 4
7072, none, minecraft:windswept_forest, CREATURE, minecraft:chicken, 10, 4, 4
7073, none, minecraft:windswept_forest, CREATURE, minecraft:cow, 8, 4, 4
7074, none, minecraft:windswept_forest, CREATURE, minecraft:llama, 5, 4, 6
7075, none, minecraft:windswept_forest, CREATURE, valoria:goblin, 10, 1, 2
7076, none, minecraft:windswept_forest, CREATURE, alexsmobs:bald_eagle, 5, 2, 4
7077, none, minecraft:windswept_forest, CREATURE, mythicmobs:drake, 5, 1, 4
7078, none, minecraft:windswept_forest, CREATURE, mythicmobs:kobold, 5, 3, 6
7079, none, minecraft:windswept_forest, CREATURE, mythicmobs:kobold_warrior, 5, 1, 3
7080, none, minecraft:windswept_forest, CREATURE, mythicmobs:mushroom_thing, 5, 3, 5
7081, none, minecraft:windswept_forest, CREATURE, iceandfire:hippogryph, 1, 1, 1
7082, none, minecraft:windswept_forest, CREATURE, goblins_tyranny:wanderer_goblin, 1, 1, 1
7083, none, minecraft:windswept_forest, AMBIENT, minecraft:bat, 10, 8, 8
7084, none, minecraft:windswept_forest, AMBIENT, alexsmobs:fly, 5, 2, 3
7085, none, minecraft:windswept_forest, AMBIENT, alexsmobs:cockroach, 5, 5, 5
7086, none, minecraft:windswept_forest, AMBIENT, goblins_tyranny:coal_cave_goblin, 1, 1, 1
7087, none, minecraft:windswept_forest, AMBIENT, goblins_tyranny:copper_cave_goblin, 1, 1, 1
7088, none, minecraft:windswept_forest, AMBIENT, goblins_tyranny:gold_cave_goblin, 1, 1, 1
7089, none, minecraft:windswept_forest, AMBIENT, goblins_tyranny:iron_cave_goblin, 1, 1, 1
7090, none, minecraft:windswept_forest, UNDERGROUND_WATER_CREATURE, minecraft:glow_squid, 10, 4, 6
7091, none, minecraft:windswept_forest, WATER_AMBIENT, alexsmobs:devils_hole_pupfish, 5, 5, 12
7092, none, minecraft:windswept_gravelly_hills, MONSTER, minecraft:spider, 10, 4, 4
7093, none, minecraft:windswept_gravelly_hills, MONSTER, minecraft:zombie, 10, 4, 4
7094, none, minecraft:windswept_gravelly_hills, MONSTER, minecraft:zombie_villager, 5, 1, 1
7095, none, minecraft:windswept_gravelly_hills, MONSTER, minecraft:skeleton, 10, 4, 4
7096, none, minecraft:windswept_gravelly_hills, MONSTER, minecraft:creeper, 10, 4, 4
7097, none, minecraft:windswept_gravelly_hills, MONSTER, minecraft:slime, 10, 4, 4
7098, none, minecraft:windswept_gravelly_hills, MONSTER, minecraft:enderman, 10, 1, 4
7099, none, minecraft:windswept_gravelly_hills, MONSTER, minecraft:witch, 5, 1, 1
7100, none, minecraft:windswept_gravelly_hills, MONSTER, alexsmobs:centipede_head, 5, 1, 1
7101, none, minecraft:windswept_gravelly_hills, MONSTER, alexsmobs:farseer, 5, 1, 1
7102, none, minecraft:windswept_gravelly_hills, MONSTER, alexsmobs:murmur, 5, 1, 1
7103, none, minecraft:windswept_gravelly_hills, MONSTER, realmrpg_demons:chort, 1, 1, 3
7104, none, minecraft:windswept_gravelly_hills, MONSTER, realmrpg_demons:demon, 8, 1, 3
7105, none, minecraft:windswept_gravelly_hills, MONSTER, realmrpg_demons:demon_lord, 2, 1, 1
7106, none, minecraft:windswept_gravelly_hills, MONSTER, mythicmobs:chupacabra, 5, 1, 1
7107, none, minecraft:windswept_gravelly_hills, MONSTER, the_awakening_of_the_elder_souls:golden_creeper, 1, 1, 1
7108, none, minecraft:windswept_gravelly_hills, MONSTER, the_awakening_of_the_elder_souls:golden_witch, 1, 1, 1
7109, none, minecraft:windswept_gravelly_hills, MONSTER, the_awakening_of_the_elder_souls:golden_zombie, 1, 1, 1
7110, none, minecraft:windswept_gravelly_hills, MONSTER, iceandfire:troll, 10, 1, 3
7111, none, minecraft:windswept_gravelly_hills, MONSTER, realmrpg_demons:imp, 10, 1, 3
7112, none, minecraft:windswept_gravelly_hills, MONSTER, realmrpg_demons:imp_guard, 8, 1, 3
7113, none, minecraft:windswept_gravelly_hills, MONSTER, mowziesmobs:grottol, 2, 1, 1
7114, none, minecraft:windswept_gravelly_hills, MONSTER, irons_spellbooks:necromancer, 1, 1, 1
7115, none, minecraft:windswept_gravelly_hills, MONSTER, eidolon:wraith, 1, 1, 3
7116, none, minecraft:windswept_gravelly_hills, MONSTER, eidolon:zombie_brute, 1, 1, 3
7117, none, minecraft:windswept_gravelly_hills, CREATURE, minecraft:sheep, 10, 4, 4
7118, none, minecraft:windswept_gravelly_hills, CREATURE, minecraft:pig, 10, 4, 4
7119, none, minecraft:windswept_gravelly_hills, CREATURE, minecraft:chicken, 10, 4, 4
7120, none, minecraft:windswept_gravelly_hills, CREATURE, minecraft:cow, 8, 4, 4
7121, none, minecraft:windswept_gravelly_hills, CREATURE, minecraft:llama, 5, 4, 6
7122, none, minecraft:windswept_gravelly_hills, CREATURE, valoria:goblin, 10, 1, 2
7123, none, minecraft:windswept_gravelly_hills, CREATURE, mythicmobs:drake, 5, 1, 4
7124, none, minecraft:windswept_gravelly_hills, CREATURE, mythicmobs:kobold, 5, 3, 6
7125, none, minecraft:windswept_gravelly_hills, CREATURE, mythicmobs:kobold_warrior, 5, 1, 3
7126, none, minecraft:windswept_gravelly_hills, CREATURE, mythicmobs:mushroom_thing, 5, 3, 5
7127, none, minecraft:windswept_gravelly_hills, CREATURE, iceandfire:hippogryph, 1, 1, 1
7128, none, minecraft:windswept_gravelly_hills, CREATURE, goblins_tyranny:wanderer_goblin, 1, 1, 1
7129, none, minecraft:windswept_gravelly_hills, AMBIENT, minecraft:bat, 10, 8, 8
7130, none, minecraft:windswept_gravelly_hills, AMBIENT, alexsmobs:fly, 5, 2, 3
7131, none, minecraft:windswept_gravelly_hills, AMBIENT, alexsmobs:cockroach, 5, 5, 5
7132, none, minecraft:windswept_gravelly_hills, AMBIENT, goblins_tyranny:coal_cave_goblin, 1, 1, 1
7133, none, minecraft:windswept_gravelly_hills, AMBIENT, goblins_tyranny:copper_cave_goblin, 1, 1, 1
7134, none, minecraft:windswept_gravelly_hills, AMBIENT, goblins_tyranny:gold_cave_goblin, 1, 1, 1
7135, none, minecraft:windswept_gravelly_hills, AMBIENT, goblins_tyranny:iron_cave_goblin, 1, 1, 1
7136, none, minecraft:windswept_gravelly_hills, UNDERGROUND_WATER_CREATURE, minecraft:glow_squid, 10, 4, 6
7137, none, minecraft:windswept_gravelly_hills, WATER_AMBIENT, alexsmobs:devils_hole_pupfish, 5, 5, 12
7138, none, minecraft:windswept_hills, MONSTER, minecraft:spider, 10, 4, 4
7139, none, minecraft:windswept_hills, MONSTER, minecraft:zombie, 10, 4, 4
7140, none, minecraft:windswept_hills, MONSTER, minecraft:zombie_villager, 5, 1, 1
7141, none, minecraft:windswept_hills, MONSTER, minecraft:skeleton, 10, 4, 4
7142, none, minecraft:windswept_hills, MONSTER, minecraft:creeper, 10, 4, 4
7143, none, minecraft:windswept_hills, MONSTER, minecraft:slime, 10, 4, 4
7144, none, minecraft:windswept_hills, MONSTER, minecraft:enderman, 10, 1, 4
7145, none, minecraft:windswept_hills, MONSTER, minecraft:witch, 5, 1, 1
7146, none, minecraft:windswept_hills, MONSTER, alexsmobs:centipede_head, 5, 1, 1
7147, none, minecraft:windswept_hills, MONSTER, alexsmobs:farseer, 5, 1, 1
7148, none, minecraft:windswept_hills, MONSTER, alexsmobs:murmur, 5, 1, 1
7149, none, minecraft:windswept_hills, MONSTER, realmrpg_demons:chort, 1, 1, 3
7150, none, minecraft:windswept_hills, MONSTER, realmrpg_demons:demon, 8, 1, 3
7151, none, minecraft:windswept_hills, MONSTER, realmrpg_demons:demon_lord, 2, 1, 1
7152, none, minecraft:windswept_hills, MONSTER, mythicmobs:chupacabra, 5, 1, 1
7153, none, minecraft:windswept_hills, MONSTER, the_awakening_of_the_elder_souls:golden_creeper, 1, 1, 1
7154, none, minecraft:windswept_hills, MONSTER, the_awakening_of_the_elder_souls:golden_witch, 1, 1, 1
7155, none, minecraft:windswept_hills, MONSTER, the_awakening_of_the_elder_souls:golden_zombie, 1, 1, 1
7156, none, minecraft:windswept_hills, MONSTER, iceandfire:troll, 10, 1, 3
7157, none, minecraft:windswept_hills, MONSTER, realmrpg_demons:imp, 10, 1, 3
7158, none, minecraft:windswept_hills, MONSTER, realmrpg_demons:imp_guard, 8, 1, 3
7159, none, minecraft:windswept_hills, MONSTER, mowziesmobs:grottol, 2, 1, 1
7160, none, minecraft:windswept_hills, MONSTER, irons_spellbooks:necromancer, 1, 1, 1
7161, none, minecraft:windswept_hills, MONSTER, eidolon:wraith, 1, 1, 3
7162, none, minecraft:windswept_hills, MONSTER, eidolon:zombie_brute, 1, 1, 3
7163, none, minecraft:windswept_hills, CREATURE, minecraft:sheep, 10, 4, 4
7164, none, minecraft:windswept_hills, CREATURE, minecraft:pig, 10, 4, 4
7165, none, minecraft:windswept_hills, CREATURE, minecraft:chicken, 10, 4, 4
7166, none, minecraft:windswept_hills, CREATURE, minecraft:cow, 8, 4, 4
7167, none, minecraft:windswept_hills, CREATURE, minecraft:llama, 5, 4, 6
7168, none, minecraft:windswept_hills, CREATURE, valoria:goblin, 10, 1, 2
7169, none, minecraft:windswept_hills, CREATURE, mythicmobs:drake, 5, 1, 4
7170, none, minecraft:windswept_hills, CREATURE, mythicmobs:kobold, 5, 3, 6
7171, none, minecraft:windswept_hills, CREATURE, mythicmobs:kobold_warrior, 5, 1, 3
7172, none, minecraft:windswept_hills, CREATURE, mythicmobs:mushroom_thing, 5, 3, 5
7173, none, minecraft:windswept_hills, CREATURE, iceandfire:hippogryph, 1, 1, 1
7174, none, minecraft:windswept_hills, CREATURE, goblins_tyranny:wanderer_goblin, 1, 1, 1
7175, none, minecraft:windswept_hills, AMBIENT, minecraft:bat, 10, 8, 8
7176, none, minecraft:windswept_hills, AMBIENT, alexsmobs:fly, 5, 2, 3
7177, none, minecraft:windswept_hills, AMBIENT, alexsmobs:cockroach, 5, 5, 5
7178, none, minecraft:windswept_hills, AMBIENT, goblins_tyranny:coal_cave_goblin, 1, 1, 1
7179, none, minecraft:windswept_hills, AMBIENT, goblins_tyranny:copper_cave_goblin, 1, 1, 1
7180, none, minecraft:windswept_hills, AMBIENT, goblins_tyranny:gold_cave_goblin, 1, 1, 1
7181, none, minecraft:windswept_hills, AMBIENT, goblins_tyranny:iron_cave_goblin, 1, 1, 1
7182, none, minecraft:windswept_hills, UNDERGROUND_WATER_CREATURE, minecraft:glow_squid, 10, 4, 6
7183, none, minecraft:windswept_hills, WATER_AMBIENT, alexsmobs:devils_hole_pupfish, 5, 5, 12
7184, savanna, minecraft:windswept_savanna, MONSTER, minecraft:spider, 10, 4, 4
7185, savanna, minecraft:windswept_savanna, MONSTER, minecraft:zombie, 10, 4, 4
7186, savanna, minecraft:windswept_savanna, MONSTER, minecraft:zombie_villager, 5, 1, 1
7187, savanna, minecraft:windswept_savanna, MONSTER, minecraft:skeleton, 10, 4, 4
7188, savanna, minecraft:windswept_savanna, MONSTER, minecraft:creeper, 10, 4, 4
7189, savanna, minecraft:windswept_savanna, MONSTER, minecraft:slime, 10, 4, 4
7190, savanna, minecraft:windswept_savanna, MONSTER, minecraft:enderman, 10, 1, 4
7191, savanna, minecraft:windswept_savanna, MONSTER, minecraft:witch, 5, 1, 1
7192, savanna, minecraft:windswept_savanna, MONSTER, alexsmobs:centipede_head, 5, 1, 1
7193, savanna, minecraft:windswept_savanna, MONSTER, alexsmobs:farseer, 5, 1, 1
7194, savanna, minecraft:windswept_savanna, MONSTER, alexsmobs:murmur, 5, 1, 1
7195, savanna, minecraft:windswept_savanna, MONSTER, realmrpg_demons:chort, 1, 1, 3
7196, savanna, minecraft:windswept_savanna, MONSTER, realmrpg_demons:demon, 8, 1, 3
7197, savanna, minecraft:windswept_savanna, MONSTER, realmrpg_demons:demon_lord, 2, 1, 1
7198, savanna, minecraft:windswept_savanna, MONSTER, mythicmobs:chupacabra, 5, 1, 1
7199, savanna, minecraft:windswept_savanna, MONSTER, the_awakening_of_the_elder_souls:golden_creeper, 1, 1, 1
7200, savanna, minecraft:windswept_savanna, MONSTER, the_awakening_of_the_elder_souls:golden_witch, 1, 1, 1
7201, savanna, minecraft:windswept_savanna, MONSTER, the_awakening_of_the_elder_souls:golden_zombie, 1, 1, 1
7202, savanna, minecraft:windswept_savanna, MONSTER, realmrpg_demons:imp, 10, 1, 3
7203, savanna, minecraft:windswept_savanna, MONSTER, realmrpg_demons:imp_guard, 8, 1, 3
7204, savanna, minecraft:windswept_savanna, MONSTER, mowziesmobs:umvuthana_raptor, 5, 1, 1
7205, savanna, minecraft:windswept_savanna, MONSTER, mowziesmobs:grottol, 2, 1, 1
7206, savanna, minecraft:windswept_savanna, MONSTER, irons_spellbooks:necromancer, 1, 1, 1
7207, savanna, minecraft:windswept_savanna, MONSTER, eidolon:wraith, 1, 1, 3
7208, savanna, minecraft:windswept_savanna, MONSTER, eidolon:zombie_brute, 1, 1, 3
7209, savanna, minecraft:windswept_savanna, CREATURE, minecraft:sheep, 10, 4, 4
7210, savanna, minecraft:windswept_savanna, CREATURE, minecraft:pig, 10, 4, 4
7211, savanna, minecraft:windswept_savanna, CREATURE, minecraft:chicken, 10, 4, 4
7212, savanna, minecraft:windswept_savanna, CREATURE, minecraft:cow, 8, 4, 4
7213, savanna, minecraft:windswept_savanna, CREATURE, minecraft:horse, 1, 2, 6
7214, savanna, minecraft:windswept_savanna, CREATURE, minecraft:donkey, 1, 1, 1
7215, savanna, minecraft:windswept_savanna, CREATURE, valoria:goblin, 10, 1, 2
7216, savanna, minecraft:windswept_savanna, CREATURE, alexsmobs:gazelle, 5, 7, 7
7217, savanna, minecraft:windswept_savanna, CREATURE, alexsmobs:elephant, 5, 3, 5
7218, savanna, minecraft:windswept_savanna, CREATURE, alexsmobs:emu, 5, 2, 5
7219, savanna, minecraft:windswept_savanna, CREATURE, alexsmobs:kangaroo, 5, 3, 5
7220, savanna, minecraft:windswept_savanna, CREATURE, alexsmobs:maned_wolf, 5, 1, 1
7221, savanna, minecraft:windswept_savanna, CREATURE, alexsmobs:rhinoceros, 5, 3, 5
7222, savanna, minecraft:windswept_savanna, CREATURE, mythicmobs:drake, 5, 1, 4
7223, savanna, minecraft:windswept_savanna, CREATURE, mythicmobs:kobold, 5, 3, 6
7224, savanna, minecraft:windswept_savanna, CREATURE, mythicmobs:kobold_warrior, 5, 1, 3
7225, savanna, minecraft:windswept_savanna, CREATURE, mythicmobs:mushroom_thing, 5, 3, 5
7226, savanna, minecraft:windswept_savanna, CREATURE, iceandfire:cockatrice, 10, 1, 2
7227, savanna, minecraft:windswept_savanna, CREATURE, goblins_tyranny:wanderer_goblin, 1, 1, 1
7228, savanna, minecraft:windswept_savanna, AMBIENT, minecraft:bat, 10, 8, 8
7229, savanna, minecraft:windswept_savanna, AMBIENT, alexsmobs:fly, 5, 2, 3
7230, savanna, minecraft:windswept_savanna, AMBIENT, alexsmobs:cockroach, 5, 5, 5
7231, savanna, minecraft:windswept_savanna, AMBIENT, goblins_tyranny:coal_cave_goblin, 1, 1, 1
7232, savanna, minecraft:windswept_savanna, AMBIENT, goblins_tyranny:copper_cave_goblin, 1, 1, 1
7233, savanna, minecraft:windswept_savanna, AMBIENT, goblins_tyranny:gold_cave_goblin, 1, 1, 1
7234, savanna, minecraft:windswept_savanna, AMBIENT, goblins_tyranny:iron_cave_goblin, 1, 1, 1
7235, savanna, minecraft:windswept_savanna, UNDERGROUND_WATER_CREATURE, minecraft:glow_squid, 10, 4, 6
7236, savanna, minecraft:windswept_savanna, WATER_AMBIENT, alexsmobs:devils_hole_pupfish, 5, 5, 12
7237, badlands, minecraft:wooded_badlands, MONSTER, minecraft:spider, 10, 4, 4
7238, badlands, minecraft:wooded_badlands, MONSTER, minecraft:zombie, 10, 4, 4
7239, badlands, minecraft:wooded_badlands, MONSTER, minecraft:zombie_villager, 5, 1, 1
7240, badlands, minecraft:wooded_badlands, MONSTER, minecraft:skeleton, 10, 4, 4
7241, badlands, minecraft:wooded_badlands, MONSTER, minecraft:creeper, 10, 4, 4
7242, badlands, minecraft:wooded_badlands, MONSTER, minecraft:slime, 10, 4, 4
7243, badlands, minecraft:wooded_badlands, MONSTER, minecraft:enderman, 10, 1, 4
7244, badlands, minecraft:wooded_badlands, MONSTER, minecraft:witch, 5, 1, 1
7245, badlands, minecraft:wooded_badlands, MONSTER, alexsmobs:centipede_head, 5, 1, 1
7246, badlands, minecraft:wooded_badlands, MONSTER, alexsmobs:farseer, 5, 1, 1
7247, badlands, minecraft:wooded_badlands, MONSTER, alexsmobs:murmur, 5, 1, 1
7248, badlands, minecraft:wooded_badlands, MONSTER, realmrpg_demons:chort, 1, 1, 3
7249, badlands, minecraft:wooded_badlands, MONSTER, realmrpg_demons:demon, 8, 1, 3
7250, badlands, minecraft:wooded_badlands, MONSTER, realmrpg_demons:demon_lord, 2, 1, 1
7251, badlands, minecraft:wooded_badlands, MONSTER, mythicmobs:chupacabra, 5, 1, 1
7252, badlands, minecraft:wooded_badlands, MONSTER, the_awakening_of_the_elder_souls:golden_creeper, 1, 1, 1
7253, badlands, minecraft:wooded_badlands, MONSTER, the_awakening_of_the_elder_souls:golden_witch, 1, 1, 1
7254, badlands, minecraft:wooded_badlands, MONSTER, the_awakening_of_the_elder_souls:golden_zombie, 1, 1, 1
7255, badlands, minecraft:wooded_badlands, MONSTER, iceandfire:troll, 10, 1, 3
7256, badlands, minecraft:wooded_badlands, MONSTER, realmrpg_demons:imp, 10, 1, 3
7257, badlands, minecraft:wooded_badlands, MONSTER, realmrpg_demons:imp_guard, 8, 1, 3
7258, badlands, minecraft:wooded_badlands, MONSTER, mowziesmobs:grottol, 2, 1, 1
7259, badlands, minecraft:wooded_badlands, MONSTER, irons_spellbooks:necromancer, 1, 1, 1
7260, badlands, minecraft:wooded_badlands, MONSTER, eidolon:wraith, 1, 1, 3
7261, badlands, minecraft:wooded_badlands, MONSTER, eidolon:zombie_brute, 1, 1, 3
7262, badlands, minecraft:wooded_badlands, CREATURE, valoria:goblin, 10, 1, 2
7263, badlands, minecraft:wooded_badlands, CREATURE, alexsmobs:roadrunner, 5, 2, 2
7264, badlands, minecraft:wooded_badlands, CREATURE, alexsmobs:rattlesnake, 5, 1, 2
7265, badlands, minecraft:wooded_badlands, CREATURE, alexsmobs:emu, 5, 2, 5
7266, badlands, minecraft:wooded_badlands, CREATURE, alexsmobs:kangaroo, 5, 3, 5
7267, badlands, minecraft:wooded_badlands, CREATURE, mythicmobs:drake, 5, 1, 4
7268, badlands, minecraft:wooded_badlands, CREATURE, mythicmobs:kobold, 5, 3, 6
7269, badlands, minecraft:wooded_badlands, CREATURE, mythicmobs:kobold_warrior, 5, 1, 3
7270, badlands, minecraft:wooded_badlands, CREATURE, mythicmobs:mushroom_thing, 5, 3, 5
7271, badlands, minecraft:wooded_badlands, CREATURE, iceandfire:hippogryph, 1, 1, 1
7272, badlands, minecraft:wooded_badlands, CREATURE, goblins_tyranny:wanderer_goblin, 1, 1, 1
7273, badlands, minecraft:wooded_badlands, AMBIENT, minecraft:bat, 10, 8, 8
7274, badlands, minecraft:wooded_badlands, AMBIENT, alexsmobs:fly, 5, 2, 3
7275, badlands, minecraft:wooded_badlands, AMBIENT, alexsmobs:cockroach, 5, 5, 5
7276, badlands, minecraft:wooded_badlands, AMBIENT, goblins_tyranny:coal_cave_goblin, 1, 1, 1
7277, badlands, minecraft:wooded_badlands, AMBIENT, goblins_tyranny:copper_cave_goblin, 1, 1, 1
7278, badlands, minecraft:wooded_badlands, AMBIENT, goblins_tyranny:gold_cave_goblin, 1, 1, 1
7279, badlands, minecraft:wooded_badlands, AMBIENT, goblins_tyranny:iron_cave_goblin, 1, 1, 1
7280, badlands, minecraft:wooded_badlands, UNDERGROUND_WATER_CREATURE, minecraft:glow_squid, 10, 4, 6
7281, badlands, minecraft:wooded_badlands, WATER_AMBIENT, alexsmobs:devils_hole_pupfish, 5, 5, 12
7282, none, ancient_aether:wyndcap_highland, MONSTER, alexsmobs:farseer, 5, 1, 1
7283, none, ancient_aether:wyndcap_highland, MONSTER, realmrpg_demons:chort, 1, 1, 3
7284, none, ancient_aether:wyndcap_highland, MONSTER, realmrpg_demons:demon, 8, 1, 3
7285, none, ancient_aether:wyndcap_highland, MONSTER, realmrpg_demons:demon_lord, 2, 1, 1
7286, none, ancient_aether:wyndcap_highland, MONSTER, the_awakening_of_the_elder_souls:golden_creeper, 1, 1, 1
7287, none, ancient_aether:wyndcap_highland, MONSTER, the_awakening_of_the_elder_souls:golden_witch, 1, 1, 1
7288, none, ancient_aether:wyndcap_highland, MONSTER, the_awakening_of_the_elder_souls:golden_zombie, 1, 1, 1
7289, none, ancient_aether:wyndcap_highland, MONSTER, realmrpg_demons:imp, 10, 1, 3
7290, none, ancient_aether:wyndcap_highland, MONSTER, realmrpg_demons:imp_guard, 8, 1, 3
7291, none, ancient_aether:wyndcap_highland, MONSTER, mowziesmobs:grottol, 2, 1, 1
7292, none, ancient_aether:wyndcap_highland, CREATURE, aether:phyg, 10, 3, 4
7293, none, ancient_aether:wyndcap_highland, CREATURE, aether:sheepuff, 10, 3, 4
7294, none, ancient_aether:wyndcap_highland, CREATURE, aether:flying_cow, 10, 2, 5
7295, none, ancient_aether:wyndcap_highland, CREATURE, aether:aerbunny, 10, 3, 3
7296, none, ancient_aether:wyndcap_highland, CREATURE, aether:moa, 8, 1, 3
7297, none, ancient_aether:wyndcap_highland, CREATURE, ancient_aether:fluffalo, 10, 2, 5
7298, none, ancient_aether:wyndcap_highland, CREATURE, goblins_tyranny:wanderer_goblin, 1, 1, 1
7299, none, ancient_aether:wyndcap_highland, AMBIENT, goblins_tyranny:coal_cave_goblin, 1, 1, 1
7300, none, ancient_aether:wyndcap_highland, AMBIENT, goblins_tyranny:copper_cave_goblin, 1, 1, 1
7301, none, ancient_aether:wyndcap_highland, AMBIENT, goblins_tyranny:gold_cave_goblin, 1, 1, 1
7302, none, ancient_aether:wyndcap_highland, AMBIENT, goblins_tyranny:iron_cave_goblin, 1, 1, 1
7303, none, ancient_aether:wyndcap_highland, AETHER_SURFACE_MONSTER, aether:aechor_plant, 7, 1, 1
7304, none, ancient_aether:wyndcap_highland, AETHER_SURFACE_MONSTER, aether:blue_swet, 6, 1, 1
7305, none, ancient_aether:wyndcap_highland, AETHER_SURFACE_MONSTER, aether:golden_swet, 6, 1, 1
7306, none, ancient_aether:wyndcap_highland, AETHER_SURFACE_MONSTER, aether:whirlwind, 3, 1, 1
7307, none, ancient_aether:wyndcap_highland, AETHER_SURFACE_MONSTER, aether:evil_whirlwind, 1, 1, 1
7308, none, ancient_aether:wyndcap_highland, AETHER_DARKNESS_MONSTER, aether:cockatrice, 10, 1, 3
7309, none, ancient_aether:wyndcap_highland, AETHER_SKY_MONSTER, aether:zephyr, 10, 1, 1
7310, none, ancient_aether:wyndcap_highland, AETHER_AERWHALE, aether:aerwhale, 10, 1, 1
7311, none, ancient_aether:wyndcap_peaks, MONSTER, alexsmobs:farseer, 5, 1, 1
7312, none, ancient_aether:wyndcap_peaks, MONSTER, realmrpg_demons:chort, 1, 1, 3
7313, none, ancient_aether:wyndcap_peaks, MONSTER, realmrpg_demons:demon, 8, 1, 3
7314, none, ancient_aether:wyndcap_peaks, MONSTER, realmrpg_demons:demon_lord, 2, 1, 1
7315, none, ancient_aether:wyndcap_peaks, MONSTER, the_awakening_of_the_elder_souls:golden_creeper, 1, 1, 1
7316, none, ancient_aether:wyndcap_peaks, MONSTER, the_awakening_of_the_elder_souls:golden_witch, 1, 1, 1
7317, none, ancient_aether:wyndcap_peaks, MONSTER, the_awakening_of_the_elder_souls:golden_zombie, 1, 1, 1
7318, none, ancient_aether:wyndcap_peaks, MONSTER, realmrpg_demons:imp, 10, 1, 3
7319, none, ancient_aether:wyndcap_peaks, MONSTER, realmrpg_demons:imp_guard, 8, 1, 3
7320, none, ancient_aether:wyndcap_peaks, MONSTER, mowziesmobs:grottol, 2, 1, 1
7321, none, ancient_aether:wyndcap_peaks, CREATURE, ancient_aether:fluffalo, 10, 2, 5
7322, none, ancient_aether:wyndcap_peaks, CREATURE, goblins_tyranny:wanderer_goblin, 1, 1, 1
7323, none, ancient_aether:wyndcap_peaks, AMBIENT, goblins_tyranny:coal_cave_goblin, 1, 1, 1
7324, none, ancient_aether:wyndcap_peaks, AMBIENT, goblins_tyranny:copper_cave_goblin, 1, 1, 1
7325, none, ancient_aether:wyndcap_peaks, AMBIENT, goblins_tyranny:gold_cave_goblin, 1, 1, 1
7326, none, ancient_aether:wyndcap_peaks, AMBIENT, goblins_tyranny:iron_cave_goblin, 1, 1, 1
7327, none, ancient_aether:wyndcap_peaks, AETHER_SURFACE_MONSTER, aether:aechor_plant, 7, 1, 1
7328, none, ancient_aether:wyndcap_peaks, AETHER_SURFACE_MONSTER, aether:blue_swet, 6, 1, 1
7329, none, ancient_aether:wyndcap_peaks, AETHER_SURFACE_MONSTER, aether:golden_swet, 6, 1, 1
7330, none, ancient_aether:wyndcap_peaks, AETHER_SURFACE_MONSTER, aether:whirlwind, 3, 1, 1
7331, none, ancient_aether:wyndcap_peaks, AETHER_SURFACE_MONSTER, aether:evil_whirlwind, 1, 1, 1
7332, none, ancient_aether:wyndcap_peaks, AETHER_DARKNESS_MONSTER, aether:cockatrice, 10, 1, 3
7333, none, ancient_aether:wyndcap_peaks, AETHER_SKY_MONSTER, aether:zephyr, 10, 1, 1
7334, none, ancient_aether:wyndcap_peaks, AETHER_AERWHALE, aether:aerwhale, 10, 1, 1
7335, none, ancient_aether:wyndcap_taiga, MONSTER, alexsmobs:farseer, 5, 1, 1
7336, none, ancient_aether:wyndcap_taiga, MONSTER, realmrpg_demons:chort, 1, 1, 3
7337, none, ancient_aether:wyndcap_taiga, MONSTER, realmrpg_demons:demon, 8, 1, 3
7338, none, ancient_aether:wyndcap_taiga, MONSTER, realmrpg_demons:demon_lord, 2, 1, 1
7339, none, ancient_aether:wyndcap_taiga, MONSTER, the_awakening_of_the_elder_souls:golden_creeper, 1, 1, 1
7340, none, ancient_aether:wyndcap_taiga, MONSTER, the_awakening_of_the_elder_souls:golden_witch, 1, 1, 1
7341, none, ancient_aether:wyndcap_taiga, MONSTER, the_awakening_of_the_elder_souls:golden_zombie, 1, 1, 1
7342, none, ancient_aether:wyndcap_taiga, MONSTER, realmrpg_demons:imp, 10, 1, 3
7343, none, ancient_aether:wyndcap_taiga, MONSTER, realmrpg_demons:imp_guard, 8, 1, 3
7344, none, ancient_aether:wyndcap_taiga, MONSTER, mowziesmobs:grottol, 2, 1, 1
7345, none, ancient_aether:wyndcap_taiga, CREATURE, aether:phyg, 10, 3, 4
7346, none, ancient_aether:wyndcap_taiga, CREATURE, aether:sheepuff, 10, 3, 4
7347, none, ancient_aether:wyndcap_taiga, CREATURE, aether:flying_cow, 10, 2, 5
7348, none, ancient_aether:wyndcap_taiga, CREATURE, aether:aerbunny, 10, 3, 3
7349, none, ancient_aether:wyndcap_taiga, CREATURE, aether:moa, 8, 1, 3
7350, none, ancient_aether:wyndcap_taiga, CREATURE, ancient_aether:fluffalo, 10, 2, 5
7351, none, ancient_aether:wyndcap_taiga, CREATURE, goblins_tyranny:wanderer_goblin, 1, 1, 1
7352, none, ancient_aether:wyndcap_taiga, AMBIENT, goblins_tyranny:coal_cave_goblin, 1, 1, 1
7353, none, ancient_aether:wyndcap_taiga, AMBIENT, goblins_tyranny:copper_cave_goblin, 1, 1, 1
7354, none, ancient_aether:wyndcap_taiga, AMBIENT, goblins_tyranny:gold_cave_goblin, 1, 1, 1
7355, none, ancient_aether:wyndcap_taiga, AMBIENT, goblins_tyranny:iron_cave_goblin, 1, 1, 1
7356, none, ancient_aether:wyndcap_taiga, AETHER_SURFACE_MONSTER, aether:aechor_plant, 7, 1, 1
7357, none, ancient_aether:wyndcap_taiga, AETHER_SURFACE_MONSTER, aether:blue_swet, 6, 1, 1
7358, none, ancient_aether:wyndcap_taiga, AETHER_SURFACE_MONSTER, aether:golden_swet, 6, 1, 1
7359, none, ancient_aether:wyndcap_taiga, AETHER_SURFACE_MONSTER, aether:whirlwind, 3, 1, 1
7360, none, ancient_aether:wyndcap_taiga, AETHER_SURFACE_MONSTER, aether:evil_whirlwind, 1, 1, 1
7361, none, ancient_aether:wyndcap_taiga, AETHER_DARKNESS_MONSTER, aether:cockatrice, 10, 1, 3
7362, none, ancient_aether:wyndcap_taiga, AETHER_SKY_MONSTER, aether:zephyr, 10, 1, 1
7363, none, ancient_aether:wyndcap_taiga, AETHER_AERWHALE, aether:aerwhale, 10, 1, 1
7364, forest, biomeswevegone:zelkova_forest, MONSTER, minecraft:spider, 10, 4, 4
7365, forest, biomeswevegone:zelkova_forest, MONSTER, minecraft:zombie, 10, 4, 4
7366, forest, biomeswevegone:zelkova_forest, MONSTER, minecraft:zombie_villager, 5, 1, 1
7367, forest, biomeswevegone:zelkova_forest, MONSTER, minecraft:skeleton, 10, 4, 4
7368, forest, biomeswevegone:zelkova_forest, MONSTER, minecraft:creeper, 10, 4, 4
7369, forest, biomeswevegone:zelkova_forest, MONSTER, minecraft:slime, 10, 4, 4
7370, forest, biomeswevegone:zelkova_forest, MONSTER, minecraft:enderman, 10, 1, 4
7371, forest, biomeswevegone:zelkova_forest, MONSTER, minecraft:witch, 5, 1, 1
7372, forest, biomeswevegone:zelkova_forest, MONSTER, alexsmobs:centipede_head, 5, 1, 1
7373, forest, biomeswevegone:zelkova_forest, MONSTER, alexsmobs:farseer, 5, 1, 1
7374, forest, biomeswevegone:zelkova_forest, MONSTER, alexsmobs:murmur, 5, 1, 1
7375, forest, biomeswevegone:zelkova_forest, MONSTER, realmrpg_demons:chort, 1, 1, 3
7376, forest, biomeswevegone:zelkova_forest, MONSTER, realmrpg_demons:demon, 8, 1, 3
7377, forest, biomeswevegone:zelkova_forest, MONSTER, realmrpg_demons:demon_lord, 2, 1, 1
7378, forest, biomeswevegone:zelkova_forest, MONSTER, the_awakening_of_the_elder_souls:golden_creeper, 1, 1, 1
7379, forest, biomeswevegone:zelkova_forest, MONSTER, the_awakening_of_the_elder_souls:golden_witch, 1, 1, 1
7380, forest, biomeswevegone:zelkova_forest, MONSTER, the_awakening_of_the_elder_souls:golden_zombie, 1, 1, 1
7381, forest, biomeswevegone:zelkova_forest, MONSTER, iceandfire:troll, 10, 1, 3
7382, forest, biomeswevegone:zelkova_forest, MONSTER, realmrpg_demons:imp, 10, 1, 3
7383, forest, biomeswevegone:zelkova_forest, MONSTER, realmrpg_demons:imp_guard, 8, 1, 3
7384, forest, biomeswevegone:zelkova_forest, MONSTER, mowziesmobs:grottol, 2, 1, 1
7385, forest, biomeswevegone:zelkova_forest, MONSTER, irons_spellbooks:necromancer, 1, 1, 1
7386, forest, biomeswevegone:zelkova_forest, MONSTER, eidolon:wraith, 1, 1, 3
7387, forest, biomeswevegone:zelkova_forest, MONSTER, eidolon:zombie_brute, 1, 1, 3
7388, forest, biomeswevegone:zelkova_forest, CREATURE, minecraft:sheep, 10, 4, 4
7389, forest, biomeswevegone:zelkova_forest, CREATURE, minecraft:pig, 10, 4, 4
7390, forest, biomeswevegone:zelkova_forest, CREATURE, minecraft:chicken, 10, 4, 4
7391, forest, biomeswevegone:zelkova_forest, CREATURE, minecraft:cow, 8, 4, 4
7392, forest, biomeswevegone:zelkova_forest, CREATURE, minecraft:wolf, 5, 4, 4
7393, forest, biomeswevegone:zelkova_forest, CREATURE, valoria:goblin, 10, 1, 2
7394, forest, biomeswevegone:zelkova_forest, CREATURE, alexsmobs:grizzly_bear, 5, 2, 3
7395, forest, biomeswevegone:zelkova_forest, CREATURE, alexsmobs:raccoon, 5, 2, 4
7396, forest, biomeswevegone:zelkova_forest, CREATURE, alexsmobs:crow, 5, 3, 5
7397, forest, biomeswevegone:zelkova_forest, CREATURE, alexsmobs:tasmanian_devil, 5, 1, 2
7398, forest, biomeswevegone:zelkova_forest, CREATURE, alexsmobs:skunk, 5, 1, 2
7399, forest, biomeswevegone:zelkova_forest, CREATURE, alexsmobs:blue_jay, 5, 2, 4
7400, forest, biomeswevegone:zelkova_forest, CREATURE, eidolon:raven, 1, 2, 4
7401, forest, biomeswevegone:zelkova_forest, CREATURE, eidolon:slimy_slug, 1, 2, 5
7402, forest, biomeswevegone:zelkova_forest, CREATURE, goblins_tyranny:wanderer_goblin, 1, 1, 1
7403, forest, biomeswevegone:zelkova_forest, AMBIENT, minecraft:bat, 10, 8, 8
7404, forest, biomeswevegone:zelkova_forest, AMBIENT, alexsmobs:fly, 5, 2, 3
7405, forest, biomeswevegone:zelkova_forest, AMBIENT, alexsmobs:cockroach, 5, 5, 5
7406, forest, biomeswevegone:zelkova_forest, AMBIENT, goblins_tyranny:coal_cave_goblin, 1, 1, 1
7407, forest, biomeswevegone:zelkova_forest, AMBIENT, goblins_tyranny:copper_cave_goblin, 1, 1, 1
7408, forest, biomeswevegone:zelkova_forest, AMBIENT, goblins_tyranny:gold_cave_goblin, 1, 1, 1
7409, forest, biomeswevegone:zelkova_forest, AMBIENT, goblins_tyranny:iron_cave_goblin, 1, 1, 1
7410, forest, biomeswevegone:zelkova_forest, WATER_AMBIENT, alexsmobs:devils_hole_pupfish, 5, 5, 12
